team,opponent,result,num_occurences
Fiorentina,Ascoli,1.0,1.0
Fiorentina,Ascoli,3.0,3.0
Fiorentina,Atalanta,0.0,6.0
Fiorentina,Atalanta,1.0,9.0
Fiorentina,Atalanta,3.0,15.0
Fiorentina,Bari,0.0,1.0
Fiorentina,Bari,1.0,1.0
Fiorentina,Bari,3.0,2.0
Fiorentina,Benevento,0.0,1.0
Fiorentina,Benevento,3.0,3.0
Fiorentina,Bologna,0.0,3.0
Fiorentina,Bologna,1.0,9.0
Fiorentina,Bologna,3.0,14.0
Fiorentina,Brescia,1.0,3.0
Fiorentina,Brescia,3.0,1.0
Fiorentina,Cagliari,0.0,8.0
Fiorentina,Cagliari,1.0,9.0
Fiorentina,Cagliari,3.0,15.0
Fiorentina,Carpi,3.0,2.0
Fiorentina,Catania,0.0,3.0
Fiorentina,Catania,1.0,2.0
Fiorentina,Catania,3.0,11.0
Fiorentina,Cesena,1.0,2.0
Fiorentina,Cesena,3.0,4.0
Fiorentina,Chievo,0.0,5.0
Fiorentina,Chievo,1.0,2.0
Fiorentina,Chievo,3.0,19.0
Fiorentina,Crotone,0.0,1.0
Fiorentina,Crotone,1.0,2.0
Fiorentina,Crotone,3.0,3.0
Fiorentina,Empoli,0.0,4.0
Fiorentina,Empoli,1.0,3.0
Fiorentina,Empoli,3.0,9.0
Fiorentina,Frosinone,0.0,1.0
Fiorentina,Frosinone,1.0,2.0
Fiorentina,Frosinone,3.0,1.0
Fiorentina,Genoa,0.0,3.0
Fiorentina,Genoa,1.0,15.0
Fiorentina,Genoa,3.0,12.0
Fiorentina,Inter,0.0,19.0
Fiorentina,Inter,1.0,8.0
Fiorentina,Inter,3.0,7.0
Fiorentina,Juventus,0.0,17.0
Fiorentina,Juventus,1.0,10.0
Fiorentina,Juventus,3.0,5.0
Fiorentina,Lazio,0.0,19.0
Fiorentina,Lazio,1.0,5.0
Fiorentina,Lazio,3.0,10.0
Fiorentina,Lecce,0.0,4.0
Fiorentina,Lecce,1.0,2.0
Fiorentina,Lecce,3.0,4.0
Fiorentina,Livorno,0.0,2.0
Fiorentina,Livorno,3.0,8.0
Fiorentina,Messina,1.0,2.0
Fiorentina,Messina,3.0,2.0
Fiorentina,Milan,0.0,16.0
Fiorentina,Milan,1.0,9.0
Fiorentina,Milan,3.0,9.0
Fiorentina,Napoli,0.0,15.0
Fiorentina,Napoli,1.0,8.0
Fiorentina,Napoli,3.0,7.0
Fiorentina,Novara,1.0,1.0
Fiorentina,Novara,3.0,1.0
Fiorentina,Palermo,0.0,8.0
Fiorentina,Palermo,1.0,3.0
Fiorentina,Palermo,3.0,11.0
Fiorentina,Parma,0.0,5.0
Fiorentina,Parma,1.0,9.0
Fiorentina,Parma,3.0,10.0
Fiorentina,Pescara,0.0,1.0
Fiorentina,Pescara,1.0,1.0
Fiorentina,Pescara,3.0,2.0
Fiorentina,Reggina,1.0,4.0
Fiorentina,Reggina,3.0,4.0
Fiorentina,Roma,0.0,20.0
Fiorentina,Roma,1.0,8.0
Fiorentina,Roma,3.0,6.0
Fiorentina,Salernitana,0.0,1.0
Fiorentina,Salernitana,3.0,1.0
Fiorentina,Sampdoria,0.0,9.0
Fiorentina,Sampdoria,1.0,11.0
Fiorentina,Sampdoria,3.0,12.0
Fiorentina,Sassuolo,0.0,6.0
Fiorentina,Sassuolo,1.0,6.0
Fiorentina,Sassuolo,3.0,6.0
Fiorentina,Siena,0.0,2.0
Fiorentina,Siena,1.0,3.0
Fiorentina,Siena,3.0,9.0
Fiorentina,Spal,1.0,2.0
Fiorentina,Spal,3.0,4.0
Fiorentina,Spezia,1.0,1.0
Fiorentina,Spezia,3.0,3.0
Fiorentina,Torino,0.0,4.0
Fiorentina,Torino,1.0,9.0
Fiorentina,Torino,3.0,13.0
Fiorentina,Treviso,3.0,2.0
Fiorentina,Udinese,0.0,11.0
Fiorentina,Udinese,1.0,5.0
Fiorentina,Udinese,3.0,18.0
Fiorentina,Venezia,0.0,1.0
Fiorentina,Venezia,3.0,1.0
Fiorentina,Verona,0.0,3.0
Fiorentina,Verona,1.0,5.0
Fiorentina,Verona,3.0,6.0
Livorno,Ascoli,1.0,2.0
Livorno,Ascoli,3.0,2.0
Livorno,Atalanta,0.0,4.0
Livorno,Atalanta,1.0,1.0
Livorno,Atalanta,3.0,3.0
Livorno,Bari,0.0,1.0
Livorno,Bari,1.0,1.0
Livorno,Bologna,0.0,3.0
Livorno,Bologna,3.0,1.0
Livorno,Cagliari,0.0,3.0
Livorno,Cagliari,1.0,5.0
Livorno,Cagliari,3.0,2.0
Livorno,Catania,0.0,2.0
Livorno,Catania,1.0,1.0
Livorno,Catania,3.0,5.0
Livorno,Chievo,0.0,7.0
Livorno,Chievo,1.0,1.0
Livorno,Empoli,0.0,2.0
Livorno,Empoli,1.0,2.0
Livorno,Empoli,3.0,2.0
Livorno,Fiorentina,0.0,8.0
Livorno,Fiorentina,3.0,2.0
Livorno,Genoa,0.0,1.0
Livorno,Genoa,1.0,4.0
Livorno,Genoa,3.0,1.0
Livorno,Inter,0.0,7.0
Livorno,Inter,1.0,3.0
Livorno,Juventus,0.0,7.0
Livorno,Juventus,1.0,1.0
Livorno,Lazio,0.0,8.0
Livorno,Lazio,1.0,1.0
Livorno,Lazio,3.0,1.0
Livorno,Lecce,1.0,1.0
Livorno,Lecce,3.0,1.0
Livorno,Messina,1.0,2.0
Livorno,Messina,3.0,2.0
Livorno,Milan,0.0,5.0
Livorno,Milan,1.0,5.0
Livorno,Napoli,0.0,5.0
Livorno,Napoli,1.0,1.0
Livorno,Palermo,0.0,6.0
Livorno,Palermo,3.0,2.0
Livorno,Parma,0.0,6.0
Livorno,Parma,1.0,1.0
Livorno,Parma,3.0,3.0
Livorno,Reggina,1.0,4.0
Livorno,Reggina,3.0,2.0
Livorno,Roma,0.0,4.0
Livorno,Roma,1.0,5.0
Livorno,Roma,3.0,1.0
Livorno,Sampdoria,0.0,5.0
Livorno,Sampdoria,1.0,1.0
Livorno,Sampdoria,3.0,4.0
Livorno,Sassuolo,3.0,2.0
Livorno,Siena,0.0,1.0
Livorno,Siena,1.0,6.0
Livorno,Siena,3.0,1.0
Livorno,Torino,0.0,2.0
Livorno,Torino,1.0,3.0
Livorno,Torino,3.0,1.0
Livorno,Treviso,1.0,1.0
Livorno,Treviso,3.0,1.0
Livorno,Udinese,0.0,7.0
Livorno,Udinese,1.0,1.0
Livorno,Udinese,3.0,2.0
Livorno,Verona,0.0,2.0
Ascoli,Atalanta,0.0,2.0
Ascoli,Cagliari,0.0,2.0
Ascoli,Cagliari,1.0,1.0
Ascoli,Cagliari,3.0,1.0
Ascoli,Catania,1.0,2.0
Ascoli,Chievo,0.0,1.0
Ascoli,Chievo,1.0,2.0
Ascoli,Chievo,3.0,1.0
Ascoli,Empoli,0.0,2.0
Ascoli,Empoli,3.0,2.0
Ascoli,Fiorentina,0.0,3.0
Ascoli,Fiorentina,1.0,1.0
Ascoli,Inter,0.0,4.0
Ascoli,Juventus,0.0,2.0
Ascoli,Lazio,0.0,3.0
Ascoli,Lazio,1.0,1.0
Ascoli,Lecce,1.0,1.0
Ascoli,Lecce,3.0,1.0
Ascoli,Livorno,0.0,2.0
Ascoli,Livorno,1.0,2.0
Ascoli,Messina,1.0,2.0
Ascoli,Messina,3.0,2.0
Ascoli,Milan,0.0,3.0
Ascoli,Milan,1.0,1.0
Ascoli,Palermo,0.0,1.0
Ascoli,Palermo,1.0,2.0
Ascoli,Palermo,3.0,1.0
Ascoli,Parma,0.0,1.0
Ascoli,Parma,1.0,2.0
Ascoli,Parma,3.0,1.0
Ascoli,Reggina,0.0,3.0
Ascoli,Reggina,1.0,1.0
Ascoli,Roma,0.0,1.0
Ascoli,Roma,1.0,2.0
Ascoli,Roma,3.0,1.0
Ascoli,Sampdoria,0.0,1.0
Ascoli,Sampdoria,1.0,1.0
Ascoli,Sampdoria,3.0,2.0
Ascoli,Siena,0.0,1.0
Ascoli,Siena,1.0,2.0
Ascoli,Siena,3.0,1.0
Ascoli,Torino,0.0,2.0
Ascoli,Treviso,1.0,1.0
Ascoli,Treviso,3.0,1.0
Ascoli,Udinese,1.0,4.0
Inter,Ascoli,3.0,4.0
Inter,Atalanta,0.0,6.0
Inter,Atalanta,1.0,12.0
Inter,Atalanta,3.0,12.0
Inter,Bari,1.0,2.0
Inter,Bari,3.0,2.0
Inter,Benevento,3.0,4.0
Inter,Bologna,0.0,5.0
Inter,Bologna,1.0,5.0
Inter,Bologna,3.0,16.0
Inter,Brescia,1.0,2.0
Inter,Brescia,3.0,2.0
Inter,Cagliari,0.0,5.0
Inter,Cagliari,1.0,8.0
Inter,Cagliari,3.0,19.0
Inter,Carpi,1.0,1.0
Inter,Carpi,3.0,1.0
Inter,Catania,0.0,2.0
Inter,Catania,1.0,2.0
Inter,Catania,3.0,12.0
Inter,Cesena,1.0,1.0
Inter,Cesena,3.0,5.0
Inter,Chievo,0.0,3.0
Inter,Chievo,1.0,4.0
Inter,Chievo,3.0,19.0
Inter,Crotone,0.0,1.0
Inter,Crotone,1.0,1.0
Inter,Crotone,3.0,4.0
Inter,Empoli,0.0,1.0
Inter,Empoli,1.0,1.0
Inter,Empoli,3.0,14.0
Inter,Fiorentina,0.0,7.0
Inter,Fiorentina,1.0,8.0
Inter,Fiorentina,3.0,19.0
Inter,Frosinone,3.0,4.0
Inter,Genoa,0.0,5.0
Inter,Genoa,1.0,6.0
Inter,Genoa,3.0,19.0
Inter,Juventus,0.0,17.0
Inter,Juventus,1.0,9.0
Inter,Juventus,3.0,6.0
Inter,Lazio,0.0,10.0
Inter,Lazio,1.0,5.0
Inter,Lazio,3.0,19.0
Inter,Lecce,0.0,1.0
Inter,Lecce,1.0,2.0
Inter,Lecce,3.0,7.0
Inter,Livorno,1.0,3.0
Inter,Livorno,3.0,7.0
Inter,Messina,3.0,4.0
Inter,Milan,0.0,9.0
Inter,Milan,1.0,7.0
Inter,Milan,3.0,18.0
Inter,Napoli,0.0,10.0
Inter,Napoli,1.0,9.0
Inter,Napoli,3.0,11.0
Inter,Novara,0.0,2.0
Inter,Palermo,0.0,3.0
Inter,Palermo,1.0,8.0
Inter,Palermo,3.0,11.0
Inter,Parma,0.0,6.0
Inter,Parma,1.0,5.0
Inter,Parma,3.0,13.0
Inter,Pescara,3.0,4.0
Inter,Reggina,1.0,1.0
Inter,Reggina,3.0,7.0
Inter,Roma,0.0,10.0
Inter,Roma,1.0,14.0
Inter,Roma,3.0,10.0
Inter,Salernitana,3.0,2.0
Inter,Sampdoria,0.0,5.0
Inter,Sampdoria,1.0,9.0
Inter,Sampdoria,3.0,18.0
Inter,Sassuolo,0.0,8.0
Inter,Sassuolo,1.0,2.0
Inter,Sassuolo,3.0,8.0
Inter,Siena,0.0,2.0
Inter,Siena,1.0,3.0
Inter,Siena,3.0,9.0
Inter,Spal,1.0,1.0
Inter,Spal,3.0,5.0
Inter,Spezia,1.0,1.0
Inter,Spezia,3.0,3.0
Inter,Torino,0.0,4.0
Inter,Torino,1.0,8.0
Inter,Torino,3.0,14.0
Inter,Treviso,3.0,2.0
Inter,Udinese,0.0,6.0
Inter,Udinese,1.0,7.0
Inter,Udinese,3.0,21.0
Inter,Venezia,3.0,2.0
Inter,Verona,1.0,3.0
Inter,Verona,3.0,11.0
Juventus,Ascoli,3.0,2.0
Juventus,Atalanta,0.0,2.0
Juventus,Atalanta,1.0,8.0
Juventus,Atalanta,3.0,18.0
Juventus,Bari,0.0,2.0
Juventus,Bari,3.0,2.0
Juventus,Benevento,0.0,1.0
Juventus,Benevento,1.0,1.0
Juventus,Benevento,3.0,2.0
Juventus,Bologna,0.0,1.0
Juventus,Bologna,1.0,6.0
Juventus,Bologna,3.0,19.0
Juventus,Brescia,1.0,1.0
Juventus,Brescia,3.0,3.0
Juventus,Cagliari,0.0,3.0
Juventus,Cagliari,1.0,5.0
Juventus,Cagliari,3.0,22.0
Juventus,Carpi,3.0,2.0
Juventus,Catania,0.0,1.0
Juventus,Catania,1.0,6.0
Juventus,Catania,3.0,7.0
Juventus,Cesena,1.0,2.0
Juventus,Cesena,3.0,4.0
Juventus,Chievo,0.0,1.0
Juventus,Chievo,1.0,7.0
Juventus,Chievo,3.0,16.0
Juventus,Crotone,1.0,2.0
Juventus,Crotone,3.0,4.0
Juventus,Empoli,0.0,1.0
Juventus,Empoli,1.0,1.0
Juventus,Empoli,3.0,12.0
Juventus,Fiorentina,0.0,5.0
Juventus,Fiorentina,1.0,10.0
Juventus,Fiorentina,3.0,17.0
Juventus,Frosinone,1.0,1.0
Juventus,Frosinone,3.0,3.0
Juventus,Genoa,0.0,5.0
Juventus,Genoa,1.0,5.0
Juventus,Genoa,3.0,20.0
Juventus,Inter,0.0,6.0
Juventus,Inter,1.0,9.0
Juventus,Inter,3.0,17.0
Juventus,Lazio,0.0,2.0
Juventus,Lazio,1.0,8.0
Juventus,Lazio,3.0,22.0
Juventus,Lecce,0.0,1.0
Juventus,Lecce,1.0,3.0
Juventus,Lecce,3.0,6.0
Juventus,Livorno,1.0,1.0
Juventus,Livorno,3.0,7.0
Juventus,Messina,1.0,1.0
Juventus,Messina,3.0,1.0
Juventus,Milan,0.0,8.0
Juventus,Milan,1.0,6.0
Juventus,Milan,3.0,18.0
Juventus,Napoli,0.0,11.0
Juventus,Napoli,1.0,5.0
Juventus,Napoli,3.0,14.0
Juventus,Novara,3.0,2.0
Juventus,Palermo,0.0,6.0
Juventus,Palermo,3.0,14.0
Juventus,Parma,0.0,4.0
Juventus,Parma,1.0,5.0
Juventus,Parma,3.0,13.0
Juventus,Pescara,3.0,4.0
Juventus,Reggina,0.0,1.0
Juventus,Reggina,1.0,1.0
Juventus,Reggina,3.0,4.0
Juventus,Roma,0.0,6.0
Juventus,Roma,1.0,7.0
Juventus,Roma,3.0,19.0
Juventus,Salernitana,3.0,2.0
Juventus,Sampdoria,0.0,5.0
Juventus,Sampdoria,1.0,7.0
Juventus,Sampdoria,3.0,18.0
Juventus,Sassuolo,0.0,2.0
Juventus,Sassuolo,1.0,3.0
Juventus,Sassuolo,3.0,13.0
Juventus,Siena,0.0,1.0
Juventus,Siena,1.0,2.0
Juventus,Siena,3.0,9.0
Juventus,Spal,0.0,1.0
Juventus,Spal,1.0,1.0
Juventus,Spal,3.0,4.0
Juventus,Spezia,3.0,4.0
Juventus,Torino,0.0,1.0
Juventus,Torino,1.0,5.0
Juventus,Torino,3.0,18.0
Juventus,Treviso,1.0,1.0
Juventus,Treviso,3.0,1.0
Juventus,Udinese,0.0,6.0
Juventus,Udinese,1.0,4.0
Juventus,Udinese,3.0,22.0
Juventus,Venezia,1.0,1.0
Juventus,Venezia,3.0,1.0
Juventus,Verona,0.0,3.0
Juventus,Verona,1.0,4.0
Juventus,Verona,3.0,7.0
Lazio,Ascoli,1.0,1.0
Lazio,Ascoli,3.0,3.0
Lazio,Atalanta,0.0,11.0
Lazio,Atalanta,1.0,7.0
Lazio,Atalanta,3.0,12.0
Lazio,Bari,0.0,2.0
Lazio,Bari,3.0,2.0
Lazio,Benevento,1.0,1.0
Lazio,Benevento,3.0,3.0
Lazio,Bologna,0.0,5.0
Lazio,Bologna,1.0,8.0
Lazio,Bologna,3.0,13.0
Lazio,Brescia,3.0,4.0
Lazio,Cagliari,0.0,5.0
Lazio,Cagliari,1.0,6.0
Lazio,Cagliari,3.0,21.0
Lazio,Carpi,1.0,1.0
Lazio,Carpi,3.0,1.0
Lazio,Catania,0.0,7.0
Lazio,Catania,1.0,3.0
Lazio,Catania,3.0,6.0
Lazio,Cesena,0.0,2.0
Lazio,Cesena,3.0,4.0
Lazio,Chievo,0.0,5.0
Lazio,Chievo,1.0,10.0
Lazio,Chievo,3.0,11.0
Lazio,Crotone,0.0,1.0
Lazio,Crotone,1.0,1.0
Lazio,Crotone,3.0,4.0
Lazio,Empoli,0.0,3.0
Lazio,Empoli,1.0,4.0
Lazio,Empoli,3.0,9.0
Lazio,Fiorentina,0.0,10.0
Lazio,Fiorentina,1.0,5.0
Lazio,Fiorentina,3.0,19.0
Lazio,Frosinone,1.0,1.0
Lazio,Frosinone,3.0,3.0
Lazio,Genoa,0.0,11.0
Lazio,Genoa,1.0,5.0
Lazio,Genoa,3.0,14.0
Lazio,Inter,0.0,19.0
Lazio,Inter,1.0,5.0
Lazio,Inter,3.0,10.0
Lazio,Juventus,0.0,22.0
Lazio,Juventus,1.0,8.0
Lazio,Juventus,3.0,2.0
Lazio,Lecce,0.0,2.0
Lazio,Lecce,1.0,3.0
Lazio,Lecce,3.0,5.0
Lazio,Livorno,0.0,1.0
Lazio,Livorno,1.0,1.0
Lazio,Livorno,3.0,8.0
Lazio,Messina,1.0,1.0
Lazio,Messina,3.0,3.0
Lazio,Milan,0.0,16.0
Lazio,Milan,1.0,12.0
Lazio,Milan,3.0,6.0
Lazio,Napoli,0.0,17.0
Lazio,Napoli,1.0,6.0
Lazio,Napoli,3.0,7.0
Lazio,Novara,0.0,1.0
Lazio,Novara,3.0,1.0
Lazio,Palermo,0.0,6.0
Lazio,Palermo,1.0,5.0
Lazio,Palermo,3.0,11.0
Lazio,Parma,0.0,2.0
Lazio,Parma,1.0,6.0
Lazio,Parma,3.0,16.0
Lazio,Pescara,3.0,4.0
Lazio,Reggina,0.0,1.0
Lazio,Reggina,1.0,2.0
Lazio,Reggina,3.0,5.0
Lazio,Roma,0.0,16.0
Lazio,Roma,1.0,8.0
Lazio,Roma,3.0,10.0
Lazio,Salernitana,3.0,2.0
Lazio,Sampdoria,0.0,7.0
Lazio,Sampdoria,1.0,5.0
Lazio,Sampdoria,3.0,20.0
Lazio,Sassuolo,0.0,5.0
Lazio,Sassuolo,1.0,3.0
Lazio,Sassuolo,3.0,10.0
Lazio,Siena,0.0,4.0
Lazio,Siena,1.0,5.0
Lazio,Siena,3.0,5.0
Lazio,Spal,0.0,2.0
Lazio,Spal,1.0,1.0
Lazio,Spal,3.0,3.0
Lazio,Spezia,3.0,4.0
Lazio,Torino,0.0,4.0
Lazio,Torino,1.0,11.0
Lazio,Torino,3.0,11.0
Lazio,Treviso,3.0,2.0
Lazio,Udinese,0.0,8.0
Lazio,Udinese,1.0,9.0
Lazio,Udinese,3.0,17.0
Lazio,Venezia,3.0,2.0
Lazio,Verona,0.0,3.0
Lazio,Verona,1.0,4.0
Lazio,Verona,3.0,7.0
Parma,Ascoli,0.0,1.0
Parma,Ascoli,1.0,2.0
Parma,Ascoli,3.0,1.0
Parma,Atalanta,0.0,12.0
Parma,Atalanta,1.0,3.0
Parma,Atalanta,3.0,5.0
Parma,Bari,0.0,1.0
Parma,Bari,1.0,1.0
Parma,Bari,3.0,2.0
Parma,Benevento,1.0,2.0
Parma,Bologna,0.0,5.0
Parma,Bologna,1.0,8.0
Parma,Bologna,3.0,3.0
Parma,Brescia,0.0,1.0
Parma,Brescia,1.0,1.0
Parma,Brescia,3.0,2.0
Parma,Cagliari,0.0,9.0
Parma,Cagliari,1.0,9.0
Parma,Cagliari,3.0,6.0
Parma,Catania,0.0,5.0
Parma,Catania,1.0,7.0
Parma,Catania,3.0,2.0
Parma,Cesena,0.0,2.0
Parma,Cesena,1.0,3.0
Parma,Cesena,3.0,1.0
Parma,Chievo,0.0,3.0
Parma,Chievo,1.0,8.0
Parma,Chievo,3.0,7.0
Parma,Crotone,0.0,2.0
Parma,Empoli,0.0,2.0
Parma,Empoli,1.0,3.0
Parma,Empoli,3.0,5.0
Parma,Fiorentina,0.0,10.0
Parma,Fiorentina,1.0,9.0
Parma,Fiorentina,3.0,5.0
Parma,Frosinone,0.0,1.0
Parma,Frosinone,1.0,1.0
Parma,Genoa,0.0,7.0
Parma,Genoa,1.0,6.0
Parma,Genoa,3.0,7.0
Parma,Inter,0.0,13.0
Parma,Inter,1.0,5.0
Parma,Inter,3.0,6.0
Parma,Juventus,0.0,13.0
Parma,Juventus,1.0,5.0
Parma,Juventus,3.0,4.0
Parma,Lazio,0.0,16.0
Parma,Lazio,1.0,6.0
Parma,Lazio,3.0,2.0
Parma,Lecce,0.0,1.0
Parma,Lecce,1.0,2.0
Parma,Lecce,3.0,5.0
Parma,Livorno,0.0,3.0
Parma,Livorno,1.0,1.0
Parma,Livorno,3.0,6.0
Parma,Messina,1.0,2.0
Parma,Messina,3.0,2.0
Parma,Milan,0.0,16.0
Parma,Milan,1.0,5.0
Parma,Milan,3.0,3.0
Parma,Napoli,0.0,12.0
Parma,Napoli,1.0,2.0
Parma,Napoli,3.0,6.0
Parma,Novara,0.0,1.0
Parma,Novara,3.0,1.0
Parma,Palermo,0.0,4.0
Parma,Palermo,1.0,4.0
Parma,Palermo,3.0,8.0
Parma,Pescara,0.0,1.0
Parma,Pescara,3.0,1.0
Parma,Reggina,0.0,3.0
Parma,Reggina,1.0,1.0
Parma,Reggina,3.0,2.0
Parma,Roma,0.0,18.0
Parma,Roma,1.0,3.0
Parma,Roma,3.0,3.0
Parma,Sampdoria,0.0,10.0
Parma,Sampdoria,1.0,5.0
Parma,Sampdoria,3.0,7.0
Parma,Sassuolo,0.0,3.0
Parma,Sassuolo,1.0,2.0
Parma,Sassuolo,3.0,5.0
Parma,Siena,0.0,1.0
Parma,Siena,1.0,7.0
Parma,Siena,3.0,4.0
Parma,Spal,0.0,4.0
Parma,Spezia,1.0,2.0
Parma,Torino,0.0,4.0
Parma,Torino,1.0,5.0
Parma,Torino,3.0,7.0
Parma,Treviso,1.0,1.0
Parma,Treviso,3.0,1.0
Parma,Udinese,0.0,9.0
Parma,Udinese,1.0,6.0
Parma,Udinese,3.0,9.0
Parma,Verona,0.0,5.0
Parma,Verona,1.0,1.0
Parma,Verona,3.0,2.0
Reggina,Ascoli,1.0,1.0
Reggina,Ascoli,3.0,3.0
Reggina,Atalanta,1.0,4.0
Reggina,Atalanta,3.0,2.0
Reggina,Bologna,1.0,1.0
Reggina,Bologna,3.0,1.0
Reggina,Cagliari,1.0,2.0
Reggina,Cagliari,3.0,6.0
Reggina,Catania,0.0,2.0
Reggina,Catania,1.0,1.0
Reggina,Catania,3.0,3.0
Reggina,Chievo,0.0,5.0
Reggina,Chievo,1.0,1.0
Reggina,Empoli,0.0,2.0
Reggina,Empoli,1.0,2.0
Reggina,Empoli,3.0,2.0
Reggina,Fiorentina,0.0,4.0
Reggina,Fiorentina,1.0,4.0
Reggina,Genoa,0.0,3.0
Reggina,Genoa,3.0,1.0
Reggina,Inter,0.0,7.0
Reggina,Inter,1.0,1.0
Reggina,Juventus,0.0,4.0
Reggina,Juventus,1.0,1.0
Reggina,Juventus,3.0,1.0
Reggina,Lazio,0.0,5.0
Reggina,Lazio,1.0,2.0
Reggina,Lazio,3.0,1.0
Reggina,Lecce,1.0,2.0
Reggina,Lecce,3.0,2.0
Reggina,Livorno,0.0,2.0
Reggina,Livorno,1.0,4.0
Reggina,Messina,0.0,1.0
Reggina,Messina,1.0,1.0
Reggina,Messina,3.0,2.0
Reggina,Milan,0.0,6.0
Reggina,Milan,1.0,1.0
Reggina,Milan,3.0,1.0
Reggina,Napoli,0.0,1.0
Reggina,Napoli,1.0,3.0
Reggina,Palermo,0.0,3.0
Reggina,Palermo,1.0,5.0
Reggina,Parma,0.0,2.0
Reggina,Parma,1.0,1.0
Reggina,Parma,3.0,3.0
Reggina,Roma,0.0,6.0
Reggina,Roma,1.0,1.0
Reggina,Roma,3.0,1.0
Reggina,Sampdoria,0.0,5.0
Reggina,Sampdoria,1.0,1.0
Reggina,Sampdoria,3.0,2.0
Reggina,Siena,0.0,2.0
Reggina,Siena,1.0,4.0
Reggina,Siena,3.0,2.0
Reggina,Torino,0.0,1.0
Reggina,Torino,1.0,4.0
Reggina,Torino,3.0,1.0
Reggina,Treviso,0.0,1.0
Reggina,Treviso,3.0,1.0
Reggina,Udinese,0.0,3.0
Reggina,Udinese,1.0,2.0
Reggina,Udinese,3.0,3.0
Siena,Ascoli,0.0,1.0
Siena,Ascoli,1.0,2.0
Siena,Ascoli,3.0,1.0
Siena,Atalanta,0.0,6.0
Siena,Atalanta,1.0,4.0
Siena,Atalanta,3.0,2.0
Siena,Bari,0.0,1.0
Siena,Bari,3.0,1.0
Siena,Bologna,0.0,2.0
Siena,Bologna,1.0,3.0
Siena,Bologna,3.0,3.0
Siena,Cagliari,0.0,4.0
Siena,Cagliari,1.0,5.0
Siena,Cagliari,3.0,5.0
Siena,Catania,0.0,3.0
Siena,Catania,1.0,7.0
Siena,Catania,3.0,2.0
Siena,Cesena,3.0,2.0
Siena,Chievo,0.0,4.0
Siena,Chievo,1.0,3.0
Siena,Chievo,3.0,5.0
Siena,Empoli,0.0,2.0
Siena,Empoli,3.0,4.0
Siena,Fiorentina,0.0,9.0
Siena,Fiorentina,1.0,3.0
Siena,Fiorentina,3.0,2.0
Siena,Genoa,0.0,4.0
Siena,Genoa,1.0,3.0
Siena,Genoa,3.0,3.0
Siena,Inter,0.0,9.0
Siena,Inter,1.0,3.0
Siena,Inter,3.0,2.0
Siena,Juventus,0.0,9.0
Siena,Juventus,1.0,2.0
Siena,Juventus,3.0,1.0
Siena,Lazio,0.0,5.0
Siena,Lazio,1.0,5.0
Siena,Lazio,3.0,4.0
Siena,Lecce,0.0,4.0
Siena,Lecce,1.0,1.0
Siena,Lecce,3.0,1.0
Siena,Livorno,0.0,1.0
Siena,Livorno,1.0,6.0
Siena,Livorno,3.0,1.0
Siena,Messina,0.0,1.0
Siena,Messina,1.0,1.0
Siena,Messina,3.0,2.0
Siena,Milan,0.0,12.0
Siena,Milan,1.0,2.0
Siena,Napoli,0.0,5.0
Siena,Napoli,1.0,4.0
Siena,Napoli,3.0,1.0
Siena,Novara,0.0,1.0
Siena,Novara,1.0,1.0
Siena,Palermo,0.0,6.0
Siena,Palermo,1.0,3.0
Siena,Palermo,3.0,5.0
Siena,Parma,0.0,4.0
Siena,Parma,1.0,7.0
Siena,Parma,3.0,1.0
Siena,Pescara,3.0,2.0
Siena,Reggina,0.0,2.0
Siena,Reggina,1.0,4.0
Siena,Reggina,3.0,2.0
Siena,Roma,0.0,9.0
Siena,Roma,1.0,1.0
Siena,Roma,3.0,4.0
Siena,Sampdoria,0.0,6.0
Siena,Sampdoria,1.0,4.0
Siena,Sampdoria,3.0,2.0
Siena,Torino,0.0,2.0
Siena,Torino,1.0,3.0
Siena,Torino,3.0,3.0
Siena,Treviso,3.0,2.0
Siena,Udinese,0.0,7.0
Siena,Udinese,1.0,4.0
Siena,Udinese,3.0,3.0
Udinese,Ascoli,1.0,4.0
Udinese,Atalanta,0.0,11.0
Udinese,Atalanta,1.0,11.0
Udinese,Atalanta,3.0,8.0
Udinese,Bari,0.0,1.0
Udinese,Bari,1.0,1.0
Udinese,Bari,3.0,2.0
Udinese,Benevento,0.0,1.0
Udinese,Benevento,1.0,1.0
Udinese,Benevento,3.0,2.0
Udinese,Bologna,0.0,5.0
Udinese,Bologna,1.0,10.0
Udinese,Bologna,3.0,11.0
Udinese,Brescia,0.0,1.0
Udinese,Brescia,1.0,2.0
Udinese,Brescia,3.0,1.0
Udinese,Cagliari,0.0,10.0
Udinese,Cagliari,1.0,6.0
Udinese,Cagliari,3.0,16.0
Udinese,Carpi,0.0,2.0
Udinese,Catania,0.0,6.0
Udinese,Catania,1.0,3.0
Udinese,Catania,3.0,7.0
Udinese,Cesena,0.0,1.0
Udinese,Cesena,1.0,1.0
Udinese,Cesena,3.0,4.0
Udinese,Chievo,0.0,6.0
Udinese,Chievo,1.0,10.0
Udinese,Chievo,3.0,10.0
Udinese,Crotone,0.0,2.0
Udinese,Crotone,1.0,1.0
Udinese,Crotone,3.0,3.0
Udinese,Empoli,0.0,5.0
Udinese,Empoli,1.0,4.0
Udinese,Empoli,3.0,7.0
Udinese,Fiorentina,0.0,18.0
Udinese,Fiorentina,1.0,5.0
Udinese,Fiorentina,3.0,11.0
Udinese,Frosinone,0.0,1.0
Udinese,Frosinone,1.0,1.0
Udinese,Frosinone,3.0,2.0
Udinese,Genoa,0.0,9.0
Udinese,Genoa,1.0,11.0
Udinese,Genoa,3.0,10.0
Udinese,Inter,0.0,21.0
Udinese,Inter,1.0,7.0
Udinese,Inter,3.0,6.0
Udinese,Juventus,0.0,22.0
Udinese,Juventus,1.0,4.0
Udinese,Juventus,3.0,6.0
Udinese,Lazio,0.0,17.0
Udinese,Lazio,1.0,9.0
Udinese,Lazio,3.0,8.0
Udinese,Lecce,0.0,3.0
Udinese,Lecce,1.0,1.0
Udinese,Lecce,3.0,6.0
Udinese,Livorno,0.0,2.0
Udinese,Livorno,1.0,1.0
Udinese,Livorno,3.0,7.0
Udinese,Messina,0.0,1.0
Udinese,Messina,1.0,1.0
Udinese,Messina,3.0,2.0
Udinese,Milan,0.0,16.0
Udinese,Milan,1.0,9.0
Udinese,Milan,3.0,9.0
Udinese,Napoli,0.0,17.0
Udinese,Napoli,1.0,8.0
Udinese,Napoli,3.0,5.0
Udinese,Novara,0.0,1.0
Udinese,Novara,3.0,1.0
Udinese,Palermo,0.0,8.0
Udinese,Palermo,1.0,6.0
Udinese,Palermo,3.0,8.0
Udinese,Parma,0.0,9.0
Udinese,Parma,1.0,6.0
Udinese,Parma,3.0,9.0
Udinese,Pescara,3.0,4.0
Udinese,Reggina,0.0,3.0
Udinese,Reggina,1.0,2.0
Udinese,Reggina,3.0,3.0
Udinese,Roma,0.0,24.0
Udinese,Roma,1.0,3.0
Udinese,Roma,3.0,7.0
Udinese,Salernitana,0.0,1.0
Udinese,Salernitana,3.0,1.0
Udinese,Sampdoria,0.0,12.0
Udinese,Sampdoria,1.0,10.0
Udinese,Sampdoria,3.0,10.0
Udinese,Sassuolo,0.0,4.0
Udinese,Sassuolo,1.0,7.0
Udinese,Sassuolo,3.0,7.0
Udinese,Siena,0.0,3.0
Udinese,Siena,1.0,4.0
Udinese,Siena,3.0,7.0
Udinese,Spal,0.0,1.0
Udinese,Spal,1.0,3.0
Udinese,Spal,3.0,2.0
Udinese,Spezia,0.0,2.0
Udinese,Spezia,3.0,2.0
Udinese,Torino,0.0,11.0
Udinese,Torino,1.0,4.0
Udinese,Torino,3.0,11.0
Udinese,Treviso,0.0,1.0
Udinese,Treviso,1.0,1.0
Udinese,Venezia,3.0,2.0
Udinese,Verona,0.0,4.0
Udinese,Verona,1.0,5.0
Udinese,Verona,3.0,5.0
Milan,Ascoli,1.0,1.0
Milan,Ascoli,3.0,3.0
Milan,Atalanta,0.0,10.0
Milan,Atalanta,1.0,7.0
Milan,Atalanta,3.0,13.0
Milan,Bari,1.0,2.0
Milan,Bari,3.0,2.0
Milan,Benevento,0.0,1.0
Milan,Benevento,1.0,1.0
Milan,Benevento,3.0,2.0
Milan,Bologna,0.0,2.0
Milan,Bologna,1.0,6.0
Milan,Bologna,3.0,18.0
Milan,Brescia,3.0,4.0
Milan,Cagliari,0.0,1.0
Milan,Cagliari,1.0,6.0
Milan,Cagliari,3.0,25.0
Milan,Carpi,1.0,2.0
Milan,Catania,1.0,6.0
Milan,Catania,3.0,10.0
Milan,Cesena,0.0,1.0
Milan,Cesena,1.0,1.0
Milan,Cesena,3.0,4.0
Milan,Chievo,0.0,1.0
Milan,Chievo,1.0,3.0
Milan,Chievo,3.0,22.0
Milan,Crotone,1.0,1.0
Milan,Crotone,3.0,5.0
Milan,Empoli,0.0,2.0
Milan,Empoli,1.0,5.0
Milan,Empoli,3.0,9.0
Milan,Fiorentina,0.0,9.0
Milan,Fiorentina,1.0,9.0
Milan,Fiorentina,3.0,16.0
Milan,Frosinone,1.0,2.0
Milan,Frosinone,3.0,2.0
Milan,Genoa,0.0,7.0
Milan,Genoa,1.0,5.0
Milan,Genoa,3.0,18.0
Milan,Inter,0.0,18.0
Milan,Inter,1.0,7.0
Milan,Inter,3.0,9.0
Milan,Juventus,0.0,18.0
Milan,Juventus,1.0,6.0
Milan,Juventus,3.0,8.0
Milan,Lazio,0.0,6.0
Milan,Lazio,1.0,12.0
Milan,Lazio,3.0,16.0
Milan,Lecce,0.0,1.0
Milan,Lecce,1.0,3.0
Milan,Lecce,3.0,6.0
Milan,Livorno,1.0,5.0
Milan,Livorno,3.0,5.0
Milan,Messina,3.0,4.0
Milan,Napoli,0.0,12.0
Milan,Napoli,1.0,11.0
Milan,Napoli,3.0,7.0
Milan,Novara,3.0,2.0
Milan,Palermo,0.0,7.0
Milan,Palermo,1.0,2.0
Milan,Palermo,3.0,13.0
Milan,Parma,0.0,3.0
Milan,Parma,1.0,5.0
Milan,Parma,3.0,16.0
Milan,Pescara,1.0,1.0
Milan,Pescara,3.0,3.0
Milan,Reggina,0.0,1.0
Milan,Reggina,1.0,1.0
Milan,Reggina,3.0,6.0
Milan,Roma,0.0,13.0
Milan,Roma,1.0,10.0
Milan,Roma,3.0,11.0
Milan,Salernitana,1.0,1.0
Milan,Salernitana,3.0,1.0
Milan,Sampdoria,0.0,8.0
Milan,Sampdoria,1.0,8.0
Milan,Sampdoria,3.0,16.0
Milan,Sassuolo,0.0,6.0
Milan,Sassuolo,1.0,2.0
Milan,Sassuolo,3.0,10.0
Milan,Siena,1.0,2.0
Milan,Siena,3.0,12.0
Milan,Spal,1.0,1.0
Milan,Spal,3.0,5.0
Milan,Spezia,0.0,2.0
Milan,Spezia,3.0,2.0
Milan,Torino,0.0,2.0
Milan,Torino,1.0,12.0
Milan,Torino,3.0,12.0
Milan,Treviso,3.0,2.0
Milan,Udinese,0.0,9.0
Milan,Udinese,1.0,9.0
Milan,Udinese,3.0,16.0
Milan,Venezia,3.0,2.0
Milan,Verona,0.0,3.0
Milan,Verona,1.0,4.0
Milan,Verona,3.0,7.0
Palermo,Ascoli,0.0,1.0
Palermo,Ascoli,1.0,2.0
Palermo,Ascoli,3.0,1.0
Palermo,Atalanta,0.0,7.0
Palermo,Atalanta,1.0,5.0
Palermo,Atalanta,3.0,6.0
Palermo,Bari,0.0,1.0
Palermo,Bari,1.0,2.0
Palermo,Bari,3.0,1.0
Palermo,Bologna,0.0,4.0
Palermo,Bologna,1.0,4.0
Palermo,Bologna,3.0,6.0
Palermo,Brescia,0.0,1.0
Palermo,Brescia,3.0,1.0
Palermo,Cagliari,0.0,7.0
Palermo,Cagliari,1.0,6.0
Palermo,Cagliari,3.0,7.0
Palermo,Carpi,1.0,2.0
Palermo,Catania,0.0,6.0
Palermo,Catania,1.0,3.0
Palermo,Catania,3.0,5.0
Palermo,Cesena,0.0,1.0
Palermo,Cesena,1.0,3.0
Palermo,Cesena,3.0,2.0
Palermo,Chievo,0.0,7.0
Palermo,Chievo,1.0,7.0
Palermo,Chievo,3.0,6.0
Palermo,Crotone,1.0,1.0
Palermo,Crotone,3.0,1.0
Palermo,Empoli,0.0,6.0
Palermo,Empoli,1.0,3.0
Palermo,Empoli,3.0,3.0
Palermo,Fiorentina,0.0,11.0
Palermo,Fiorentina,1.0,3.0
Palermo,Fiorentina,3.0,8.0
Palermo,Frosinone,3.0,2.0
Palermo,Genoa,0.0,5.0
Palermo,Genoa,1.0,6.0
Palermo,Genoa,3.0,7.0
Palermo,Inter,0.0,11.0
Palermo,Inter,1.0,8.0
Palermo,Inter,3.0,3.0
Palermo,Juventus,0.0,14.0
Palermo,Juventus,3.0,6.0
Palermo,Lazio,0.0,11.0
Palermo,Lazio,1.0,5.0
Palermo,Lazio,3.0,6.0
Palermo,Lecce,0.0,1.0
Palermo,Lecce,1.0,3.0
Palermo,Lecce,3.0,4.0
Palermo,Livorno,0.0,2.0
Palermo,Livorno,3.0,6.0
Palermo,Messina,0.0,1.0
Palermo,Messina,1.0,1.0
Palermo,Messina,3.0,2.0
Palermo,Milan,0.0,13.0
Palermo,Milan,1.0,2.0
Palermo,Milan,3.0,7.0
Palermo,Napoli,0.0,10.0
Palermo,Napoli,1.0,3.0
Palermo,Napoli,3.0,5.0
Palermo,Novara,1.0,1.0
Palermo,Novara,3.0,1.0
Palermo,Parma,0.0,8.0
Palermo,Parma,1.0,4.0
Palermo,Parma,3.0,4.0
Palermo,Pescara,0.0,2.0
Palermo,Pescara,1.0,2.0
Palermo,Reggina,1.0,5.0
Palermo,Reggina,3.0,3.0
Palermo,Roma,0.0,13.0
Palermo,Roma,1.0,3.0
Palermo,Roma,3.0,6.0
Palermo,Sampdoria,0.0,4.0
Palermo,Sampdoria,1.0,8.0
Palermo,Sampdoria,3.0,8.0
Palermo,Sassuolo,0.0,3.0
Palermo,Sassuolo,1.0,2.0
Palermo,Sassuolo,3.0,1.0
Palermo,Siena,0.0,5.0
Palermo,Siena,1.0,3.0
Palermo,Siena,3.0,6.0
Palermo,Torino,0.0,6.0
Palermo,Torino,1.0,6.0
Palermo,Torino,3.0,2.0
Palermo,Treviso,1.0,1.0
Palermo,Treviso,3.0,1.0
Palermo,Udinese,0.0,8.0
Palermo,Udinese,1.0,6.0
Palermo,Udinese,3.0,8.0
Palermo,Verona,0.0,1.0
Palermo,Verona,3.0,3.0
Cagliari,Ascoli,0.0,1.0
Cagliari,Ascoli,1.0,1.0
Cagliari,Ascoli,3.0,2.0
Cagliari,Atalanta,0.0,13.0
Cagliari,Atalanta,1.0,4.0
Cagliari,Atalanta,3.0,11.0
Cagliari,Bari,1.0,1.0
Cagliari,Bari,3.0,3.0
Cagliari,Benevento,0.0,1.0
Cagliari,Benevento,3.0,3.0
Cagliari,Bologna,0.0,8.0
Cagliari,Bologna,1.0,7.0
Cagliari,Bologna,3.0,9.0
Cagliari,Brescia,0.0,1.0
Cagliari,Brescia,1.0,2.0
Cagliari,Brescia,3.0,1.0
Cagliari,Catania,0.0,5.0
Cagliari,Catania,1.0,5.0
Cagliari,Catania,3.0,6.0
Cagliari,Cesena,0.0,2.0
Cagliari,Cesena,1.0,1.0
Cagliari,Cesena,3.0,3.0
Cagliari,Chievo,0.0,12.0
Cagliari,Chievo,1.0,7.0
Cagliari,Chievo,3.0,5.0
Cagliari,Crotone,1.0,1.0
Cagliari,Crotone,3.0,5.0
Cagliari,Empoli,0.0,6.0
Cagliari,Empoli,1.0,4.0
Cagliari,Empoli,3.0,4.0
Cagliari,Fiorentina,0.0,15.0
Cagliari,Fiorentina,1.0,9.0
Cagliari,Fiorentina,3.0,8.0
Cagliari,Frosinone,1.0,1.0
Cagliari,Frosinone,3.0,1.0
Cagliari,Genoa,0.0,16.0
Cagliari,Genoa,1.0,2.0
Cagliari,Genoa,3.0,10.0
Cagliari,Inter,0.0,19.0
Cagliari,Inter,1.0,8.0
Cagliari,Inter,3.0,5.0
Cagliari,Juventus,0.0,22.0
Cagliari,Juventus,1.0,5.0
Cagliari,Juventus,3.0,3.0
Cagliari,Lazio,0.0,21.0
Cagliari,Lazio,1.0,6.0
Cagliari,Lazio,3.0,5.0
Cagliari,Lecce,0.0,3.0
Cagliari,Lecce,1.0,4.0
Cagliari,Lecce,3.0,3.0
Cagliari,Livorno,0.0,2.0
Cagliari,Livorno,1.0,5.0
Cagliari,Livorno,3.0,3.0
Cagliari,Messina,0.0,1.0
Cagliari,Messina,1.0,2.0
Cagliari,Messina,3.0,1.0
Cagliari,Milan,0.0,25.0
Cagliari,Milan,1.0,6.0
Cagliari,Milan,3.0,1.0
Cagliari,Napoli,0.0,16.0
Cagliari,Napoli,1.0,8.0
Cagliari,Napoli,3.0,4.0
Cagliari,Novara,1.0,1.0
Cagliari,Novara,3.0,1.0
Cagliari,Palermo,0.0,7.0
Cagliari,Palermo,1.0,6.0
Cagliari,Palermo,3.0,7.0
Cagliari,Parma,0.0,6.0
Cagliari,Parma,1.0,9.0
Cagliari,Parma,3.0,9.0
Cagliari,Pescara,0.0,1.0
Cagliari,Pescara,1.0,1.0
Cagliari,Pescara,3.0,2.0
Cagliari,Reggina,0.0,6.0
Cagliari,Reggina,1.0,2.0
Cagliari,Roma,0.0,18.0
Cagliari,Roma,1.0,8.0
Cagliari,Roma,3.0,6.0
Cagliari,Salernitana,1.0,2.0
Cagliari,Sampdoria,0.0,6.0
Cagliari,Sampdoria,1.0,12.0
Cagliari,Sampdoria,3.0,12.0
Cagliari,Sassuolo,0.0,3.0
Cagliari,Sassuolo,1.0,10.0
Cagliari,Sassuolo,3.0,3.0
Cagliari,Siena,0.0,5.0
Cagliari,Siena,1.0,5.0
Cagliari,Siena,3.0,4.0
Cagliari,Spal,1.0,1.0
Cagliari,Spal,3.0,5.0
Cagliari,Spezia,0.0,2.0
Cagliari,Spezia,1.0,2.0
Cagliari,Torino,0.0,9.0
Cagliari,Torino,1.0,7.0
Cagliari,Torino,3.0,8.0
Cagliari,Treviso,1.0,1.0
Cagliari,Treviso,3.0,1.0
Cagliari,Udinese,0.0,16.0
Cagliari,Udinese,1.0,6.0
Cagliari,Udinese,3.0,10.0
Cagliari,Venezia,1.0,2.0
Cagliari,Verona,0.0,7.0
Cagliari,Verona,1.0,3.0
Cagliari,Verona,3.0,2.0
Chievo,Ascoli,0.0,1.0
Chievo,Ascoli,1.0,2.0
Chievo,Ascoli,3.0,1.0
Chievo,Atalanta,0.0,9.0
Chievo,Atalanta,1.0,9.0
Chievo,Atalanta,3.0,4.0
Chievo,Bari,0.0,2.0
Chievo,Bari,1.0,1.0
Chievo,Bari,3.0,1.0
Chievo,Benevento,0.0,1.0
Chievo,Benevento,3.0,1.0
Chievo,Bologna,0.0,6.0
Chievo,Bologna,1.0,8.0
Chievo,Bologna,3.0,6.0
Chievo,Brescia,0.0,1.0
Chievo,Brescia,3.0,1.0
Chievo,Cagliari,0.0,5.0
Chievo,Cagliari,1.0,7.0
Chievo,Cagliari,3.0,12.0
Chievo,Carpi,3.0,2.0
Chievo,Catania,0.0,4.0
Chievo,Catania,1.0,4.0
Chievo,Catania,3.0,6.0
Chievo,Cesena,0.0,1.0
Chievo,Cesena,1.0,1.0
Chievo,Cesena,3.0,4.0
Chievo,Crotone,0.0,3.0
Chievo,Crotone,3.0,1.0
Chievo,Empoli,0.0,2.0
Chievo,Empoli,1.0,8.0
Chievo,Empoli,3.0,2.0
Chievo,Fiorentina,0.0,19.0
Chievo,Fiorentina,1.0,2.0
Chievo,Fiorentina,3.0,5.0
Chievo,Frosinone,1.0,1.0
Chievo,Frosinone,3.0,3.0
Chievo,Genoa,0.0,8.0
Chievo,Genoa,1.0,5.0
Chievo,Genoa,3.0,9.0
Chievo,Inter,0.0,19.0
Chievo,Inter,1.0,4.0
Chievo,Inter,3.0,3.0
Chievo,Juventus,0.0,16.0
Chievo,Juventus,1.0,7.0
Chievo,Juventus,3.0,1.0
Chievo,Lazio,0.0,11.0
Chievo,Lazio,1.0,10.0
Chievo,Lazio,3.0,5.0
Chievo,Lecce,0.0,2.0
Chievo,Lecce,1.0,3.0
Chievo,Lecce,3.0,3.0
Chievo,Livorno,1.0,1.0
Chievo,Livorno,3.0,7.0
Chievo,Messina,0.0,2.0
Chievo,Messina,1.0,1.0
Chievo,Messina,3.0,1.0
Chievo,Milan,0.0,22.0
Chievo,Milan,1.0,3.0
Chievo,Milan,3.0,1.0
Chievo,Napoli,0.0,13.0
Chievo,Napoli,1.0,3.0
Chievo,Napoli,3.0,6.0
Chievo,Novara,1.0,1.0
Chievo,Novara,3.0,1.0
Chievo,Palermo,0.0,6.0
Chievo,Palermo,1.0,7.0
Chievo,Palermo,3.0,7.0
Chievo,Parma,0.0,7.0
Chievo,Parma,1.0,8.0
Chievo,Parma,3.0,3.0
Chievo,Pescara,3.0,4.0
Chievo,Reggina,1.0,1.0
Chievo,Reggina,3.0,5.0
Chievo,Roma,0.0,14.0
Chievo,Roma,1.0,10.0
Chievo,Roma,3.0,2.0
Chievo,Sampdoria,0.0,9.0
Chievo,Sampdoria,1.0,9.0
Chievo,Sampdoria,3.0,6.0
Chievo,Sassuolo,0.0,4.0
Chievo,Sassuolo,1.0,5.0
Chievo,Sassuolo,3.0,3.0
Chievo,Siena,0.0,5.0
Chievo,Siena,1.0,3.0
Chievo,Siena,3.0,4.0
Chievo,Spal,0.0,1.0
Chievo,Spal,1.0,2.0
Chievo,Spal,3.0,1.0
Chievo,Torino,0.0,9.0
Chievo,Torino,1.0,6.0
Chievo,Torino,3.0,3.0
Chievo,Treviso,1.0,1.0
Chievo,Treviso,3.0,1.0
Chievo,Udinese,0.0,10.0
Chievo,Udinese,1.0,10.0
Chievo,Udinese,3.0,6.0
Chievo,Verona,0.0,3.0
Chievo,Verona,1.0,2.0
Chievo,Verona,3.0,3.0
Empoli,Ascoli,0.0,2.0
Empoli,Ascoli,3.0,2.0
Empoli,Atalanta,0.0,6.0
Empoli,Atalanta,1.0,5.0
Empoli,Atalanta,3.0,3.0
Empoli,Bologna,0.0,1.0
Empoli,Bologna,1.0,3.0
Empoli,Bologna,3.0,4.0
Empoli,Cagliari,0.0,4.0
Empoli,Cagliari,1.0,4.0
Empoli,Cagliari,3.0,6.0
Empoli,Carpi,0.0,1.0
Empoli,Carpi,3.0,1.0
Empoli,Catania,0.0,2.0
Empoli,Catania,3.0,2.0
Empoli,Cesena,1.0,1.0
Empoli,Cesena,3.0,1.0
Empoli,Chievo,0.0,2.0
Empoli,Chievo,1.0,8.0
Empoli,Chievo,3.0,2.0
Empoli,Crotone,0.0,1.0
Empoli,Crotone,3.0,1.0
Empoli,Fiorentina,0.0,9.0
Empoli,Fiorentina,1.0,3.0
Empoli,Fiorentina,3.0,4.0
Empoli,Frosinone,0.0,2.0
Empoli,Frosinone,1.0,1.0
Empoli,Frosinone,3.0,1.0
Empoli,Genoa,0.0,4.0
Empoli,Genoa,1.0,6.0
Empoli,Genoa,3.0,2.0
Empoli,Inter,0.0,14.0
Empoli,Inter,1.0,1.0
Empoli,Inter,3.0,1.0
Empoli,Juventus,0.0,12.0
Empoli,Juventus,1.0,1.0
Empoli,Juventus,3.0,1.0
Empoli,Lazio,0.0,9.0
Empoli,Lazio,1.0,4.0
Empoli,Lazio,3.0,3.0
Empoli,Lecce,3.0,2.0
Empoli,Livorno,0.0,2.0
Empoli,Livorno,1.0,2.0
Empoli,Livorno,3.0,2.0
Empoli,Messina,0.0,1.0
Empoli,Messina,1.0,1.0
Empoli,Messina,3.0,2.0
Empoli,Milan,0.0,9.0
Empoli,Milan,1.0,5.0
Empoli,Milan,3.0,2.0
Empoli,Napoli,0.0,4.0
Empoli,Napoli,1.0,3.0
Empoli,Napoli,3.0,5.0
Empoli,Palermo,0.0,3.0
Empoli,Palermo,1.0,3.0
Empoli,Palermo,3.0,6.0
Empoli,Parma,0.0,5.0
Empoli,Parma,1.0,3.0
Empoli,Parma,3.0,2.0
Empoli,Pescara,1.0,1.0
Empoli,Pescara,3.0,1.0
Empoli,Reggina,0.0,2.0
Empoli,Reggina,1.0,2.0
Empoli,Reggina,3.0,2.0
Empoli,Roma,0.0,11.0
Empoli,Roma,1.0,3.0
Empoli,Roma,3.0,2.0
Empoli,Salernitana,1.0,1.0
Empoli,Salernitana,3.0,1.0
Empoli,Sampdoria,0.0,8.0
Empoli,Sampdoria,1.0,4.0
Empoli,Sampdoria,3.0,4.0
Empoli,Sassuolo,0.0,6.0
Empoli,Sassuolo,3.0,4.0
Empoli,Siena,0.0,4.0
Empoli,Siena,3.0,2.0
Empoli,Spal,0.0,1.0
Empoli,Spal,1.0,1.0
Empoli,Spezia,1.0,2.0
Empoli,Torino,0.0,3.0
Empoli,Torino,1.0,6.0
Empoli,Torino,3.0,5.0
Empoli,Treviso,1.0,1.0
Empoli,Treviso,3.0,1.0
Empoli,Udinese,0.0,7.0
Empoli,Udinese,1.0,4.0
Empoli,Udinese,3.0,5.0
Empoli,Venezia,0.0,1.0
Empoli,Venezia,1.0,1.0
Empoli,Verona,0.0,2.0
Empoli,Verona,1.0,2.0
Empoli,Verona,3.0,2.0
Lecce,Ascoli,0.0,1.0
Lecce,Ascoli,1.0,1.0
Lecce,Atalanta,0.0,3.0
Lecce,Atalanta,1.0,3.0
Lecce,Bari,0.0,1.0
Lecce,Bari,3.0,1.0
Lecce,Bologna,0.0,5.0
Lecce,Bologna,1.0,2.0
Lecce,Bologna,3.0,1.0
Lecce,Brescia,0.0,1.0
Lecce,Brescia,1.0,1.0
Lecce,Brescia,3.0,2.0
Lecce,Cagliari,0.0,3.0
Lecce,Cagliari,1.0,4.0
Lecce,Cagliari,3.0,3.0
Lecce,Catania,0.0,2.0
Lecce,Catania,1.0,1.0
Lecce,Catania,3.0,3.0
Lecce,Cesena,0.0,1.0
Lecce,Cesena,1.0,2.0
Lecce,Cesena,3.0,1.0
Lecce,Chievo,0.0,3.0
Lecce,Chievo,1.0,3.0
Lecce,Chievo,3.0,2.0
Lecce,Empoli,0.0,2.0
Lecce,Fiorentina,0.0,4.0
Lecce,Fiorentina,1.0,2.0
Lecce,Fiorentina,3.0,4.0
Lecce,Genoa,0.0,5.0
Lecce,Genoa,1.0,3.0
Lecce,Inter,0.0,7.0
Lecce,Inter,1.0,2.0
Lecce,Inter,3.0,1.0
Lecce,Juventus,0.0,6.0
Lecce,Juventus,1.0,3.0
Lecce,Juventus,3.0,1.0
Lecce,Lazio,0.0,5.0
Lecce,Lazio,1.0,3.0
Lecce,Lazio,3.0,2.0
Lecce,Livorno,0.0,1.0
Lecce,Livorno,1.0,1.0
Lecce,Messina,0.0,2.0
Lecce,Milan,0.0,6.0
Lecce,Milan,1.0,3.0
Lecce,Milan,3.0,1.0
Lecce,Napoli,0.0,5.0
Lecce,Napoli,1.0,1.0
Lecce,Napoli,3.0,2.0
Lecce,Novara,1.0,2.0
Lecce,Palermo,0.0,4.0
Lecce,Palermo,1.0,3.0
Lecce,Palermo,3.0,1.0
Lecce,Parma,0.0,5.0
Lecce,Parma,1.0,2.0
Lecce,Parma,3.0,1.0
Lecce,Reggina,0.0,2.0
Lecce,Reggina,1.0,2.0
Lecce,Roma,0.0,8.0
Lecce,Roma,1.0,1.0
Lecce,Roma,3.0,1.0
Lecce,Sampdoria,0.0,5.0
Lecce,Sampdoria,1.0,1.0
Lecce,Sampdoria,3.0,2.0
Lecce,Sassuolo,0.0,1.0
Lecce,Sassuolo,1.0,1.0
Lecce,Siena,0.0,1.0
Lecce,Siena,1.0,1.0
Lecce,Siena,3.0,4.0
Lecce,Spal,3.0,2.0
Lecce,Torino,0.0,1.0
Lecce,Torino,1.0,1.0
Lecce,Torino,3.0,2.0
Lecce,Treviso,0.0,1.0
Lecce,Treviso,1.0,1.0
Lecce,Udinese,0.0,6.0
Lecce,Udinese,1.0,1.0
Lecce,Udinese,3.0,3.0
Lecce,Verona,0.0,2.0
Messina,Ascoli,0.0,2.0
Messina,Ascoli,1.0,2.0
Messina,Atalanta,0.0,1.0
Messina,Atalanta,1.0,1.0
Messina,Cagliari,0.0,1.0
Messina,Cagliari,1.0,2.0
Messina,Cagliari,3.0,1.0
Messina,Catania,1.0,2.0
Messina,Chievo,0.0,1.0
Messina,Chievo,1.0,1.0
Messina,Chievo,3.0,2.0
Messina,Empoli,0.0,2.0
Messina,Empoli,1.0,1.0
Messina,Empoli,3.0,1.0
Messina,Fiorentina,0.0,2.0
Messina,Fiorentina,1.0,2.0
Messina,Inter,0.0,4.0
Messina,Juventus,0.0,1.0
Messina,Juventus,1.0,1.0
Messina,Lazio,0.0,3.0
Messina,Lazio,1.0,1.0
Messina,Lecce,3.0,2.0
Messina,Livorno,0.0,2.0
Messina,Livorno,1.0,2.0
Messina,Milan,0.0,4.0
Messina,Palermo,0.0,2.0
Messina,Palermo,1.0,1.0
Messina,Palermo,3.0,1.0
Messina,Parma,0.0,2.0
Messina,Parma,1.0,2.0
Messina,Reggina,0.0,2.0
Messina,Reggina,1.0,1.0
Messina,Reggina,3.0,1.0
Messina,Roma,0.0,3.0
Messina,Roma,1.0,1.0
Messina,Sampdoria,0.0,4.0
Messina,Siena,0.0,2.0
Messina,Siena,1.0,1.0
Messina,Siena,3.0,1.0
Messina,Torino,0.0,1.0
Messina,Torino,1.0,1.0
Messina,Treviso,1.0,1.0
Messina,Treviso,3.0,1.0
Messina,Udinese,0.0,2.0
Messina,Udinese,1.0,1.0
Messina,Udinese,3.0,1.0
Roma,Ascoli,0.0,1.0
Roma,Ascoli,1.0,2.0
Roma,Ascoli,3.0,1.0
Roma,Atalanta,0.0,9.0
Roma,Atalanta,1.0,7.0
Roma,Atalanta,3.0,14.0
Roma,Bari,3.0,4.0
Roma,Benevento,1.0,1.0
Roma,Benevento,3.0,3.0
Roma,Bologna,0.0,4.0
Roma,Bologna,1.0,8.0
Roma,Bologna,3.0,14.0
Roma,Brescia,0.0,1.0
Roma,Brescia,1.0,1.0
Roma,Brescia,3.0,2.0
Roma,Cagliari,0.0,6.0
Roma,Cagliari,1.0,8.0
Roma,Cagliari,3.0,18.0
Roma,Carpi,3.0,2.0
Roma,Catania,0.0,4.0
Roma,Catania,1.0,5.0
Roma,Catania,3.0,7.0
Roma,Cesena,1.0,1.0
Roma,Cesena,3.0,5.0
Roma,Chievo,0.0,2.0
Roma,Chievo,1.0,10.0
Roma,Chievo,3.0,14.0
Roma,Crotone,3.0,6.0
Roma,Empoli,0.0,2.0
Roma,Empoli,1.0,3.0
Roma,Empoli,3.0,11.0
Roma,Fiorentina,0.0,6.0
Roma,Fiorentina,1.0,8.0
Roma,Fiorentina,3.0,20.0
Roma,Frosinone,3.0,4.0
Roma,Genoa,0.0,5.0
Roma,Genoa,1.0,4.0
Roma,Genoa,3.0,21.0
Roma,Inter,0.0,10.0
Roma,Inter,1.0,14.0
Roma,Inter,3.0,10.0
Roma,Juventus,0.0,19.0
Roma,Juventus,1.0,7.0
Roma,Juventus,3.0,6.0
Roma,Lazio,0.0,10.0
Roma,Lazio,1.0,8.0
Roma,Lazio,3.0,16.0
Roma,Lecce,0.0,1.0
Roma,Lecce,1.0,1.0
Roma,Lecce,3.0,8.0
Roma,Livorno,0.0,1.0
Roma,Livorno,1.0,5.0
Roma,Livorno,3.0,4.0
Roma,Messina,1.0,1.0
Roma,Messina,3.0,3.0
Roma,Milan,0.0,11.0
Roma,Milan,1.0,10.0
Roma,Milan,3.0,13.0
Roma,Napoli,0.0,11.0
Roma,Napoli,1.0,8.0
Roma,Napoli,3.0,11.0
Roma,Novara,3.0,2.0
Roma,Palermo,0.0,6.0
Roma,Palermo,1.0,3.0
Roma,Palermo,3.0,13.0
Roma,Parma,0.0,3.0
Roma,Parma,1.0,3.0
Roma,Parma,3.0,18.0
Roma,Pescara,1.0,1.0
Roma,Pescara,3.0,3.0
Roma,Reggina,0.0,1.0
Roma,Reggina,1.0,1.0
Roma,Reggina,3.0,6.0
Roma,Salernitana,3.0,2.0
Roma,Sampdoria,0.0,8.0
Roma,Sampdoria,1.0,9.0
Roma,Sampdoria,3.0,15.0
Roma,Sassuolo,0.0,1.0
Roma,Sassuolo,1.0,8.0
Roma,Sassuolo,3.0,9.0
Roma,Siena,0.0,4.0
Roma,Siena,1.0,1.0
Roma,Siena,3.0,9.0
Roma,Spal,0.0,2.0
Roma,Spal,3.0,4.0
Roma,Spezia,1.0,1.0
Roma,Spezia,3.0,3.0
Roma,Torino,0.0,4.0
Roma,Torino,1.0,4.0
Roma,Torino,3.0,18.0
Roma,Treviso,3.0,2.0
Roma,Udinese,0.0,7.0
Roma,Udinese,1.0,3.0
Roma,Udinese,3.0,24.0
Roma,Venezia,0.0,1.0
Roma,Venezia,1.0,1.0
Roma,Verona,0.0,1.0
Roma,Verona,1.0,5.0
Roma,Verona,3.0,8.0
Sampdoria,Ascoli,0.0,2.0
Sampdoria,Ascoli,1.0,1.0
Sampdoria,Ascoli,3.0,1.0
Sampdoria,Atalanta,0.0,12.0
Sampdoria,Atalanta,1.0,3.0
Sampdoria,Atalanta,3.0,13.0
Sampdoria,Bari,0.0,1.0
Sampdoria,Bari,1.0,1.0
Sampdoria,Bari,3.0,2.0
Sampdoria,Benevento,0.0,2.0
Sampdoria,Benevento,1.0,1.0
Sampdoria,Benevento,3.0,1.0
Sampdoria,Bologna,0.0,11.0
Sampdoria,Bologna,1.0,5.0
Sampdoria,Bologna,3.0,8.0
Sampdoria,Brescia,0.0,1.0
Sampdoria,Brescia,1.0,2.0
Sampdoria,Brescia,3.0,1.0
Sampdoria,Cagliari,0.0,12.0
Sampdoria,Cagliari,1.0,12.0
Sampdoria,Cagliari,3.0,6.0
Sampdoria,Carpi,0.0,1.0
Sampdoria,Carpi,3.0,1.0
Sampdoria,Catania,0.0,6.0
Sampdoria,Catania,1.0,3.0
Sampdoria,Catania,3.0,5.0
Sampdoria,Cesena,0.0,1.0
Sampdoria,Cesena,1.0,2.0
Sampdoria,Cesena,3.0,1.0
Sampdoria,Chievo,0.0,6.0
Sampdoria,Chievo,1.0,9.0
Sampdoria,Chievo,3.0,9.0
Sampdoria,Crotone,0.0,2.0
Sampdoria,Crotone,1.0,1.0
Sampdoria,Crotone,3.0,3.0
Sampdoria,Empoli,0.0,4.0
Sampdoria,Empoli,1.0,4.0
Sampdoria,Empoli,3.0,8.0
Sampdoria,Fiorentina,0.0,12.0
Sampdoria,Fiorentina,1.0,11.0
Sampdoria,Fiorentina,3.0,9.0
Sampdoria,Frosinone,0.0,2.0
Sampdoria,Frosinone,3.0,2.0
Sampdoria,Genoa,0.0,8.0
Sampdoria,Genoa,1.0,7.0
Sampdoria,Genoa,3.0,13.0
Sampdoria,Inter,0.0,18.0
Sampdoria,Inter,1.0,9.0
Sampdoria,Inter,3.0,5.0
Sampdoria,Juventus,0.0,18.0
Sampdoria,Juventus,1.0,7.0
Sampdoria,Juventus,3.0,5.0
Sampdoria,Lazio,0.0,20.0
Sampdoria,Lazio,1.0,5.0
Sampdoria,Lazio,3.0,7.0
Sampdoria,Lecce,0.0,2.0
Sampdoria,Lecce,1.0,1.0
Sampdoria,Lecce,3.0,5.0
Sampdoria,Livorno,0.0,4.0
Sampdoria,Livorno,1.0,1.0
Sampdoria,Livorno,3.0,5.0
Sampdoria,Messina,3.0,4.0
Sampdoria,Milan,0.0,16.0
Sampdoria,Milan,1.0,8.0
Sampdoria,Milan,3.0,8.0
Sampdoria,Napoli,0.0,21.0
Sampdoria,Napoli,1.0,4.0
Sampdoria,Napoli,3.0,3.0
Sampdoria,Palermo,0.0,8.0
Sampdoria,Palermo,1.0,8.0
Sampdoria,Palermo,3.0,4.0
Sampdoria,Parma,0.0,7.0
Sampdoria,Parma,1.0,5.0
Sampdoria,Parma,3.0,10.0
Sampdoria,Pescara,1.0,1.0
Sampdoria,Pescara,3.0,3.0
Sampdoria,Reggina,0.0,2.0
Sampdoria,Reggina,1.0,1.0
Sampdoria,Reggina,3.0,5.0
Sampdoria,Roma,0.0,15.0
Sampdoria,Roma,1.0,9.0
Sampdoria,Roma,3.0,8.0
Sampdoria,Salernitana,0.0,1.0
Sampdoria,Salernitana,3.0,1.0
Sampdoria,Sassuolo,0.0,8.0
Sampdoria,Sassuolo,1.0,6.0
Sampdoria,Sassuolo,3.0,4.0
Sampdoria,Siena,0.0,2.0
Sampdoria,Siena,1.0,4.0
Sampdoria,Siena,3.0,6.0
Sampdoria,Spal,0.0,1.0
Sampdoria,Spal,3.0,5.0
Sampdoria,Spezia,0.0,2.0
Sampdoria,Spezia,1.0,1.0
Sampdoria,Spezia,3.0,1.0
Sampdoria,Torino,0.0,8.0
Sampdoria,Torino,1.0,9.0
Sampdoria,Torino,3.0,9.0
Sampdoria,Treviso,1.0,1.0
Sampdoria,Treviso,3.0,1.0
Sampdoria,Udinese,0.0,10.0
Sampdoria,Udinese,1.0,10.0
Sampdoria,Udinese,3.0,12.0
Sampdoria,Venezia,1.0,1.0
Sampdoria,Venezia,3.0,1.0
Sampdoria,Verona,0.0,2.0
Sampdoria,Verona,1.0,3.0
Sampdoria,Verona,3.0,9.0
Treviso,Ascoli,0.0,1.0
Treviso,Ascoli,1.0,1.0
Treviso,Cagliari,0.0,1.0
Treviso,Cagliari,1.0,1.0
Treviso,Chievo,0.0,1.0
Treviso,Chievo,1.0,1.0
Treviso,Empoli,0.0,1.0
Treviso,Empoli,1.0,1.0
Treviso,Fiorentina,0.0,2.0
Treviso,Inter,0.0,2.0
Treviso,Juventus,0.0,1.0
Treviso,Juventus,1.0,1.0
Treviso,Lazio,0.0,2.0
Treviso,Lecce,1.0,1.0
Treviso,Lecce,3.0,1.0
Treviso,Livorno,0.0,1.0
Treviso,Livorno,1.0,1.0
Treviso,Messina,0.0,1.0
Treviso,Messina,1.0,1.0
Treviso,Milan,0.0,2.0
Treviso,Palermo,0.0,1.0
Treviso,Palermo,1.0,1.0
Treviso,Parma,0.0,1.0
Treviso,Parma,1.0,1.0
Treviso,Reggina,0.0,1.0
Treviso,Reggina,3.0,1.0
Treviso,Roma,0.0,2.0
Treviso,Sampdoria,0.0,1.0
Treviso,Sampdoria,1.0,1.0
Treviso,Siena,0.0,2.0
Treviso,Udinese,1.0,1.0
Treviso,Udinese,3.0,1.0
Atalanta,Ascoli,3.0,2.0
Atalanta,Bari,0.0,1.0
Atalanta,Bari,3.0,1.0
Atalanta,Benevento,3.0,4.0
Atalanta,Bologna,0.0,5.0
Atalanta,Bologna,1.0,5.0
Atalanta,Bologna,3.0,14.0
Atalanta,Brescia,3.0,2.0
Atalanta,Cagliari,0.0,11.0
Atalanta,Cagliari,1.0,4.0
Atalanta,Cagliari,3.0,13.0
Atalanta,Carpi,1.0,1.0
Atalanta,Carpi,3.0,1.0
Atalanta,Catania,0.0,4.0
Atalanta,Catania,1.0,7.0
Atalanta,Catania,3.0,3.0
Atalanta,Cesena,1.0,1.0
Atalanta,Cesena,3.0,3.0
Atalanta,Chievo,0.0,4.0
Atalanta,Chievo,1.0,9.0
Atalanta,Chievo,3.0,9.0
Atalanta,Crotone,1.0,1.0
Atalanta,Crotone,3.0,5.0
Atalanta,Empoli,0.0,3.0
Atalanta,Empoli,1.0,5.0
Atalanta,Empoli,3.0,6.0
Atalanta,Fiorentina,0.0,15.0
Atalanta,Fiorentina,1.0,9.0
Atalanta,Fiorentina,3.0,6.0
Atalanta,Frosinone,1.0,1.0
Atalanta,Frosinone,3.0,3.0
Atalanta,Genoa,0.0,7.0
Atalanta,Genoa,1.0,11.0
Atalanta,Genoa,3.0,10.0
Atalanta,Inter,0.0,12.0
Atalanta,Inter,1.0,12.0
Atalanta,Inter,3.0,6.0
Atalanta,Juventus,0.0,18.0
Atalanta,Juventus,1.0,8.0
Atalanta,Juventus,3.0,2.0
Atalanta,Lazio,0.0,12.0
Atalanta,Lazio,1.0,7.0
Atalanta,Lazio,3.0,11.0
Atalanta,Lecce,1.0,3.0
Atalanta,Lecce,3.0,3.0
Atalanta,Livorno,0.0,3.0
Atalanta,Livorno,1.0,1.0
Atalanta,Livorno,3.0,4.0
Atalanta,Messina,1.0,1.0
Atalanta,Messina,3.0,1.0
Atalanta,Milan,0.0,13.0
Atalanta,Milan,1.0,7.0
Atalanta,Milan,3.0,10.0
Atalanta,Napoli,0.0,12.0
Atalanta,Napoli,1.0,5.0
Atalanta,Napoli,3.0,11.0
Atalanta,Novara,1.0,1.0
Atalanta,Novara,3.0,1.0
Atalanta,Palermo,0.0,6.0
Atalanta,Palermo,1.0,5.0
Atalanta,Palermo,3.0,7.0
Atalanta,Parma,0.0,5.0
Atalanta,Parma,1.0,3.0
Atalanta,Parma,3.0,12.0
Atalanta,Pescara,1.0,1.0
Atalanta,Pescara,3.0,3.0
Atalanta,Reggina,0.0,2.0
Atalanta,Reggina,1.0,4.0
Atalanta,Roma,0.0,14.0
Atalanta,Roma,1.0,7.0
Atalanta,Roma,3.0,9.0
Atalanta,Salernitana,1.0,1.0
Atalanta,Salernitana,3.0,1.0
Atalanta,Sampdoria,0.0,13.0
Atalanta,Sampdoria,1.0,3.0
Atalanta,Sampdoria,3.0,12.0
Atalanta,Sassuolo,0.0,3.0
Atalanta,Sassuolo,1.0,5.0
Atalanta,Sassuolo,3.0,10.0
Atalanta,Siena,0.0,2.0
Atalanta,Siena,1.0,4.0
Atalanta,Siena,3.0,6.0
Atalanta,Spal,0.0,2.0
Atalanta,Spal,1.0,2.0
Atalanta,Spal,3.0,2.0
Atalanta,Spezia,1.0,1.0
Atalanta,Spezia,3.0,3.0
Atalanta,Torino,0.0,11.0
Atalanta,Torino,1.0,7.0
Atalanta,Torino,3.0,8.0
Atalanta,Udinese,0.0,8.0
Atalanta,Udinese,1.0,11.0
Atalanta,Udinese,3.0,11.0
Atalanta,Venezia,3.0,2.0
Atalanta,Verona,0.0,6.0
Atalanta,Verona,1.0,3.0
Atalanta,Verona,3.0,5.0
Torino,Ascoli,3.0,2.0
Torino,Atalanta,0.0,8.0
Torino,Atalanta,1.0,7.0
Torino,Atalanta,3.0,11.0
Torino,Benevento,1.0,2.0
Torino,Benevento,3.0,2.0
Torino,Bologna,0.0,4.0
Torino,Bologna,1.0,8.0
Torino,Bologna,3.0,8.0
Torino,Brescia,3.0,2.0
Torino,Cagliari,0.0,8.0
Torino,Cagliari,1.0,7.0
Torino,Cagliari,3.0,9.0
Torino,Carpi,0.0,1.0
Torino,Carpi,1.0,1.0
Torino,Catania,0.0,1.0
Torino,Catania,1.0,4.0
Torino,Catania,3.0,5.0
Torino,Cesena,3.0,2.0
Torino,Chievo,0.0,3.0
Torino,Chievo,1.0,6.0
Torino,Chievo,3.0,9.0
Torino,Crotone,0.0,1.0
Torino,Crotone,1.0,3.0
Torino,Crotone,3.0,2.0
Torino,Empoli,0.0,5.0
Torino,Empoli,1.0,6.0
Torino,Empoli,3.0,3.0
Torino,Fiorentina,0.0,13.0
Torino,Fiorentina,1.0,9.0
Torino,Fiorentina,3.0,4.0
Torino,Frosinone,3.0,4.0
Torino,Genoa,0.0,7.0
Torino,Genoa,1.0,7.0
Torino,Genoa,3.0,10.0
Torino,Inter,0.0,14.0
Torino,Inter,1.0,8.0
Torino,Inter,3.0,4.0
Torino,Juventus,0.0,18.0
Torino,Juventus,1.0,5.0
Torino,Juventus,3.0,1.0
Torino,Lazio,0.0,11.0
Torino,Lazio,1.0,11.0
Torino,Lazio,3.0,4.0
Torino,Lecce,0.0,2.0
Torino,Lecce,1.0,1.0
Torino,Lecce,3.0,1.0
Torino,Livorno,0.0,1.0
Torino,Livorno,1.0,3.0
Torino,Livorno,3.0,2.0
Torino,Messina,1.0,1.0
Torino,Messina,3.0,1.0
Torino,Milan,0.0,12.0
Torino,Milan,1.0,12.0
Torino,Milan,3.0,2.0
Torino,Napoli,0.0,14.0
Torino,Napoli,1.0,6.0
Torino,Napoli,3.0,4.0
Torino,Palermo,0.0,2.0
Torino,Palermo,1.0,6.0
Torino,Palermo,3.0,6.0
Torino,Parma,0.0,7.0
Torino,Parma,1.0,5.0
Torino,Parma,3.0,4.0
Torino,Pescara,1.0,1.0
Torino,Pescara,3.0,3.0
Torino,Reggina,0.0,1.0
Torino,Reggina,1.0,4.0
Torino,Reggina,3.0,1.0
Torino,Roma,0.0,18.0
Torino,Roma,1.0,4.0
Torino,Roma,3.0,4.0
Torino,Salernitana,3.0,2.0
Torino,Sampdoria,0.0,9.0
Torino,Sampdoria,1.0,9.0
Torino,Sampdoria,3.0,8.0
Torino,Sassuolo,0.0,3.0
Torino,Sassuolo,1.0,7.0
Torino,Sassuolo,3.0,8.0
Torino,Siena,0.0,3.0
Torino,Siena,1.0,3.0
Torino,Siena,3.0,2.0
Torino,Spal,0.0,1.0
Torino,Spal,1.0,3.0
Torino,Spal,3.0,2.0
Torino,Spezia,0.0,2.0
Torino,Spezia,1.0,1.0
Torino,Spezia,3.0,1.0
Torino,Udinese,0.0,11.0
Torino,Udinese,1.0,4.0
Torino,Udinese,3.0,11.0
Torino,Venezia,0.0,1.0
Torino,Venezia,1.0,1.0
Torino,Verona,0.0,2.0
Torino,Verona,1.0,8.0
Torino,Verona,3.0,4.0
Catania,Ascoli,1.0,2.0
Catania,Atalanta,0.0,3.0
Catania,Atalanta,1.0,7.0
Catania,Atalanta,3.0,4.0
Catania,Bari,1.0,2.0
Catania,Bari,3.0,2.0
Catania,Bologna,0.0,6.0
Catania,Bologna,1.0,2.0
Catania,Bologna,3.0,4.0
Catania,Brescia,3.0,2.0
Catania,Cagliari,0.0,6.0
Catania,Cagliari,1.0,5.0
Catania,Cagliari,3.0,5.0
Catania,Cesena,1.0,2.0
Catania,Cesena,3.0,2.0
Catania,Chievo,0.0,6.0
Catania,Chievo,1.0,4.0
Catania,Chievo,3.0,4.0
Catania,Empoli,0.0,2.0
Catania,Empoli,3.0,2.0
Catania,Fiorentina,0.0,11.0
Catania,Fiorentina,1.0,2.0
Catania,Fiorentina,3.0,3.0
Catania,Genoa,0.0,5.0
Catania,Genoa,1.0,3.0
Catania,Genoa,3.0,6.0
Catania,Inter,0.0,12.0
Catania,Inter,1.0,2.0
Catania,Inter,3.0,2.0
Catania,Juventus,0.0,7.0
Catania,Juventus,1.0,6.0
Catania,Juventus,3.0,1.0
Catania,Lazio,0.0,6.0
Catania,Lazio,1.0,3.0
Catania,Lazio,3.0,7.0
Catania,Lecce,0.0,3.0
Catania,Lecce,1.0,1.0
Catania,Lecce,3.0,2.0
Catania,Livorno,0.0,5.0
Catania,Livorno,1.0,1.0
Catania,Livorno,3.0,2.0
Catania,Messina,1.0,2.0
Catania,Milan,0.0,10.0
Catania,Milan,1.0,6.0
Catania,Napoli,0.0,7.0
Catania,Napoli,1.0,4.0
Catania,Napoli,3.0,3.0
Catania,Novara,1.0,1.0
Catania,Novara,3.0,1.0
Catania,Palermo,0.0,5.0
Catania,Palermo,1.0,3.0
Catania,Palermo,3.0,6.0
Catania,Parma,0.0,2.0
Catania,Parma,1.0,7.0
Catania,Parma,3.0,5.0
Catania,Pescara,0.0,1.0
Catania,Pescara,3.0,1.0
Catania,Reggina,0.0,3.0
Catania,Reggina,1.0,1.0
Catania,Reggina,3.0,2.0
Catania,Roma,0.0,7.0
Catania,Roma,1.0,5.0
Catania,Roma,3.0,4.0
Catania,Sampdoria,0.0,5.0
Catania,Sampdoria,1.0,3.0
Catania,Sampdoria,3.0,6.0
Catania,Sassuolo,0.0,1.0
Catania,Sassuolo,1.0,1.0
Catania,Siena,0.0,2.0
Catania,Siena,1.0,7.0
Catania,Siena,3.0,3.0
Catania,Torino,0.0,5.0
Catania,Torino,1.0,4.0
Catania,Torino,3.0,1.0
Catania,Udinese,0.0,7.0
Catania,Udinese,1.0,3.0
Catania,Udinese,3.0,6.0
Catania,Verona,0.0,1.0
Catania,Verona,1.0,1.0
Genoa,Atalanta,0.0,10.0
Genoa,Atalanta,1.0,11.0
Genoa,Atalanta,3.0,7.0
Genoa,Bari,0.0,1.0
Genoa,Bari,1.0,2.0
Genoa,Bari,3.0,1.0
Genoa,Benevento,0.0,2.0
Genoa,Benevento,1.0,1.0
Genoa,Benevento,3.0,1.0
Genoa,Bologna,0.0,9.0
Genoa,Bologna,1.0,8.0
Genoa,Bologna,3.0,9.0
Genoa,Brescia,1.0,2.0
Genoa,Brescia,3.0,2.0
Genoa,Cagliari,0.0,10.0
Genoa,Cagliari,1.0,2.0
Genoa,Cagliari,3.0,16.0
Genoa,Carpi,0.0,2.0
Genoa,Catania,0.0,6.0
Genoa,Catania,1.0,3.0
Genoa,Catania,3.0,5.0
Genoa,Cesena,0.0,1.0
Genoa,Cesena,1.0,2.0
Genoa,Cesena,3.0,3.0
Genoa,Chievo,0.0,9.0
Genoa,Chievo,1.0,5.0
Genoa,Chievo,3.0,8.0
Genoa,Crotone,1.0,1.0
Genoa,Crotone,3.0,5.0
Genoa,Empoli,0.0,2.0
Genoa,Empoli,1.0,6.0
Genoa,Empoli,3.0,4.0
Genoa,Fiorentina,0.0,12.0
Genoa,Fiorentina,1.0,15.0
Genoa,Fiorentina,3.0,3.0
Genoa,Frosinone,1.0,2.0
Genoa,Frosinone,3.0,2.0
Genoa,Inter,0.0,19.0
Genoa,Inter,1.0,6.0
Genoa,Inter,3.0,5.0
Genoa,Juventus,0.0,20.0
Genoa,Juventus,1.0,5.0
Genoa,Juventus,3.0,5.0
Genoa,Lazio,0.0,14.0
Genoa,Lazio,1.0,5.0
Genoa,Lazio,3.0,11.0
Genoa,Lecce,1.0,3.0
Genoa,Lecce,3.0,5.0
Genoa,Livorno,0.0,1.0
Genoa,Livorno,1.0,4.0
Genoa,Livorno,3.0,1.0
Genoa,Milan,0.0,18.0
Genoa,Milan,1.0,5.0
Genoa,Milan,3.0,7.0
Genoa,Napoli,0.0,17.0
Genoa,Napoli,1.0,6.0
Genoa,Napoli,3.0,7.0
Genoa,Novara,1.0,1.0
Genoa,Novara,3.0,1.0
Genoa,Palermo,0.0,7.0
Genoa,Palermo,1.0,6.0
Genoa,Palermo,3.0,5.0
Genoa,Parma,0.0,7.0
Genoa,Parma,1.0,6.0
Genoa,Parma,3.0,7.0
Genoa,Pescara,0.0,2.0
Genoa,Pescara,1.0,1.0
Genoa,Pescara,3.0,1.0
Genoa,Reggina,0.0,1.0
Genoa,Reggina,3.0,3.0
Genoa,Roma,0.0,21.0
Genoa,Roma,1.0,4.0
Genoa,Roma,3.0,5.0
Genoa,Salernitana,0.0,1.0
Genoa,Salernitana,1.0,1.0
Genoa,Sampdoria,0.0,13.0
Genoa,Sampdoria,1.0,7.0
Genoa,Sampdoria,3.0,8.0
Genoa,Sassuolo,0.0,8.0
Genoa,Sassuolo,1.0,5.0
Genoa,Sassuolo,3.0,5.0
Genoa,Siena,0.0,3.0
Genoa,Siena,1.0,3.0
Genoa,Siena,3.0,4.0
Genoa,Spal,0.0,1.0
Genoa,Spal,1.0,4.0
Genoa,Spal,3.0,1.0
Genoa,Spezia,0.0,1.0
Genoa,Spezia,1.0,1.0
Genoa,Spezia,3.0,2.0
Genoa,Torino,0.0,10.0
Genoa,Torino,1.0,7.0
Genoa,Torino,3.0,7.0
Genoa,Udinese,0.0,10.0
Genoa,Udinese,1.0,11.0
Genoa,Udinese,3.0,9.0
Genoa,Venezia,1.0,2.0
Genoa,Verona,0.0,3.0
Genoa,Verona,1.0,5.0
Genoa,Verona,3.0,6.0
Napoli,Atalanta,0.0,11.0
Napoli,Atalanta,1.0,5.0
Napoli,Atalanta,3.0,12.0
Napoli,Bari,1.0,1.0
Napoli,Bari,3.0,3.0
Napoli,Benevento,3.0,4.0
Napoli,Bologna,0.0,6.0
Napoli,Bologna,1.0,4.0
Napoli,Bologna,3.0,16.0
Napoli,Brescia,1.0,1.0
Napoli,Brescia,3.0,3.0
Napoli,Cagliari,0.0,4.0
Napoli,Cagliari,1.0,8.0
Napoli,Cagliari,3.0,16.0
Napoli,Carpi,1.0,1.0
Napoli,Carpi,3.0,1.0
Napoli,Catania,0.0,3.0
Napoli,Catania,1.0,4.0
Napoli,Catania,3.0,7.0
Napoli,Cesena,1.0,1.0
Napoli,Cesena,3.0,5.0
Napoli,Chievo,0.0,6.0
Napoli,Chievo,1.0,3.0
Napoli,Chievo,3.0,13.0
Napoli,Crotone,3.0,6.0
Napoli,Empoli,0.0,5.0
Napoli,Empoli,1.0,3.0
Napoli,Empoli,3.0,4.0
Napoli,Fiorentina,0.0,7.0
Napoli,Fiorentina,1.0,8.0
Napoli,Fiorentina,3.0,15.0
Napoli,Frosinone,3.0,4.0
Napoli,Genoa,0.0,7.0
Napoli,Genoa,1.0,6.0
Napoli,Genoa,3.0,17.0
Napoli,Inter,0.0,11.0
Napoli,Inter,1.0,9.0
Napoli,Inter,3.0,10.0
Napoli,Juventus,0.0,14.0
Napoli,Juventus,1.0,5.0
Napoli,Juventus,3.0,11.0
Napoli,Lazio,0.0,7.0
Napoli,Lazio,1.0,6.0
Napoli,Lazio,3.0,17.0
Napoli,Lecce,0.0,2.0
Napoli,Lecce,1.0,1.0
Napoli,Lecce,3.0,5.0
Napoli,Livorno,1.0,1.0
Napoli,Livorno,3.0,5.0
Napoli,Milan,0.0,7.0
Napoli,Milan,1.0,11.0
Napoli,Milan,3.0,12.0
Napoli,Novara,1.0,1.0
Napoli,Novara,3.0,1.0
Napoli,Palermo,0.0,5.0
Napoli,Palermo,1.0,3.0
Napoli,Palermo,3.0,10.0
Napoli,Parma,0.0,6.0
Napoli,Parma,1.0,2.0
Napoli,Parma,3.0,12.0
Napoli,Pescara,1.0,1.0
Napoli,Pescara,3.0,3.0
Napoli,Reggina,1.0,3.0
Napoli,Reggina,3.0,1.0
Napoli,Roma,0.0,11.0
Napoli,Roma,1.0,8.0
Napoli,Roma,3.0,11.0
Napoli,Salernitana,3.0,2.0
Napoli,Sampdoria,0.0,3.0
Napoli,Sampdoria,1.0,4.0
Napoli,Sampdoria,3.0,21.0
Napoli,Sassuolo,0.0,2.0
Napoli,Sassuolo,1.0,7.0
Napoli,Sassuolo,3.0,9.0
Napoli,Siena,0.0,1.0
Napoli,Siena,1.0,4.0
Napoli,Siena,3.0,5.0
Napoli,Spal,1.0,1.0
Napoli,Spal,3.0,5.0
Napoli,Spezia,0.0,2.0
Napoli,Spezia,3.0,2.0
Napoli,Torino,0.0,4.0
Napoli,Torino,1.0,6.0
Napoli,Torino,3.0,14.0
Napoli,Udinese,0.0,5.0
Napoli,Udinese,1.0,8.0
Napoli,Udinese,3.0,17.0
Napoli,Venezia,3.0,2.0
Napoli,Verona,0.0,2.0
Napoli,Verona,1.0,2.0
Napoli,Verona,3.0,10.0
Bologna,Atalanta,0.0,14.0
Bologna,Atalanta,1.0,5.0
Bologna,Atalanta,3.0,5.0
Bologna,Bari,0.0,1.0
Bologna,Bari,1.0,1.0
Bologna,Bari,3.0,2.0
Bologna,Benevento,0.0,1.0
Bologna,Benevento,1.0,1.0
Bologna,Benevento,3.0,2.0
Bologna,Brescia,0.0,1.0
Bologna,Brescia,3.0,3.0
Bologna,Cagliari,0.0,9.0
Bologna,Cagliari,1.0,7.0
Bologna,Cagliari,3.0,8.0
Bologna,Carpi,1.0,1.0
Bologna,Carpi,3.0,1.0
Bologna,Catania,0.0,4.0
Bologna,Catania,1.0,2.0
Bologna,Catania,3.0,6.0
Bologna,Cesena,0.0,2.0
Bologna,Cesena,1.0,1.0
Bologna,Cesena,3.0,1.0
Bologna,Chievo,0.0,6.0
Bologna,Chievo,1.0,8.0
Bologna,Chievo,3.0,6.0
Bologna,Crotone,0.0,2.0
Bologna,Crotone,3.0,4.0
Bologna,Empoli,0.0,4.0
Bologna,Empoli,1.0,3.0
Bologna,Empoli,3.0,1.0
Bologna,Fiorentina,0.0,14.0
Bologna,Fiorentina,1.0,9.0
Bologna,Fiorentina,3.0,3.0
Bologna,Frosinone,0.0,2.0
Bologna,Frosinone,1.0,1.0
Bologna,Frosinone,3.0,1.0
Bologna,Genoa,0.0,9.0
Bologna,Genoa,1.0,8.0
Bologna,Genoa,3.0,9.0
Bologna,Inter,0.0,16.0
Bologna,Inter,1.0,5.0
Bologna,Inter,3.0,5.0
Bologna,Juventus,0.0,19.0
Bologna,Juventus,1.0,6.0
Bologna,Juventus,3.0,1.0
Bologna,Lazio,0.0,13.0
Bologna,Lazio,1.0,8.0
Bologna,Lazio,3.0,5.0
Bologna,Lecce,0.0,1.0
Bologna,Lecce,1.0,2.0
Bologna,Lecce,3.0,5.0
Bologna,Livorno,0.0,1.0
Bologna,Livorno,3.0,3.0
Bologna,Milan,0.0,18.0
Bologna,Milan,1.0,6.0
Bologna,Milan,3.0,2.0
Bologna,Napoli,0.0,16.0
Bologna,Napoli,1.0,4.0
Bologna,Napoli,3.0,6.0
Bologna,Novara,3.0,2.0
Bologna,Palermo,0.0,6.0
Bologna,Palermo,1.0,4.0
Bologna,Palermo,3.0,4.0
Bologna,Parma,0.0,3.0
Bologna,Parma,1.0,8.0
Bologna,Parma,3.0,5.0
Bologna,Pescara,1.0,1.0
Bologna,Pescara,3.0,3.0
Bologna,Reggina,0.0,1.0
Bologna,Reggina,1.0,1.0
Bologna,Roma,0.0,14.0
Bologna,Roma,1.0,8.0
Bologna,Roma,3.0,4.0
Bologna,Salernitana,1.0,1.0
Bologna,Salernitana,3.0,1.0
Bologna,Sampdoria,0.0,8.0
Bologna,Sampdoria,1.0,5.0
Bologna,Sampdoria,3.0,11.0
Bologna,Sassuolo,0.0,6.0
Bologna,Sassuolo,1.0,4.0
Bologna,Sassuolo,3.0,6.0
Bologna,Siena,0.0,3.0
Bologna,Siena,1.0,3.0
Bologna,Siena,3.0,2.0
Bologna,Spal,0.0,2.0
Bologna,Spal,1.0,1.0
Bologna,Spal,3.0,3.0
Bologna,Spezia,1.0,1.0
Bologna,Spezia,3.0,3.0
Bologna,Torino,0.0,8.0
Bologna,Torino,1.0,8.0
Bologna,Torino,3.0,4.0
Bologna,Udinese,0.0,11.0
Bologna,Udinese,1.0,10.0
Bologna,Udinese,3.0,5.0
Bologna,Venezia,0.0,2.0
Bologna,Verona,0.0,3.0
Bologna,Verona,1.0,4.0
Bologna,Verona,3.0,5.0
Bari,Atalanta,0.0,1.0
Bari,Atalanta,3.0,1.0
Bari,Bologna,0.0,2.0
Bari,Bologna,1.0,1.0
Bari,Bologna,3.0,1.0
Bari,Brescia,0.0,1.0
Bari,Brescia,3.0,1.0
Bari,Cagliari,0.0,3.0
Bari,Cagliari,1.0,1.0
Bari,Catania,0.0,2.0
Bari,Catania,1.0,2.0
Bari,Cesena,0.0,1.0
Bari,Cesena,1.0,1.0
Bari,Chievo,0.0,1.0
Bari,Chievo,1.0,1.0
Bari,Chievo,3.0,2.0
Bari,Fiorentina,0.0,2.0
Bari,Fiorentina,1.0,1.0
Bari,Fiorentina,3.0,1.0
Bari,Genoa,0.0,1.0
Bari,Genoa,1.0,2.0
Bari,Genoa,3.0,1.0
Bari,Inter,0.0,2.0
Bari,Inter,1.0,2.0
Bari,Juventus,0.0,2.0
Bari,Juventus,3.0,2.0
Bari,Lazio,0.0,2.0
Bari,Lazio,3.0,2.0
Bari,Lecce,0.0,1.0
Bari,Lecce,3.0,1.0
Bari,Livorno,1.0,1.0
Bari,Livorno,3.0,1.0
Bari,Milan,0.0,2.0
Bari,Milan,1.0,2.0
Bari,Napoli,0.0,3.0
Bari,Napoli,1.0,1.0
Bari,Palermo,0.0,1.0
Bari,Palermo,1.0,2.0
Bari,Palermo,3.0,1.0
Bari,Parma,0.0,2.0
Bari,Parma,1.0,1.0
Bari,Parma,3.0,1.0
Bari,Roma,0.0,4.0
Bari,Sampdoria,0.0,2.0
Bari,Sampdoria,1.0,1.0
Bari,Sampdoria,3.0,1.0
Bari,Siena,0.0,1.0
Bari,Siena,3.0,1.0
Bari,Udinese,0.0,2.0
Bari,Udinese,1.0,1.0
Bari,Udinese,3.0,1.0
Cesena,Atalanta,0.0,3.0
Cesena,Atalanta,1.0,1.0
Cesena,Bari,1.0,1.0
Cesena,Bari,3.0,1.0
Cesena,Bologna,0.0,1.0
Cesena,Bologna,1.0,1.0
Cesena,Bologna,3.0,2.0
Cesena,Brescia,3.0,2.0
Cesena,Cagliari,0.0,3.0
Cesena,Cagliari,1.0,1.0
Cesena,Cagliari,3.0,2.0
Cesena,Catania,0.0,2.0
Cesena,Catania,1.0,2.0
Cesena,Chievo,0.0,4.0
Cesena,Chievo,1.0,1.0
Cesena,Chievo,3.0,1.0
Cesena,Empoli,0.0,1.0
Cesena,Empoli,1.0,1.0
Cesena,Fiorentina,0.0,4.0
Cesena,Fiorentina,1.0,2.0
Cesena,Genoa,0.0,3.0
Cesena,Genoa,1.0,2.0
Cesena,Genoa,3.0,1.0
Cesena,Inter,0.0,5.0
Cesena,Inter,1.0,1.0
Cesena,Juventus,0.0,4.0
Cesena,Juventus,1.0,2.0
Cesena,Lazio,0.0,4.0
Cesena,Lazio,3.0,2.0
Cesena,Lecce,0.0,1.0
Cesena,Lecce,1.0,2.0
Cesena,Lecce,3.0,1.0
Cesena,Milan,0.0,4.0
Cesena,Milan,1.0,1.0
Cesena,Milan,3.0,1.0
Cesena,Napoli,0.0,5.0
Cesena,Napoli,1.0,1.0
Cesena,Novara,0.0,1.0
Cesena,Novara,3.0,1.0
Cesena,Palermo,0.0,2.0
Cesena,Palermo,1.0,3.0
Cesena,Palermo,3.0,1.0
Cesena,Parma,0.0,1.0
Cesena,Parma,1.0,3.0
Cesena,Parma,3.0,2.0
Cesena,Roma,0.0,5.0
Cesena,Roma,1.0,1.0
Cesena,Sampdoria,0.0,1.0
Cesena,Sampdoria,1.0,2.0
Cesena,Sampdoria,3.0,1.0
Cesena,Sassuolo,0.0,1.0
Cesena,Sassuolo,1.0,1.0
Cesena,Siena,0.0,2.0
Cesena,Torino,0.0,2.0
Cesena,Udinese,0.0,4.0
Cesena,Udinese,1.0,1.0
Cesena,Udinese,3.0,1.0
Cesena,Verona,1.0,2.0
Brescia,Atalanta,0.0,2.0
Brescia,Bari,0.0,1.0
Brescia,Bari,3.0,1.0
Brescia,Bologna,0.0,3.0
Brescia,Bologna,3.0,1.0
Brescia,Cagliari,0.0,1.0
Brescia,Cagliari,1.0,2.0
Brescia,Cagliari,3.0,1.0
Brescia,Catania,0.0,2.0
Brescia,Cesena,0.0,2.0
Brescia,Chievo,0.0,1.0
Brescia,Chievo,3.0,1.0
Brescia,Fiorentina,0.0,1.0
Brescia,Fiorentina,1.0,3.0
Brescia,Genoa,0.0,2.0
Brescia,Genoa,1.0,2.0
Brescia,Inter,0.0,2.0
Brescia,Inter,1.0,2.0
Brescia,Juventus,0.0,3.0
Brescia,Juventus,1.0,1.0
Brescia,Lazio,0.0,4.0
Brescia,Lecce,0.0,2.0
Brescia,Lecce,1.0,1.0
Brescia,Lecce,3.0,1.0
Brescia,Milan,0.0,4.0
Brescia,Napoli,0.0,3.0
Brescia,Napoli,1.0,1.0
Brescia,Palermo,0.0,1.0
Brescia,Palermo,3.0,1.0
Brescia,Parma,0.0,2.0
Brescia,Parma,1.0,1.0
Brescia,Parma,3.0,1.0
Brescia,Roma,0.0,2.0
Brescia,Roma,1.0,1.0
Brescia,Roma,3.0,1.0
Brescia,Sampdoria,0.0,1.0
Brescia,Sampdoria,1.0,2.0
Brescia,Sampdoria,3.0,1.0
Brescia,Sassuolo,0.0,2.0
Brescia,Spal,3.0,2.0
Brescia,Torino,0.0,2.0
Brescia,Udinese,0.0,1.0
Brescia,Udinese,1.0,2.0
Brescia,Udinese,3.0,1.0
Brescia,Verona,0.0,1.0
Brescia,Verona,3.0,1.0
Novara,Atalanta,0.0,1.0
Novara,Atalanta,1.0,1.0
Novara,Bologna,0.0,2.0
Novara,Cagliari,0.0,1.0
Novara,Cagliari,1.0,1.0
Novara,Catania,0.0,1.0
Novara,Catania,1.0,1.0
Novara,Cesena,0.0,1.0
Novara,Cesena,3.0,1.0
Novara,Chievo,0.0,1.0
Novara,Chievo,1.0,1.0
Novara,Fiorentina,0.0,1.0
Novara,Fiorentina,1.0,1.0
Novara,Genoa,0.0,1.0
Novara,Genoa,1.0,1.0
Novara,Inter,3.0,2.0
Novara,Juventus,0.0,2.0
Novara,Lazio,0.0,1.0
Novara,Lazio,3.0,1.0
Novara,Lecce,1.0,2.0
Novara,Milan,0.0,2.0
Novara,Napoli,0.0,1.0
Novara,Napoli,1.0,1.0
Novara,Palermo,0.0,1.0
Novara,Palermo,1.0,1.0
Novara,Parma,0.0,1.0
Novara,Parma,3.0,1.0
Novara,Roma,0.0,2.0
Novara,Siena,1.0,1.0
Novara,Siena,3.0,1.0
Novara,Udinese,0.0,1.0
Novara,Udinese,3.0,1.0
Pescara,Atalanta,0.0,3.0
Pescara,Atalanta,1.0,1.0
Pescara,Bologna,0.0,3.0
Pescara,Bologna,1.0,1.0
Pescara,Cagliari,0.0,2.0
Pescara,Cagliari,1.0,1.0
Pescara,Cagliari,3.0,1.0
Pescara,Catania,0.0,1.0
Pescara,Catania,3.0,1.0
Pescara,Chievo,0.0,4.0
Pescara,Crotone,0.0,2.0
Pescara,Empoli,0.0,1.0
Pescara,Empoli,1.0,1.0
Pescara,Fiorentina,0.0,2.0
Pescara,Fiorentina,1.0,1.0
Pescara,Fiorentina,3.0,1.0
Pescara,Genoa,0.0,1.0
Pescara,Genoa,1.0,1.0
Pescara,Genoa,3.0,2.0
Pescara,Inter,0.0,4.0
Pescara,Juventus,0.0,4.0
Pescara,Lazio,0.0,4.0
Pescara,Milan,0.0,3.0
Pescara,Milan,1.0,1.0
Pescara,Napoli,0.0,3.0
Pescara,Napoli,1.0,1.0
Pescara,Palermo,1.0,2.0
Pescara,Palermo,3.0,2.0
Pescara,Parma,0.0,1.0
Pescara,Parma,3.0,1.0
Pescara,Roma,0.0,3.0
Pescara,Roma,1.0,1.0
Pescara,Sampdoria,0.0,3.0
Pescara,Sampdoria,1.0,1.0
Pescara,Sassuolo,0.0,1.0
Pescara,Sassuolo,3.0,1.0
Pescara,Siena,0.0,2.0
Pescara,Torino,0.0,3.0
Pescara,Torino,1.0,1.0
Pescara,Udinese,0.0,4.0
Verona,Atalanta,0.0,5.0
Verona,Atalanta,1.0,3.0
Verona,Atalanta,3.0,6.0
Verona,Benevento,0.0,1.0
Verona,Benevento,3.0,3.0
Verona,Bologna,0.0,5.0
Verona,Bologna,1.0,4.0
Verona,Bologna,3.0,3.0
Verona,Brescia,0.0,1.0
Verona,Brescia,3.0,1.0
Verona,Cagliari,0.0,2.0
Verona,Cagliari,1.0,3.0
Verona,Cagliari,3.0,7.0
Verona,Carpi,0.0,1.0
Verona,Carpi,1.0,1.0
Verona,Catania,1.0,1.0
Verona,Catania,3.0,1.0
Verona,Cesena,1.0,2.0
Verona,Chievo,0.0,3.0
Verona,Chievo,1.0,2.0
Verona,Chievo,3.0,3.0
Verona,Crotone,0.0,2.0
Verona,Crotone,1.0,1.0
Verona,Crotone,3.0,1.0
Verona,Empoli,0.0,2.0
Verona,Empoli,1.0,2.0
Verona,Empoli,3.0,2.0
Verona,Fiorentina,0.0,6.0
Verona,Fiorentina,1.0,5.0
Verona,Fiorentina,3.0,3.0
Verona,Frosinone,0.0,2.0
Verona,Genoa,0.0,6.0
Verona,Genoa,1.0,5.0
Verona,Genoa,3.0,3.0
Verona,Inter,0.0,11.0
Verona,Inter,1.0,3.0
Verona,Juventus,0.0,7.0
Verona,Juventus,1.0,4.0
Verona,Juventus,3.0,3.0
Verona,Lazio,0.0,7.0
Verona,Lazio,1.0,4.0
Verona,Lazio,3.0,3.0
Verona,Lecce,3.0,2.0
Verona,Livorno,3.0,2.0
Verona,Milan,0.0,7.0
Verona,Milan,1.0,4.0
Verona,Milan,3.0,3.0
Verona,Napoli,0.0,10.0
Verona,Napoli,1.0,2.0
Verona,Napoli,3.0,2.0
Verona,Palermo,0.0,3.0
Verona,Palermo,3.0,1.0
Verona,Parma,0.0,2.0
Verona,Parma,1.0,1.0
Verona,Parma,3.0,5.0
Verona,Roma,0.0,8.0
Verona,Roma,1.0,5.0
Verona,Roma,3.0,1.0
Verona,Salernitana,0.0,1.0
Verona,Salernitana,1.0,1.0
Verona,Sampdoria,0.0,9.0
Verona,Sampdoria,1.0,3.0
Verona,Sampdoria,3.0,2.0
Verona,Sassuolo,0.0,7.0
Verona,Sassuolo,1.0,2.0
Verona,Sassuolo,3.0,5.0
Verona,Spal,0.0,1.0
Verona,Spal,1.0,1.0
Verona,Spal,3.0,2.0
Verona,Spezia,1.0,1.0
Verona,Spezia,3.0,3.0
Verona,Torino,0.0,4.0
Verona,Torino,1.0,8.0
Verona,Torino,3.0,2.0
Verona,Udinese,0.0,5.0
Verona,Udinese,1.0,5.0
Verona,Udinese,3.0,4.0
Verona,Venezia,3.0,2.0
Sassuolo,Atalanta,0.0,10.0
Sassuolo,Atalanta,1.0,5.0
Sassuolo,Atalanta,3.0,3.0
Sassuolo,Benevento,1.0,1.0
Sassuolo,Benevento,3.0,3.0
Sassuolo,Bologna,0.0,6.0
Sassuolo,Bologna,1.0,4.0
Sassuolo,Bologna,3.0,6.0
Sassuolo,Brescia,3.0,2.0
Sassuolo,Cagliari,0.0,3.0
Sassuolo,Cagliari,1.0,10.0
Sassuolo,Cagliari,3.0,3.0
Sassuolo,Carpi,3.0,2.0
Sassuolo,Catania,1.0,1.0
Sassuolo,Catania,3.0,1.0
Sassuolo,Cesena,1.0,1.0
Sassuolo,Cesena,3.0,1.0
Sassuolo,Chievo,0.0,3.0
Sassuolo,Chievo,1.0,5.0
Sassuolo,Chievo,3.0,4.0
Sassuolo,Crotone,0.0,1.0
Sassuolo,Crotone,1.0,1.0
Sassuolo,Crotone,3.0,4.0
Sassuolo,Empoli,0.0,4.0
Sassuolo,Empoli,3.0,6.0
Sassuolo,Fiorentina,0.0,6.0
Sassuolo,Fiorentina,1.0,6.0
Sassuolo,Fiorentina,3.0,6.0
Sassuolo,Frosinone,1.0,2.0
Sassuolo,Frosinone,3.0,2.0
Sassuolo,Genoa,0.0,5.0
Sassuolo,Genoa,1.0,5.0
Sassuolo,Genoa,3.0,8.0
Sassuolo,Inter,0.0,8.0
Sassuolo,Inter,1.0,2.0
Sassuolo,Inter,3.0,8.0
Sassuolo,Juventus,0.0,13.0
Sassuolo,Juventus,1.0,3.0
Sassuolo,Juventus,3.0,2.0
Sassuolo,Lazio,0.0,10.0
Sassuolo,Lazio,1.0,3.0
Sassuolo,Lazio,3.0,5.0
Sassuolo,Lecce,1.0,1.0
Sassuolo,Lecce,3.0,1.0
Sassuolo,Livorno,0.0,2.0
Sassuolo,Milan,0.0,10.0
Sassuolo,Milan,1.0,2.0
Sassuolo,Milan,3.0,6.0
Sassuolo,Napoli,0.0,9.0
Sassuolo,Napoli,1.0,7.0
Sassuolo,Napoli,3.0,2.0
Sassuolo,Palermo,0.0,1.0
Sassuolo,Palermo,1.0,2.0
Sassuolo,Palermo,3.0,3.0
Sassuolo,Parma,0.0,5.0
Sassuolo,Parma,1.0,2.0
Sassuolo,Parma,3.0,3.0
Sassuolo,Pescara,0.0,1.0
Sassuolo,Pescara,3.0,1.0
Sassuolo,Roma,0.0,9.0
Sassuolo,Roma,1.0,8.0
Sassuolo,Roma,3.0,1.0
Sassuolo,Salernitana,1.0,1.0
Sassuolo,Salernitana,3.0,1.0
Sassuolo,Sampdoria,0.0,4.0
Sassuolo,Sampdoria,1.0,6.0
Sassuolo,Sampdoria,3.0,8.0
Sassuolo,Spal,1.0,2.0
Sassuolo,Spal,3.0,4.0
Sassuolo,Spezia,0.0,1.0
Sassuolo,Spezia,1.0,1.0
Sassuolo,Spezia,3.0,2.0
Sassuolo,Torino,0.0,8.0
Sassuolo,Torino,1.0,7.0
Sassuolo,Torino,3.0,3.0
Sassuolo,Udinese,0.0,7.0
Sassuolo,Udinese,1.0,7.0
Sassuolo,Udinese,3.0,4.0
Sassuolo,Venezia,3.0,2.0
Sassuolo,Verona,0.0,5.0
Sassuolo,Verona,1.0,2.0
Sassuolo,Verona,3.0,7.0
Frosinone,Atalanta,0.0,3.0
Frosinone,Atalanta,1.0,1.0
Frosinone,Bologna,0.0,1.0
Frosinone,Bologna,1.0,1.0
Frosinone,Bologna,3.0,2.0
Frosinone,Cagliari,0.0,1.0
Frosinone,Cagliari,1.0,1.0
Frosinone,Carpi,0.0,1.0
Frosinone,Carpi,3.0,1.0
Frosinone,Chievo,0.0,3.0
Frosinone,Chievo,1.0,1.0
Frosinone,Empoli,0.0,1.0
Frosinone,Empoli,1.0,1.0
Frosinone,Empoli,3.0,2.0
Frosinone,Fiorentina,0.0,1.0
Frosinone,Fiorentina,1.0,2.0
Frosinone,Fiorentina,3.0,1.0
Frosinone,Genoa,0.0,2.0
Frosinone,Genoa,1.0,2.0
Frosinone,Inter,0.0,4.0
Frosinone,Juventus,0.0,3.0
Frosinone,Juventus,1.0,1.0
Frosinone,Lazio,0.0,3.0
Frosinone,Lazio,1.0,1.0
Frosinone,Milan,0.0,2.0
Frosinone,Milan,1.0,2.0
Frosinone,Napoli,0.0,4.0
Frosinone,Palermo,0.0,2.0
Frosinone,Parma,1.0,1.0
Frosinone,Parma,3.0,1.0
Frosinone,Roma,0.0,4.0
Frosinone,Sampdoria,0.0,2.0
Frosinone,Sampdoria,3.0,2.0
Frosinone,Sassuolo,0.0,2.0
Frosinone,Sassuolo,1.0,2.0
Frosinone,Spal,0.0,1.0
Frosinone,Spal,3.0,1.0
Frosinone,Torino,0.0,4.0
Frosinone,Udinese,0.0,2.0
Frosinone,Udinese,1.0,1.0
Frosinone,Udinese,3.0,1.0
Frosinone,Verona,3.0,2.0
Carpi,Atalanta,0.0,1.0
Carpi,Atalanta,1.0,1.0
Carpi,Bologna,0.0,1.0
Carpi,Bologna,1.0,1.0
Carpi,Chievo,0.0,2.0
Carpi,Empoli,0.0,1.0
Carpi,Empoli,3.0,1.0
Carpi,Fiorentina,0.0,2.0
Carpi,Frosinone,0.0,1.0
Carpi,Frosinone,3.0,1.0
Carpi,Genoa,3.0,2.0
Carpi,Inter,0.0,1.0
Carpi,Inter,1.0,1.0
Carpi,Juventus,0.0,2.0
Carpi,Lazio,0.0,1.0
Carpi,Lazio,1.0,1.0
Carpi,Milan,1.0,2.0
Carpi,Napoli,0.0,1.0
Carpi,Napoli,1.0,1.0
Carpi,Palermo,1.0,2.0
Carpi,Roma,0.0,2.0
Carpi,Sampdoria,0.0,1.0
Carpi,Sampdoria,3.0,1.0
Carpi,Sassuolo,0.0,2.0
Carpi,Torino,1.0,1.0
Carpi,Torino,3.0,1.0
Carpi,Udinese,3.0,2.0
Carpi,Verona,1.0,1.0
Carpi,Verona,3.0,1.0
Crotone,Atalanta,0.0,5.0
Crotone,Atalanta,1.0,1.0
Crotone,Benevento,0.0,1.0
Crotone,Benevento,1.0,1.0
Crotone,Benevento,3.0,2.0
Crotone,Bologna,0.0,4.0
Crotone,Bologna,3.0,2.0
Crotone,Cagliari,0.0,5.0
Crotone,Cagliari,1.0,1.0
Crotone,Chievo,0.0,1.0
Crotone,Chievo,3.0,3.0
Crotone,Empoli,0.0,1.0
Crotone,Empoli,3.0,1.0
Crotone,Fiorentina,0.0,3.0
Crotone,Fiorentina,1.0,2.0
Crotone,Fiorentina,3.0,1.0
Crotone,Genoa,0.0,5.0
Crotone,Genoa,1.0,1.0
Crotone,Inter,0.0,4.0
Crotone,Inter,1.0,1.0
Crotone,Inter,3.0,1.0
Crotone,Juventus,0.0,4.0
Crotone,Juventus,1.0,2.0
Crotone,Lazio,0.0,4.0
Crotone,Lazio,1.0,1.0
Crotone,Lazio,3.0,1.0
Crotone,Milan,0.0,5.0
Crotone,Milan,1.0,1.0
Crotone,Napoli,0.0,6.0
Crotone,Palermo,0.0,1.0
Crotone,Palermo,1.0,1.0
Crotone,Parma,3.0,2.0
Crotone,Pescara,3.0,2.0
Crotone,Roma,0.0,6.0
Crotone,Sampdoria,0.0,3.0
Crotone,Sampdoria,1.0,1.0
Crotone,Sampdoria,3.0,2.0
Crotone,Sassuolo,0.0,4.0
Crotone,Sassuolo,1.0,1.0
Crotone,Sassuolo,3.0,1.0
Crotone,Spal,0.0,1.0
Crotone,Spal,1.0,1.0
Crotone,Spezia,0.0,1.0
Crotone,Spezia,3.0,1.0
Crotone,Torino,0.0,2.0
Crotone,Torino,1.0,3.0
Crotone,Torino,3.0,1.0
Crotone,Udinese,0.0,3.0
Crotone,Udinese,1.0,1.0
Crotone,Udinese,3.0,2.0
Crotone,Verona,0.0,1.0
Crotone,Verona,1.0,1.0
Crotone,Verona,3.0,2.0
Benevento,Atalanta,0.0,4.0
Benevento,Bologna,0.0,2.0
Benevento,Bologna,1.0,1.0
Benevento,Bologna,3.0,1.0
Benevento,Cagliari,0.0,3.0
Benevento,Cagliari,3.0,1.0
Benevento,Chievo,0.0,1.0
Benevento,Chievo,3.0,1.0
Benevento,Crotone,0.0,2.0
Benevento,Crotone,1.0,1.0
Benevento,Crotone,3.0,1.0
Benevento,Fiorentina,0.0,3.0
Benevento,Fiorentina,3.0,1.0
Benevento,Genoa,0.0,1.0
Benevento,Genoa,1.0,1.0
Benevento,Genoa,3.0,2.0
Benevento,Inter,0.0,4.0
Benevento,Juventus,0.0,2.0
Benevento,Juventus,1.0,1.0
Benevento,Juventus,3.0,1.0
Benevento,Lazio,0.0,3.0
Benevento,Lazio,1.0,1.0
Benevento,Milan,0.0,2.0
Benevento,Milan,1.0,1.0
Benevento,Milan,3.0,1.0
Benevento,Napoli,0.0,4.0
Benevento,Parma,1.0,2.0
Benevento,Roma,0.0,3.0
Benevento,Roma,1.0,1.0
Benevento,Sampdoria,0.0,1.0
Benevento,Sampdoria,1.0,1.0
Benevento,Sampdoria,3.0,2.0
Benevento,Sassuolo,0.0,3.0
Benevento,Sassuolo,1.0,1.0
Benevento,Spal,0.0,2.0
Benevento,Spezia,0.0,1.0
Benevento,Spezia,1.0,1.0
Benevento,Torino,0.0,2.0
Benevento,Torino,1.0,2.0
Benevento,Udinese,0.0,2.0
Benevento,Udinese,1.0,1.0
Benevento,Udinese,3.0,1.0
Benevento,Verona,0.0,3.0
Benevento,Verona,3.0,1.0
Spal,Atalanta,0.0,2.0
Spal,Atalanta,1.0,2.0
Spal,Atalanta,3.0,2.0
Spal,Benevento,3.0,2.0
Spal,Bologna,0.0,3.0
Spal,Bologna,1.0,1.0
Spal,Bologna,3.0,2.0
Spal,Brescia,0.0,2.0
Spal,Cagliari,0.0,5.0
Spal,Cagliari,1.0,1.0
Spal,Chievo,0.0,1.0
Spal,Chievo,1.0,2.0
Spal,Chievo,3.0,1.0
Spal,Crotone,1.0,1.0
Spal,Crotone,3.0,1.0
Spal,Empoli,1.0,1.0
Spal,Empoli,3.0,1.0
Spal,Fiorentina,0.0,4.0
Spal,Fiorentina,1.0,2.0
Spal,Frosinone,0.0,1.0
Spal,Frosinone,3.0,1.0
Spal,Genoa,0.0,1.0
Spal,Genoa,1.0,4.0
Spal,Genoa,3.0,1.0
Spal,Inter,0.0,5.0
Spal,Inter,1.0,1.0
Spal,Juventus,0.0,4.0
Spal,Juventus,1.0,1.0
Spal,Juventus,3.0,1.0
Spal,Lazio,0.0,3.0
Spal,Lazio,1.0,1.0
Spal,Lazio,3.0,2.0
Spal,Lecce,0.0,2.0
Spal,Milan,0.0,5.0
Spal,Milan,1.0,1.0
Spal,Napoli,0.0,5.0
Spal,Napoli,1.0,1.0
Spal,Parma,3.0,4.0
Spal,Roma,0.0,4.0
Spal,Roma,3.0,2.0
Spal,Sampdoria,0.0,5.0
Spal,Sampdoria,3.0,1.0
Spal,Sassuolo,0.0,4.0
Spal,Sassuolo,1.0,2.0
Spal,Torino,0.0,2.0
Spal,Torino,1.0,3.0
Spal,Torino,3.0,1.0
Spal,Udinese,0.0,2.0
Spal,Udinese,1.0,3.0
Spal,Udinese,3.0,1.0
Spal,Verona,0.0,2.0
Spal,Verona,1.0,1.0
Spal,Verona,3.0,1.0
Spezia,Atalanta,0.0,3.0
Spezia,Atalanta,1.0,1.0
Spezia,Benevento,1.0,1.0
Spezia,Benevento,3.0,1.0
Spezia,Bologna,0.0,3.0
Spezia,Bologna,1.0,1.0
Spezia,Cagliari,1.0,2.0
Spezia,Cagliari,3.0,2.0
Spezia,Crotone,0.0,1.0
Spezia,Crotone,3.0,1.0
Spezia,Empoli,1.0,2.0
Spezia,Fiorentina,0.0,3.0
Spezia,Fiorentina,1.0,1.0
Spezia,Genoa,0.0,2.0
Spezia,Genoa,1.0,1.0
Spezia,Genoa,3.0,1.0
Spezia,Inter,0.0,3.0
Spezia,Inter,1.0,1.0
Spezia,Juventus,0.0,4.0
Spezia,Lazio,0.0,4.0
Spezia,Milan,0.0,2.0
Spezia,Milan,3.0,2.0
Spezia,Napoli,0.0,2.0
Spezia,Napoli,3.0,2.0
Spezia,Parma,1.0,2.0
Spezia,Roma,0.0,3.0
Spezia,Roma,1.0,1.0
Spezia,Salernitana,1.0,1.0
Spezia,Salernitana,3.0,1.0
Spezia,Sampdoria,0.0,1.0
Spezia,Sampdoria,1.0,1.0
Spezia,Sampdoria,3.0,2.0
Spezia,Sassuolo,0.0,2.0
Spezia,Sassuolo,1.0,1.0
Spezia,Sassuolo,3.0,1.0
Spezia,Torino,0.0,1.0
Spezia,Torino,1.0,1.0
Spezia,Torino,3.0,2.0
Spezia,Udinese,0.0,2.0
Spezia,Udinese,3.0,2.0
Spezia,Venezia,3.0,2.0
Spezia,Verona,0.0,3.0
Spezia,Verona,1.0,1.0
Salernitana,Atalanta,0.0,1.0
Salernitana,Atalanta,1.0,1.0
Salernitana,Bologna,0.0,1.0
Salernitana,Bologna,1.0,1.0
Salernitana,Cagliari,1.0,2.0
Salernitana,Empoli,0.0,1.0
Salernitana,Empoli,1.0,1.0
Salernitana,Fiorentina,0.0,1.0
Salernitana,Fiorentina,3.0,1.0
Salernitana,Genoa,1.0,1.0
Salernitana,Genoa,3.0,1.0
Salernitana,Inter,0.0,2.0
Salernitana,Juventus,0.0,2.0
Salernitana,Lazio,0.0,2.0
Salernitana,Milan,0.0,1.0
Salernitana,Milan,1.0,1.0
Salernitana,Napoli,0.0,2.0
Salernitana,Roma,0.0,2.0
Salernitana,Sampdoria,0.0,1.0
Salernitana,Sampdoria,3.0,1.0
Salernitana,Sassuolo,0.0,1.0
Salernitana,Sassuolo,1.0,1.0
Salernitana,Spezia,0.0,1.0
Salernitana,Spezia,1.0,1.0
Salernitana,Torino,0.0,2.0
Salernitana,Udinese,0.0,1.0
Salernitana,Udinese,3.0,1.0
Salernitana,Venezia,3.0,2.0
Salernitana,Verona,1.0,1.0
Salernitana,Verona,3.0,1.0
Venezia,Atalanta,0.0,2.0
Venezia,Bologna,3.0,2.0
Venezia,Cagliari,1.0,2.0
Venezia,Empoli,1.0,1.0
Venezia,Empoli,3.0,1.0
Venezia,Fiorentina,0.0,1.0
Venezia,Fiorentina,3.0,1.0
Venezia,Genoa,1.0,2.0
Venezia,Inter,0.0,2.0
Venezia,Juventus,0.0,1.0
Venezia,Juventus,1.0,1.0
Venezia,Lazio,0.0,2.0
Venezia,Milan,0.0,2.0
Venezia,Napoli,0.0,2.0
Venezia,Roma,1.0,1.0
Venezia,Roma,3.0,1.0
Venezia,Salernitana,0.0,2.0
Venezia,Sampdoria,0.0,1.0
Venezia,Sampdoria,1.0,1.0
Venezia,Sassuolo,0.0,2.0
Venezia,Spezia,0.0,2.0
Venezia,Torino,1.0,1.0
Venezia,Torino,3.0,1.0
Venezia,Udinese,0.0,2.0
Venezia,Verona,0.0,2.0
