Player,Nation,Squad,Age,Born,Playing Time MP,Playing Time Min,Playing Time Mn/MP,Playing Time Min%,Playing Time 90s,Starts Starts,Starts Mn/Start,Starts Compl,Subs Subs,Subs Mn/Sub,Subs unSub,Team Success PPM,Team Success onG,Team Success onGA,Team Success +/-,Team Success +/-90,Team Success On-Off,Team Success (xG) onxG,Team Success (xG) onxGA,Team Success (xG) xG+/-,Team Success (xG) xG+/-90,Team Success (xG) On-Off,Position
James Abankwah,IRL,Udinese,19,2004,0,,,,,0,,0,0,,6,,,,,,,,,,,,DF
Tammy Abraham,ENG,Roma,25,1997,8,242,30,7.1,2.7,2,60,0,6,20,1,1.38,4,4,0,0.00,-0.54,3.6,5.1,-1.5,-0.57,-0.89,FW
Salim Abubakar,NIG,Sassuolo,20,2003,0,,,,,0,,0,0,,1,,,,,,,,,,,,MF
Francesco Acerbi,ITA,Inter,35,1988,29,2388,82,69.8,26.5,26,89,25,3,25,2,2.41,55,19,+36,+1.36,-1.35,52.2,23.3,+28.9,+1.09,-0.50,DF
Marius Adamonis,LTU,Lazio,26,1997,0,,,,,0,,0,0,,2,,,,,,,,,,,,GK
Yacine Adli,FRA,Milan,23,2000,24,1407,59,41.1,15.6,17,74,6,7,21,14,1.88,25,22,+3,+0.19,-0.88,23.3,17.7,+5.6,+0.36,-0.32,MF
Michel Aebischer,SUI,Bologna,26,1997,36,2230,62,65.2,24.8,26,79,13,10,17,1,1.81,29,20,+9,+0.36,-0.62,27.6,23.8,+3.7,+0.15,-0.39,MF
Lucien Agoume,FRA,Inter,21,2002,1,5,5,0.1,0.1,0,,0,1,5,16,3.00,1,0,+1,+18.00,+16.26,0.3,0.0,+0.3,+5.27,+4.04,MF
Junior Ajayi,CIV,Hellas Verona,18,2004,0,,,,,0,,0,0,,2,,,,,,,,,,,,FW
Marley Aké,FRA,Udinese,22,2001,1,10,10,0.3,0.1,0,,0,1,10,14,1.00,0,0,0,0.00,+0.42,0.0,0.5,-0.5,-4.40,-4.14,FW
Ebenezer Akinsanmiro,NGA,Inter,18,2004,1,15,15,0.4,0.2,0,,0,1,15,4,3.00,0,0,0,0.00,-1.77,0.3,0.0,+0.3,+1.76,+0.52,MF
Jean-Daniel Akpa-Akpro,CIV,Monza,30,1992,19,705,37,20.6,7.8,8,67,1,11,15,15,1.37,9,11,-2,-0.26,+0.08,5.9,15.1,-9.2,-1.17,-0.92,MF
David Akpan Ankeye,NGA,Genoa,21,2002,6,57,10,1.7,0.6,0,,0,6,10,6,1.33,0,0,0,0.00,0.00,0.3,0.4,-0.1,-0.15,+0.04,FW
Luis Alberto,ESP,Lazio,30,1992,33,2311,70,67.6,25.7,29,77,13,4,18,1,1.55,32,26,+6,+0.23,-0.09,29.7,28.2,+1.5,+0.06,-0.19,MF
Carlos Alcaraz,ARG,Juventus,20,2002,10,380,38,11.1,4.2,3,75,1,7,22,3,1.40,8,5,+3,+0.71,+0.12,5.5,6.1,-0.6,-0.14,-0.89,MF
Filippo Alessio,ITA,Roma,18,2004,0,,,,,0,,0,0,,1,,,,,,,,,,,,FW
Pasquale Allocca,ITA,Salernitana,18,2005,0,,,,,0,,0,0,,12,,,,,,,,,,,,GK
Pontus Almqvist,SWE,Lecce,24,1999,30,2107,70,61.6,23.4,25,79,12,5,24,1,0.97,20,32,-12,-0.51,+0.17,26.0,33.0,-7.0,-0.30,-0.08,FW
Agustín Álvarez Martínez,URU,Sassuolo,22,2001,0,,,,,0,,0,0,,3,,,,,,,,,,,,FW
Lorenzo Amatucci,ITA,Fiorentina,19,2004,2,22,11,0.6,0.2,0,,0,2,11,15,1.50,0,0,0,0.00,-0.40,0.2,0.1,+0.1,+0.42,+0.33,MF
Bruno Amione,ARG,Hellas Verona,21,2002,10,579,58,16.9,6.4,7,76,3,3,16,12,1.00,7,12,-5,-0.78,-0.52,5.7,8.9,-3.2,-0.49,-0.25,DF
Sofyan Amrabat,MAR,Fiorentina,26,1996,0,,,,,0,,0,0,,1,,,,,,,,,,,,MF
Felipe Anderson,BRA,Lazio,30,1993,38,2770,73,81.0,30.8,33,79,14,5,32,0,1.61,38,31,+7,+0.23,-0.19,36.2,33.0,+3.3,+0.11,-0.07,FW
Angeliño,ESP,Roma,26,1997,16,1141,71,33.4,12.7,14,76,5,2,42,0,1.75,22,16,+6,+0.47,-0.04,16.4,16.3,+0.1,+0.01,-0.36,DF
Jacopo Antolini,ITA,Torino,19,2004,0,,,,,0,,0,0,,7,,,,,,,,,,,,MF
Player,,Squad,Ag,Born,MP,Min,Mn/MP,Min%,90s,Starts,Mn/Start,Compl,Subs,Mn/Sub,unSub,PPM,onG,onGA,+/-,+/-90,On-Off,onxG,onxGA,xG+/-,xG+/-90,On-Off,Po
Houssem Aouar,ALG,Roma,25,1998,16,756,47,22.1,8.4,9,70,2,7,18,14,1.69,12,9,+3,+0.36,-0.18,12.0,9.4,+2.6,+0.31,+0.08,MF
Mattia Aramu,ITA,Genoa,28,1995,0,,,,,0,,0,0,,2,,,,,,,,,,,,FW
Riccardo Arboscello,ITA,Genoa,17,2005,0,,,,,0,,0,0,,1,,,,,,,,,,,,MF
Simone Aresti,ITA,Cagliari,37,1986,1,1,1,0.0,0.0,0,,0,1,1,33,0.00,0,1,-1,-90.00,-89.34,0.0,0.8,-0.8,-70.96,-70.67,GK
Marko Arnautović,AUT,Inter,34,1989,27,801,30,23.4,8.9,5,74,2,22,20,3,2.59,22,5,+17,+1.91,+0.19,18.8,8.8,+10.1,+1.13,-0.14,FW
Kristjan Asllani,ALB,Inter,21,2002,23,787,34,23.0,8.7,6,81,4,17,18,14,2.61,26,3,+23,+2.63,+1.13,18.5,7.9,+10.6,+1.22,-0.03,MF
Emil Audero,ITA,Inter,26,1997,4,337,84,9.9,3.7,4,84,3,0,,34,1.75,8,3,+5,+1.34,-0.47,7.5,3.1,+4.4,+1.17,-0.08,GK
Tommaso Augello,ITA,Cagliari,28,1994,32,2418,76,70.7,26.9,28,82,12,4,30,4,1.06,32,46,-14,-0.52,+0.56,30.1,32.5,-2.4,-0.09,+0.74,DF
Carlos Augusto,BRA,Inter,24,1999,37,1725,47,50.4,19.2,14,85,11,23,23,0,2.51,49,8,+41,+2.14,+0.76,41.9,15.3,+26.6,+1.39,+0.30,DF
Yann Aurel Bisseck,GER,Inter,22,2000,16,904,57,26.4,10.0,9,90,8,7,14,22,2.50,26,6,+20,+1.99,+0.31,23.2,11.2,+12.1,+1.21,-0.04,DF
Sardar Azmoun,IRN,Roma,28,1995,23,585,25,17.1,6.5,3,74,1,20,18,6,1.61,18,6,+12,+1.85,+1.62,13.9,8.1,+5.8,+0.89,+0.77,FW
Paulo Azzi,BRA,Cagliari,29,1994,25,950,38,27.8,10.6,9,73,3,16,18,13,0.96,9,19,-10,-0.95,-0.36,12.7,19.5,-6.9,-0.65,-0.48,DF
Oussama El Azzouzi,MAR,Bologna,22,2001,18,547,30,16.0,6.1,5,75,2,13,13,11,1.78,8,8,0,0.00,-0.69,7.1,7.9,-0.8,-0.13,-0.49,MF
Milan Badelj,CRO,Genoa,34,1989,33,2535,77,74.1,28.2,32,79,10,1,23,2,1.27,34,30,+4,+0.14,+0.55,25.9,30.1,-4.2,-0.15,+0.14,MF
Jaime Báez,URU,Frosinone,28,1995,11,500,45,14.6,5.6,6,60,0,5,28,21,1.09,9,7,+2,+0.36,+1.19,7.6,7.9,-0.2,-0.04,+0.32,FW
Nicola Bagnolini,ITA,Bologna,19,2004,1,5,5,0.1,0.1,0,,0,1,5,29,0.00,0,0,0,0.00,-0.58,0.2,0.5,-0.3,-5.86,-6.16,GK
Nedim Bajrami,ALB,Sassuolo,24,1999,28,1310,47,38.3,14.6,15,66,1,13,24,8,0.82,20,35,-15,-1.03,-0.31,15.6,29.1,-13.5,-0.93,-0.58,MF
Mitchel Bakker,NED,Atalanta,23,2000,14,382,27,11.2,4.2,3,51,0,11,21,22,1.29,2,7,-5,-1.18,-2.21,4.8,6.4,-1.7,-0.40,-0.94,DF
Tommaso Baldanzi,ITA,Empoli,20,2003,14,745,53,21.8,8.3,8,76,3,6,23,2,0.57,3,14,-11,-1.33,-0.86,7.9,12.7,-4.8,-0.59,-0.19,MF
Tommaso Baldanzi,ITA,Roma,20,2003,13,518,40,15.1,5.8,6,68,0,7,16,3,1.69,8,6,+2,+0.35,-0.18,8.5,8.0,+0.5,+0.09,-0.19,FW
Lameck Banda,ZAM,Lecce,22,2001,21,1350,64,39.5,15.0,17,73,2,4,29,1,1.00,15,24,-9,-0.60,-0.03,16.0,21.4,-5.3,-0.36,-0.15,FW
Daniel Bandeira,POR,Hellas Verona,23,2000,14,446,32,13.0,5.0,3,78,1,11,19,3,1.21,6,11,-5,-1.01,-0.77,5.0,9.9,-4.9,-0.99,-0.81,MF
Mattia Bani,ITA,Genoa,29,1993,27,2306,85,67.4,25.6,27,85,23,0,,3,1.37,28,32,-4,-0.16,-0.48,22.8,29.1,-6.3,-0.25,-0.18,DF
Antonín Barák,CZE,Fiorentina,28,1994,21,808,38,23.6,9.0,8,77,4,13,15,14,1.62,15,10,+5,+0.56,+0.21,14.4,10.5,+3.9,+0.44,+0.45,MF
Nicolò Barella,ITA,Inter,26,1997,37,2846,77,83.2,31.6,34,81,17,3,26,0,2.46,72,18,+54,+1.71,-0.33,64.8,23.2,+41.6,+1.31,+0.45,MF
Player,,Squad,Ag,Born,MP,Min,Mn/MP,Min%,90s,Starts,Mn/Start,Compl,Subs,Mn/Sub,unSub,PPM,onG,onGA,+/-,+/-90,On-Off,onxG,onxGA,xG+/-,xG+/-90,On-Off,Po
Enzo Barrenechea,ARG,Frosinone,22,2001,36,2811,78,82.2,31.2,32,86,20,4,13,0,0.94,36,54,-18,-0.58,+0.46,37.7,46.7,-9.1,-0.29,+0.14,MF
Davide Bartesaghi,ITA,Milan,17,2005,6,79,13,2.3,0.9,0,,0,6,13,18,2.67,2,0,+2,+2.28,+1.61,0.7,1.9,-1.2,-1.35,-1.94,DF
Andrea Bartoccioni,ITA,Milan,19,2004,0,,,,,0,,0,0,,1,,,,,,,,,,,,GK
Federico Baschirotto,ITA,Lecce,26,1996,37,3294,89,96.3,36.6,37,89,36,0,,0,0.95,31,54,-23,-0.63,-1.34,42.2,51.9,-9.6,-0.26,+0.14,DF
Toma Bašić,CRO,Lazio,26,1996,0,,,,,0,,0,0,,16,,,,,,,,,,,,MF
Toma Bašić,CRO,Salernitana,26,1996,15,1162,77,34.0,12.9,14,83,9,1,4,0,0.20,6,23,-17,-1.32,-0.04,9.2,24.3,-15.1,-1.17,-0.01,MF
Alessandro Bastoni,ITA,Inter,24,1999,28,2268,81,66.3,25.2,28,81,14,0,,6,2.43,53,16,+37,+1.47,-0.88,50.4,20.9,+29.5,+1.17,-0.21,DF
Simone Bastoni,ITA,Empoli,26,1996,16,745,47,21.8,8.3,9,70,2,7,17,15,1.13,4,14,-10,-1.21,-0.70,7.0,12.9,-5.9,-0.71,-0.35,MF
Brian Bayeye,COD,Torino,23,2000,0,,,,,0,,0,0,,2,,,,,,,,,,,,DF
Reda Belahyane,FRA,Hellas Verona,19,2004,2,90,45,2.6,1.0,1,73,0,1,17,14,1.00,2,2,0,0.00,+0.35,1.6,1.8,-0.2,-0.21,+0.07,MF
Raoul Bellanova,ITA,Torino,23,2000,37,3046,82,89.1,33.8,36,84,17,1,10,0,1.41,30,33,-3,-0.09,-0.81,32.7,32.7,0.0,0.00,-0.08,DF
Andrea Belotti,ITA,Fiorentina,29,1993,15,949,63,27.7,10.5,11,78,4,4,24,0,1.33,17,15,+2,+0.19,-0.28,13.7,17.3,-3.6,-0.34,-0.61,FW
Andrea Belotti,ITA,Roma,29,1993,14,679,49,19.9,7.5,6,82,4,8,23,8,1.43,12,12,0,0.00,-0.62,11.1,6.9,+4.2,+0.56,+0.39,FW
Lucas Beltrán,ARG,Fiorentina,22,2001,32,1692,53,49.5,18.8,21,69,3,11,22,3,1.44,32,21,+11,+0.59,+0.38,25.2,24.7,+0.5,+0.02,-0.14,FW
Ismaël Bennacer,ALG,Milan,25,1997,20,1151,58,33.7,12.8,13,76,4,7,23,1,1.90,26,19,+7,+0.55,-0.25,25.8,14.6,+11.2,+0.88,+0.49,MF
Alessandro Berardi,ITA,Hellas Verona,32,1991,0,,,,,0,,0,0,,20,,,,,,,,,,,,GK
Domenico Berardi,ITA,Sassuolo,28,1994,17,1431,84,41.8,15.9,17,84,10,0,,1,1.12,24,27,-3,-0.19,+1.12,21.0,23.7,-2.7,-0.17,+0.70,FW
Bartosz Bereszyński,POL,Empoli,31,1992,24,1762,73,51.5,19.6,22,78,15,2,26,7,1.21,17,30,-13,-0.66,-0.01,16.3,28.6,-12.3,-0.63,-0.39,DF
Etrit Berisha,ALB,Empoli,34,1989,14,1260,90,36.8,14.0,14,90,14,0,,12,0.86,10,25,-15,-1.07,-0.65,14.0,19.9,-5.9,-0.42,+0.02,GK
Medon Berisha,ALB,Lecce,19,2003,6,205,34,6.0,2.3,2,65,0,4,19,32,0.67,0,3,-3,-1.32,-0.79,1.8,3.6,-1.8,-0.80,-0.56,FW
Victor Bernth Kristiansen,DEN,Bologna,20,2002,32,2307,72,67.5,25.6,26,84,16,6,23,3,1.88,35,20,+15,+0.59,+0.02,32.9,26.4,+6.5,+0.25,-0.10,DF
Alessandro Berretta,ITA,Monza,17,2006,0,,,,,0,,0,0,,2,,,,,,,,,,,,MF
Beto,GNB,Udinese,25,1998,1,74,74,2.2,0.8,1,74,0,0,,0,0.00,0,3,-3,-3.65,-3.30,0.5,1.8,-1.3,-1.61,-1.37,FW
Davide Bettella,ITA,Monza,23,2000,1,3,3,0.1,0.0,0,,0,1,3,17,3.00,0,0,0,0.00,+0.32,0.0,0.2,-0.2,-5.02,-4.59,MF
Sam Beukema,NED,Bologna,24,1998,30,2547,85,74.5,28.3,29,87,26,1,16,5,1.90,40,27,+13,+0.46,-0.47,35.5,29.7,+5.7,+0.20,-0.33,DF
Player,,Squad,Ag,Born,MP,Min,Mn/MP,Min%,90s,Starts,Mn/Start,Compl,Subs,Mn/Sub,unSub,PPM,onG,onGA,+/-,+/-90,On-Off,onxG,onxGA,xG+/-,xG+/-90,On-Off,Po
Christian Biagetti,ITA,Fiorentina,19,2004,0,,,,,0,,0,0,,1,,,,,,,,,,,,DF
Côme Bianay Balcot,FRA,Torino,18,2005,0,,,,,0,,0,0,,3,,,,,,,,,,,,DF
Soufiane Bidaoui,MAR,Frosinone,33,1990,0,,,,,0,,0,0,,7,,,,,,,,,,,,FW
Jaka Bijol,SVN,Udinese,24,1999,24,2084,87,60.9,23.2,23,90,23,1,14,0,1.00,18,29,-11,-0.48,-0.14,24.8,27.3,-2.4,-0.11,+0.40,DF
El Bilal Touré,MLI,Atalanta,21,2001,11,394,36,11.5,4.4,3,75,2,8,21,8,2.18,6,3,+3,+0.69,-0.12,8.7,4.7,+3.9,+0.90,+0.52,FW
Cristiano Biraghi,ITA,Fiorentina,30,1992,29,2356,81,68.9,26.2,27,86,21,2,14,7,1.59,39,31,+8,+0.31,-0.29,32.0,36.7,-4.7,-0.18,-0.88,DF
Davide Biraschi,ITA,Genoa,29,1994,1,90,90,2.6,1.0,1,90,1,0,,2,0.00,1,4,-3,-3.00,-3.08,0.2,1.0,-0.8,-0.78,-0.61,DF
Samuele Birindelli,ITA,Monza,24,1999,35,2013,58,58.9,22.4,22,76,8,13,25,2,1.20,25,33,-8,-0.36,-0.10,24.0,34.4,-10.4,-0.46,-0.05,DF
Alexis Blin,FRA,Lecce,26,1996,31,1642,53,48.0,18.2,16,81,9,15,23,4,1.16,19,25,-6,-0.33,+0.48,22.6,25.8,-3.3,-0.18,+0.17,MF
Jérôme Boateng,GER,Salernitana,34,1988,7,238,34,7.0,2.6,4,47,0,3,17,1,0.29,2,9,-7,-2.65,-1.46,1.6,5.0,-3.4,-1.30,-0.15,DF
Pietro Boer,ITA,Roma,21,2002,0,,,,,0,,0,0,,36,,,,,,,,,,,,GK
Emil Bohinen,NOR,Genoa,24,1999,5,56,11,1.6,0.6,0,,0,5,11,12,2.60,0,0,0,0.00,0.00,0.7,0.9,-0.2,-0.29,-0.11,MF
Emil Bohinen,NOR,Salernitana,24,1999,12,535,45,15.6,5.9,7,57,0,5,28,5,0.50,3,14,-11,-1.85,-0.67,5.1,11.5,-6.3,-1.07,+0.11,MF
Daniel Boloca,ROU,Sassuolo,24,1998,30,2022,67,59.1,22.5,23,80,13,7,26,4,0.93,29,42,-13,-0.58,+0.64,24.8,37.3,-12.5,-0.56,+0.04,MF
Giacomo Bonaventura,ITA,Fiorentina,33,1989,31,2277,73,66.6,25.3,27,80,11,4,28,4,1.35,35,29,+6,+0.24,-0.47,29.6,29.3,+0.3,+0.01,-0.25,MF
Federico Bonazzoli,ITA,Hellas Verona,26,1997,24,1016,42,29.7,11.3,10,62,0,14,28,14,0.88,13,12,+1,+0.09,+0.61,10.8,13.1,-2.3,-0.21,+0.10,FW
Luca Boncori,ITA,Salernitana,17,2006,0,,,,,0,,0,0,,2,,,,,,,,,,,,FW
Warren Bondo,FRA,Monza,19,2003,25,1475,59,43.1,16.4,14,79,8,11,34,11,1.28,20,27,-7,-0.43,-0.20,17.7,25.3,-7.5,-0.46,-0.03,MF
Giovanni Bonfanti,ITA,Atalanta,20,2003,2,89,45,2.6,1.0,1,74,0,1,15,18,1.50,2,1,+1,+1.01,+0.23,1.6,1.4,+0.1,+0.13,-0.31,DF
Kevin Bonifazi,ITA,Bologna,27,1996,1,90,90,2.6,1.0,1,90,1,0,,13,1.00,1,1,0,0.00,-0.59,1.0,0.9,+0.1,+0.13,-0.16,DF
Kevin Bonifazi,ITA,Frosinone,27,1996,6,309,52,9.0,3.4,3,90,3,3,13,3,1.33,2,10,-8,-2.33,-1.84,3.3,8.3,-5.0,-1.47,-1.27,DF
Alexandru Borbei,ROU,Lecce,20,2003,0,,,,,0,,0,0,,13,,,,,,,,,,,,GK
Gennaro Borrelli,ITA,Frosinone,23,2000,1,24,24,0.7,0.3,0,,0,1,24,1,0.00,0,1,-1,-3.75,-3.11,0.0,0.7,-0.7,-2.72,-2.42,FW
Erik Botheim,NOR,Salernitana,23,2000,7,316,45,9.2,3.5,4,64,0,3,21,14,0.43,2,7,-5,-1.42,-0.15,1.9,4.5,-2.6,-0.75,+0.45,FW
Mehdi Bourabia,MAR,Frosinone,31,1991,10,200,20,5.8,2.2,3,50,0,7,7,10,0.90,1,9,-8,-3.60,-3.12,1.0,6.9,-5.9,-2.64,-2.47,MF
Player,,Squad,Ag,Born,MP,Min,Mn/MP,Min%,90s,Starts,Mn/Start,Compl,Subs,Mn/Sub,unSub,PPM,onG,onGA,+/-,+/-90,On-Off,onxG,onxGA,xG+/-,xG+/-90,On-Off,Po
Edoardo Bove,ITA,Roma,21,2002,31,1780,57,52.0,19.8,18,78,9,13,29,7,1.68,30,21,+9,+0.46,-0.09,27.0,21.6,+5.4,+0.27,+0.04,MF
Domagoj Bradarić,CRO,Salernitana,23,1999,34,2749,81,80.4,30.5,30,87,25,4,38,0,0.44,24,65,-41,-1.34,-0.27,24.6,58.4,-33.7,-1.10,+0.30,DF
Federico Brancolini,ITA,Lecce,22,2001,0,,,,,0,,0,0,,34,,,,,,,,,,,,GK
Josip Brekalo,CRO,Fiorentina,25,1998,11,652,59,19.1,7.2,8,72,2,3,27,9,1.82,13,11,+2,+0.28,-0.15,7.0,9.5,-2.5,-0.34,-0.54,FW
Gleison Bremer,BRA,Juventus,26,1997,36,3233,90,94.5,35.9,36,90,35,0,,1,1.86,50,29,+21,+0.58,-0.38,51.9,28.4,+23.5,+0.65,+0.12,DF
Brenner,BRA,Udinese,23,2000,8,189,24,5.5,2.1,2,49,0,6,15,9,1.38,0,1,-1,-0.48,-0.06,1.4,1.3,+0.1,+0.03,+0.31,MF
Marco Brescianini,ITA,Frosinone,23,2000,36,2321,64,67.9,25.8,24,83,11,12,28,1,0.94,29,49,-20,-0.78,-0.37,30.0,40.5,-10.4,-0.40,-0.28,MF
Matteo Brezzo,ITA,Torino,18,2005,0,,,,,0,,0,0,,4,,,,,,,,,,,,GK
Dylan Bronn,TUN,Salernitana,28,1995,4,52,13,1.5,0.6,0,,0,4,13,13,1.00,0,4,-4,-6.92,-5.72,0.6,2.8,-2.3,-3.84,-2.72,DF
Tajon Buchanan,CAN,Inter,24,1999,10,161,16,4.7,1.8,0,,0,10,16,9,1.90,6,0,+6,+3.35,+1.67,5.3,1.4,+3.9,+2.18,+0.99,DF
Alessandro Buongiorno,ITA,Torino,24,1999,29,2527,87,73.9,28.1,29,87,26,0,,1,1.52,29,22,+7,+0.25,+0.95,30.1,27.4,+2.6,+0.09,+0.33,DF
Rareș-Cătălin Burnete,ROU,Lecce,19,2004,1,8,8,0.2,0.1,0,,0,1,8,17,3.00,2,0,+2,+22.50,+23.13,0.2,0.0,+0.2,+1.70,+1.98,FW
Jovane Cabral,CPV,Salernitana,25,1998,12,678,57,19.8,7.5,8,78,3,4,14,3,0.33,2,14,-12,-1.59,-0.38,5.3,12.4,-7.1,-0.94,+0.27,MF
Liberato Cacace,NZL,Empoli,22,2000,31,1912,62,55.9,21.2,18,84,11,13,31,6,1.10,22,30,-8,-0.38,+0.64,24.6,28.3,-3.8,-0.18,+0.59,DF
Jens Cajuste,SWE,Napoli,23,1999,26,1016,39,29.7,11.3,11,70,2,15,16,8,1.62,19,18,+1,+0.09,-0.14,18.6,13.5,+5.1,+0.45,-0.22,MF
Nicolò Calabrese,ITA,Hellas Verona,18,2004,0,,,,,0,,0,0,,3,,,,,,,,,,,,MF
Davide Calabria,ITA,Milan,26,1996,29,2185,75,63.9,24.3,26,81,13,3,29,4,2.07,49,27,+22,+0.91,+0.54,41.8,26.7,+15.1,+0.62,+0.21,DF
Riccardo Calafiori,ITA,Bologna,21,2002,30,2349,78,68.7,26.1,26,89,23,4,12,6,1.97,43,20,+23,+0.88,+0.97,33.9,25.8,+8.1,+0.31,+0.08,DF
Mattia Caldara,ITA,Milan,29,1994,1,33,33,1.0,0.4,0,,0,1,33,5,1.00,1,3,-2,-5.45,-6.23,1.0,1.6,-0.5,-1.37,-1.94,DF
Luca Caldirola,ITA,Monza,32,1991,29,2141,74,62.6,23.8,23,87,19,6,22,7,1.10,25,37,-12,-0.50,-0.50,24.8,37.5,-12.6,-0.53,-0.24,DF
Hakan Çalhanoğlu,TUR,Inter,29,1994,32,2556,80,74.7,28.4,32,80,12,0,,3,2.47,59,19,+40,+1.41,-1.40,56.5,23.2,+33.3,+1.17,-0.26,MF
Alessandro Calligaris,ITA,Inter,18,2005,0,,,,,0,,0,0,,2,,,,,,,,,,,,GK
Simone Calvani,ITA,Genoa,18,2005,0,,,,,0,,0,0,,2,,,,,,,,,,,,GK
Etienne Camara,FRA,Udinese,20,2003,0,,,,,0,,0,0,,22,,,,,,,,,,,,MF
Francesco Camarda,ITA,Milan,15,2008,2,14,7,0.4,0.2,0,,0,2,7,0,3.00,0,0,0,0.00,-0.71,0.0,1.2,-1.2,-7.59,-8.17,FW
Player,,Squad,Ag,Born,MP,Min,Mn/MP,Min%,90s,Starts,Mn/Start,Compl,Subs,Mn/Sub,unSub,PPM,onG,onGA,+/-,+/-90,On-Off,onxG,onxGA,xG+/-,xG+/-90,On-Off,Po
Nicolò Cambiaghi,ITA,Empoli,22,2000,37,2553,69,74.6,28.4,29,82,11,8,24,0,0.97,20,42,-22,-0.78,-0.46,24.4,40.8,-16.4,-0.58,-0.56,FW
Andrea Cambiaso,ITA,Juventus,23,2000,34,2372,70,69.4,26.4,28,79,4,6,27,1,1.82,31,22,+9,+0.34,-0.86,38.1,20.2,+17.9,+0.68,+0.11,DF
Matteo Cancellieri,ITA,Empoli,21,2002,36,1788,50,52.3,19.9,18,74,4,18,25,0,0.92,17,26,-9,-0.45,+0.43,22.9,24.3,-1.5,-0.07,+0.77,FW
Antonio Candreva,ITA,Salernitana,36,1987,34,2750,81,80.4,30.6,32,83,22,2,40,0,0.47,23,60,-37,-1.21,+0.40,22.3,58.6,-36.3,-1.19,-0.13,MF
Luigi Canotto,ITA,Frosinone,29,1994,1,16,16,0.5,0.2,0,,0,1,16,1,0.00,0,1,-1,-5.63,-4.99,0.0,0.7,-0.7,-3.67,-3.37,FW
Elio Capradossi,UGA,Cagliari,27,1996,0,,,,,0,,0,0,,2,,,,,,,,,,,,DF
Gianluca Caprari,ITA,Monza,30,1993,6,285,48,8.3,3.2,4,64,1,2,15,3,0.83,4,5,-1,-0.32,0.00,3.7,5.4,-1.7,-0.55,-0.12,MF
Elia Caprile,ITA,Empoli,21,2001,23,2070,90,60.5,23.0,23,90,23,0,,9,1.04,19,27,-8,-0.35,+0.79,21.2,30.9,-9.7,-0.42,+0.04,GK
Francesco Caputo,ITA,Empoli,35,1987,20,1268,63,37.1,14.1,15,75,4,5,27,6,0.70,8,22,-14,-0.99,-0.53,11.7,20.9,-9.2,-0.65,-0.34,FW
Andrea Carboni,ITA,Monza,22,2001,21,1487,71,43.5,16.5,16,81,10,5,37,9,1.29,17,17,0,0.00,+0.56,17.0,20.5,-3.5,-0.21,+0.41,DF
Franco Carboni,ITA,Monza,20,2003,0,,,,,0,,0,0,,18,,,,,,,,,,,,MF
Valentin Carboni,ARG,Monza,18,2005,31,1169,38,34.2,13.0,10,70,2,21,22,6,1.16,14,20,-6,-0.46,-0.22,14.0,19.0,-4.9,-0.38,+0.09,MF
Marco Carnesecchi,ITA,Atalanta,23,2000,27,2425,90,70.9,26.9,27,90,26,0,,11,1.85,53,30,+23,+0.85,+0.22,41.6,30.5,+11.1,+0.41,-0.09,GK
Nicolò Casale,ITA,Lazio,25,1998,20,1559,78,45.6,17.3,16,85,14,4,49,13,1.50,22,24,-2,-0.12,-0.70,18.4,22.3,-3.9,-0.22,-0.63,DF
Giuseppe Caso,ITA,Frosinone,24,1998,14,417,30,12.2,4.6,2,64,0,12,24,8,0.93,10,10,0,0.00,+0.75,5.5,7.3,-1.8,-0.39,-0.09,FW
Valentín Castellanos,ARG,Lazio,24,1998,35,1682,48,49.2,18.7,16,76,5,19,24,2,1.60,25,15,+10,+0.54,+0.54,22.7,18.0,+4.8,+0.25,+0.27,FW
Samu Castillejo,ESP,Sassuolo,28,1995,17,536,32,15.7,6.0,6,60,0,11,16,8,0.71,8,12,-4,-0.67,+0.20,6.8,8.6,-1.8,-0.29,+0.33,FW
Santiago Castro,ARG,Bologna,18,2004,8,242,30,7.1,2.7,2,76,1,6,15,4,1.50,4,2,+2,+0.74,+0.18,5.2,2.5,+2.7,+1.00,+0.76,FW
Gaetano Castrovilli,ITA,Fiorentina,26,1997,6,367,61,10.7,4.1,5,72,1,1,8,5,2.50,8,7,+1,+0.25,-0.17,6.9,5.3,+1.6,+0.40,+0.34,FW
Danilo Cataldi,ITA,Lazio,28,1994,28,1361,49,39.8,15.1,15,74,3,13,19,9,1.68,19,20,-1,-0.07,-0.55,18.7,18.8,0.0,0.00,-0.20,MF
Denis Cazzadori,ITA,Hellas Verona,19,2004,0,,,,,0,,0,0,,1,,,,,,,,,,,,FW
Emil Ceide,NOR,Sassuolo,21,2001,11,176,16,5.1,2.0,0,,0,11,16,27,0.55,0,8,-8,-4.09,-3.43,1.2,5.1,-3.9,-2.01,-1.52,FW
Zeki Çelik,TUR,Roma,26,1997,17,671,39,19.6,7.5,6,78,3,11,19,21,1.59,12,11,+1,+0.13,-0.46,9.6,10.1,-0.5,-0.07,-0.40,DF
Fabien Centonze,FRA,Hellas Verona,27,1996,10,676,68,19.8,7.5,7,85,5,3,27,6,1.10,8,11,-3,-0.40,-0.07,8.0,11.1,-3.1,-0.41,-0.16,DF
Michele Cerofolini,ITA,Frosinone,24,1999,8,675,84,19.7,7.5,7,90,7,1,45,30,1.38,7,11,-4,-0.53,+0.16,8.0,9.7,-1.8,-0.23,+0.10,GK
Player,,Squad,Ag,Born,MP,Min,Mn/MP,Min%,90s,Starts,Mn/Start,Compl,Subs,Mn/Sub,unSub,PPM,onG,onGA,+/-,+/-90,On-Off,onxG,onxGA,xG+/-,xG+/-90,On-Off,Po
Alberto Cerri,ITA,Empoli,27,1996,12,545,45,15.9,6.1,10,52,0,2,13,3,1.58,6,6,0,0.00,+0.78,4.3,8.2,-3.9,-0.64,-0.24,FW
Leonardo Cerri,ITA,Juventus,20,2003,1,7,7,0.2,0.1,0,,0,1,7,0,0.00,0,0,0,0.00,-0.61,0.0,0.0,0.0,+0.32,-0.32,DF
Charlys,BRA,Hellas Verona,19,2004,2,25,13,0.7,0.3,0,,0,2,13,32,0.50,0,1,-1,-3.60,-3.28,1.2,1.9,-0.7,-2.40,-2.13,MF
Walid Cheddira,MAR,Frosinone,25,1998,36,2120,59,62.0,23.6,24,80,5,12,18,1,0.89,23,44,-21,-0.89,-0.61,26.8,36.0,-9.2,-0.39,-0.20,FW
Luigi Cherubini,ITA,Roma,19,2004,0,,,,,0,,0,0,,3,,,,,,,,,,,,FW
Federico Chiesa,ITA,Juventus,25,1997,33,2197,67,64.2,24.4,25,79,9,8,29,0,1.76,35,22,+13,+0.53,-0.20,36.7,21.4,+15.3,+0.62,-0.06,FW
Mattia Chiesa,ITA,Hellas Verona,23,2000,0,,,,,0,,0,0,,18,,,,,,,,,,,,GK
Oliver Christensen,DEN,Fiorentina,24,1999,4,360,90,10.5,4.0,4,90,4,0,,24,1.00,8,9,-1,-0.25,-0.72,5.9,6.1,-0.2,-0.04,-0.15,GK
Samuel Chukwueze,NGA,Milan,24,1999,24,1017,42,29.7,11.3,12,67,2,12,18,3,2.08,25,17,+8,+0.71,0.00,22.0,15.4,+6.6,+0.58,+0.05,FW
Aaron Ciammaglichella,ITA,Torino,18,2005,0,,,,,0,,0,0,,7,,,,,,,,,,,,MF
Alphadjo Cissè,ITA,Hellas Verona,16,2006,1,8,8,0.2,0.1,0,,0,1,8,8,1.00,0,0,0,0.00,+0.34,0.1,0.8,-0.8,-8.59,-8.33,FW
Faroukou Cissé,GER,Genoa,19,2004,0,,,,,0,,0,0,,2,,,,,,,,,,,,MF
Moustapha Cissé,GUI,Atalanta,19,2003,0,,,,,0,,0,0,,3,,,,,,,,,,,,FW
Giorgio Cittadini,ITA,Monza,21,2002,1,15,15,0.4,0.2,0,,0,1,15,15,1.00,0,0,0,0.00,+0.32,0.1,0.3,-0.2,-1.27,-0.83,DF
Giorgio Cittadini,ITA,Genoa,21,2002,5,106,21,3.1,1.2,1,76,0,4,8,10,1.80,3,0,+3,+2.55,+2.63,1.0,1.9,-0.8,-0.71,-0.54,DF
Patrick Ciurria,ITA,Monza,28,1995,22,1598,73,46.7,17.8,18,80,10,4,38,7,1.32,16,20,-4,-0.23,+0.17,16.6,24.9,-8.3,-0.47,-0.05,DF
Massimo Coda,ITA,Genoa,34,1988,0,,,,,0,,0,0,,1,,,,,,,,,,,,FW
Leonardo Colombo,ITA,Monza,18,2005,0,,,,,0,,0,0,,1,,,,,,,,,,,,MF
Lorenzo Colombo,ITA,Monza,21,2002,25,1359,54,39.7,15.1,16,70,3,9,26,11,1.24,16,15,+1,+0.07,+0.63,15.9,18.4,-2.5,-0.17,+0.46,FW
Lorenzo Colombo,ITA,Milan,21,2002,0,,,,,0,,0,0,,2,,,,,,,,,,,,FW
Matteo Colombo,ITA,Atalanta,19,2004,0,,,,,0,,0,0,,1,,,,,,,,,,,,MF
Andrea Colpani,ITA,Monza,24,1999,38,2657,70,77.7,29.5,36,72,6,2,33,0,1.18,28,40,-12,-0.41,-0.41,29.4,43.5,-14.1,-0.48,-0.16,MF
Pietro Comi,ITA,Atalanta,18,2005,0,,,,,0,,0,0,,5,,,,,,,,,,,,DF
Pietro Comuzzo,ITA,Fiorentina,18,2005,4,43,11,1.3,0.5,0,,0,4,11,28,3.00,2,0,+2,+4.19,+3.84,1.8,0.6,+1.2,+2.55,+2.49,DF
Andrea Consigli,ITA,Sassuolo,36,1987,35,3150,90,92.1,35.0,35,90,35,0,,0,0.74,36,68,-32,-0.91,-0.91,35.9,56.6,-20.7,-0.59,-0.24,GK
Player,,Squad,Ag,Born,MP,Min,Mn/MP,Min%,90s,Starts,Mn/Start,Compl,Subs,Mn/Sub,unSub,PPM,onG,onGA,+/-,+/-90,On-Off,onxG,onxGA,xG+/-,xG+/-90,On-Off,Po
Nikita Contini Baranovsky,ITA,Napoli,27,1996,1,17,17,0.5,0.2,0,,0,1,17,34,1.00,0,0,0,0.00,-0.19,0.3,0.1,+0.2,+1.12,+0.51,GK
Diego Coppola,ITA,Hellas Verona,19,2003,24,1634,68,47.8,18.2,18,87,14,6,11,13,1.21,22,25,-3,-0.17,+0.34,18.4,25.1,-6.7,-0.37,-0.17,DF
Tommaso Corazza,ITA,Bologna,19,2004,9,195,22,5.7,2.2,1,67,0,8,16,26,1.44,4,1,+3,+1.38,+0.85,4.6,3.1,+1.5,+0.69,+0.43,DF
Jeppe Corfitzen,DEN,Lecce,18,2004,1,9,9,0.3,0.1,0,,0,1,9,8,0.00,0,2,-2,-20.00,-19.47,0.0,1.0,-0.9,-9.35,-9.10,FW
Giacomo Corona,ITA,Empoli,19,2004,1,5,5,0.1,0.1,0,,0,1,5,1,0.00,0,0,0,0.00,+0.66,0.1,0.0,+0.1,+1.79,+2.23,FW
Christian Corradi,ITA,Hellas Verona,18,2005,0,,,,,0,,0,0,,5,,,,,,,,,,,,DF
Joaquín Correa,ARG,Inter,28,1994,0,,,,,0,,0,0,,1,,,,,,,,,,,,FW
Alessandro Cortinovis,ITA,Atalanta,22,2001,0,,,,,0,,0,0,,1,,,,,,,,,,,,MF
João Costa,BRA,Roma,18,2005,3,14,5,0.4,0.2,0,,0,3,5,17,0.00,0,1,-1,-6.43,-6.96,0.4,0.8,-0.4,-2.56,-2.83,MF
Benoît Costil,FRA,Salernitana,36,1987,13,1170,90,34.2,13.0,13,90,13,0,,25,0.69,13,29,-16,-1.23,+0.09,13.5,23.8,-10.3,-0.79,+0.56,GK
Larsson Coulibaly,CIV,Lazio,20,2003,0,,,,,0,,0,0,,2,,,,,,,,,,,,MF
Lassana Coulibaly,MLI,Salernitana,27,1996,28,2082,74,60.9,23.1,25,81,17,3,18,0,0.54,23,51,-28,-1.21,+0.20,19.2,46.8,-27.6,-1.19,-0.08,MF
Mamadou Coulibaly,SEN,Salernitana,24,1999,1,3,3,0.1,0.0,0,,0,1,3,1,1.00,0,0,0,0.00,+1.29,0.0,0.0,0.0,-0.55,+0.62,DF
Alessio Cragno,ITA,Sassuolo,29,1994,3,270,90,7.9,3.0,3,90,3,0,,34,1.33,7,7,0,0.00,+0.91,4.0,5.0,-1.1,-0.36,+0.24,GK
Gian Crespi,ITA,Juventus,22,2001,0,,,,,0,,0,0,,1,,,,,,,,,,,,GK
Bryan Cristante,ITA,Roma,28,1995,37,3289,89,96.2,36.5,37,89,34,0,,0,1.62,63,44,+19,+0.52,+0.52,49.8,39.7,+10.1,+0.28,+0.67,MF
Juan Cruz,ARG,Hellas Verona,24,1999,4,109,27,3.2,1.2,1,57,0,3,17,15,0.50,0,0,0,0.00,+0.35,0.5,0.7,-0.2,-0.20,+0.08,FW
Juan Cuadrado,COL,Inter,35,1988,10,267,27,7.8,3.0,0,,0,10,27,5,2.10,8,0,+8,+2.70,+1.01,6.2,2.7,+3.5,+1.19,-0.05,DF
Marvin Cuni,ALB,Frosinone,22,2001,22,534,24,15.6,5.9,6,63,0,16,10,9,0.86,8,7,+1,+0.17,+0.98,7.8,10.4,-2.5,-0.43,-0.13,FW
Francesco D'Alessio,ITA,Roma,19,2004,0,,,,,0,,0,0,,1,,,,,,,,,,,,MF
Danilo D'Ambrosio,ITA,Monza,34,1988,24,1536,64,44.9,17.1,16,83,10,8,27,5,1.13,18,20,-2,-0.12,+0.36,18.4,24.7,-6.3,-0.37,+0.13,DF
Luigi D'Avino,ITA,Napoli,17,2005,0,,,,,0,,0,0,,14,,,,,,,,,,,,DF
Giovanni Daffara,ITA,Juventus,18,2004,0,,,,,0,,0,0,,3,,,,,,,,,,,,GK
Christian Dalle Mura,ITA,Fiorentina,21,2002,0,,,,,0,,0,0,,1,,,,,,,,,,,,DF
Maat Daniel Caprini,ITA,Fiorentina,17,2006,0,,,,,0,,0,0,,2,,,,,,,,,,,,FW
Player,,Squad,Ag,Born,MP,Min,Mn/MP,Min%,90s,Starts,Mn/Start,Compl,Subs,Mn/Sub,unSub,PPM,onG,onGA,+/-,+/-90,On-Off,onxG,onxGA,xG+/-,xG+/-90,On-Off,Po
Flavius Daniliuc,AUT,Salernitana,22,2001,14,744,53,21.8,8.3,8,76,4,6,22,3,0.36,7,19,-12,-1.45,-0.21,7.9,17.1,-9.2,-1.11,+0.07,DF
Danilo,BRA,Juventus,32,1991,29,2452,85,71.7,27.2,27,90,27,2,11,1,1.83,41,22,+19,+0.70,+0.33,36.5,22.2,+14.3,+0.53,-0.43,DF
Matteo Darmian,ITA,Inter,33,1989,33,2404,73,70.3,26.7,27,81,14,6,36,5,2.61,62,15,+47,+1.76,-0.01,56.0,21.8,+34.2,+1.28,+0.13,DF
Juan David Cabal,COL,Hellas Verona,22,2001,22,1497,68,43.8,16.6,17,85,11,5,10,8,0.95,18,21,-3,-0.18,+0.29,18.6,22.1,-3.6,-0.21,+0.12,DF
Keinan Davis,ENG,Udinese,25,1998,8,186,23,5.4,2.1,0,,0,8,23,6,1.50,4,2,+2,+0.97,+1.47,2.6,2.2,+0.4,+0.17,+0.46,FW
Paweł Dawidowicz,POL,Hellas Verona,28,1995,28,2143,77,62.7,23.8,25,84,21,3,15,2,1.00,20,31,-11,-0.46,-0.32,21.3,29.9,-8.6,-0.36,-0.22,DF
Charles De Ketelaere,BEL,Atalanta,22,2001,35,2026,58,59.2,22.5,25,68,1,10,33,1,1.77,48,27,+21,+0.93,+0.35,36.0,23.9,+12.2,+0.54,+0.25,FW
Mattia De Sciglio,ITA,Juventus,30,1992,1,45,45,1.3,0.5,1,45,0,0,,6,0.00,0,0,0,0.00,-0.61,0.2,0.6,-0.4,-0.88,-1.55,DF
Lorenzo De Silvestri,ITA,Bologna,35,1988,15,674,45,19.7,7.5,7,70,0,8,23,20,1.87,11,7,+4,+0.53,-0.06,8.1,9.7,-1.6,-0.22,-0.63,DF
Koni De Winter,BEL,Genoa,21,2002,29,2380,82,69.6,26.4,26,86,22,3,44,5,1.31,33,29,+4,+0.15,+0.50,27.3,31.2,-3.9,-0.15,+0.13,DF
Grégoire Defrel,MTQ,Sassuolo,32,1991,20,757,38,22.1,8.4,7,72,0,13,20,6,0.80,8,15,-7,-0.83,+0.01,8.7,13.1,-4.4,-0.52,+0.07,FW
Alessandro Deiola,ITA,Cagliari,27,1995,27,1608,60,47.0,17.9,19,79,10,8,14,10,1.04,15,29,-14,-0.78,-0.19,20.9,22.5,-1.6,-0.09,+0.41,MF
Tommaso Del Lungo,ITA,Atalanta,19,2003,0,,,,,0,,0,0,,1,,,,,,,,,,,,DF
Alessandro Dellavalle,ITA,Torino,19,2004,1,15,15,0.4,0.2,0,,0,1,15,3,3.00,2,0,+2,+12.00,+12.05,0.4,0.1,+0.3,+1.67,+1.67,DF
Ali Dembélé,FRA,Torino,19,2004,0,,,,,0,,0,0,,1,,,,,,,,,,,,DF
Diego Demme,GER,Napoli,31,1991,2,73,37,2.1,0.8,1,59,0,1,14,13,2.00,1,0,+1,+1.23,+1.07,0.8,0.1,+0.6,+0.77,+0.16,MF
Leander Dendoncker,BEL,Napoli,28,1995,3,24,8,0.7,0.3,0,,0,3,8,13,2.33,1,0,+1,+3.75,+3.59,0.2,0.1,+0.1,+0.35,-0.26,MF
Kastriot Dermaku,ALB,Lecce,31,1992,0,,,,,0,,0,0,,7,,,,,,,,,,,,DF
Jacopo Desogus,ITA,Cagliari,20,2002,0,,,,,0,,0,0,,7,,,,,,,,,,,,FW
Mattia Destro,ITA,Empoli,32,1991,15,366,24,10.7,4.1,3,54,0,12,17,15,0.67,4,9,-5,-1.23,-0.64,4.4,6.7,-2.2,-0.55,-0.12,FW
Federico Di Francesco,ITA,Lecce,29,1994,2,15,8,0.4,0.2,0,,0,2,8,0,2.00,2,0,+2,+12.00,+12.63,0.2,0.6,-0.4,-2.17,-1.91,FW
Raffaele Di Gennaro,ITA,Inter,29,1993,1,23,23,0.7,0.3,0,,0,1,23,36,1.00,0,0,0,0.00,-1.78,0.9,0.4,+0.5,+2.11,+0.87,GK
Michele Di Gregorio,ITA,Monza,26,1997,33,2872,87,84.0,31.9,33,87,31,0,,1,1.33,31,35,-4,-0.13,+1.19,31.4,44.7,-13.3,-0.42,+0.15,GK
Giovanni Di Lorenzo,ITA,Napoli,29,1993,36,3234,90,94.6,35.9,36,90,35,0,,0,1.42,52,45,+7,+0.19,+0.19,58.8,36.9,+21.8,+0.61,+0.04,DF
Alessandro Di Pardo,ITA,Cagliari,24,1999,15,359,24,10.5,4.0,2,61,0,13,18,18,0.73,2,10,-8,-2.01,-1.48,3.7,7.4,-3.7,-0.93,-0.70,DF
Player,,Squad,Ag,Born,MP,Min,Mn/MP,Min%,90s,Starts,Mn/Start,Compl,Subs,Mn/Sub,unSub,PPM,onG,onGA,+/-,+/-90,On-Off,onxG,onxGA,xG+/-,xG+/-90,On-Off,Po
Rocco Di Vico,ITA,Salernitana,16,2007,0,,,,,0,,0,0,,2,,,,,,,,,,,,MF
Boulaye Dia,SEN,Salernitana,26,1996,17,1143,67,33.4,12.7,12,83,8,5,29,1,0.35,9,30,-21,-1.65,-0.55,10.0,25.0,-15.0,-1.18,-0.03,FW
Siren Diao,ESP,Hellas Verona,18,2005,0,,,,,0,,0,0,,1,,,,,,,,,,,,FW
Siren Diao,ESP,Atalanta,18,2005,0,,,,,0,,0,0,,2,,,,,,,,,,,,FW
Sekou Diawara,BEL,Udinese,19,2004,0,,,,,0,,0,0,,1,,,,,,,,,,,,FW
Federico Dimarco,ITA,Inter,25,1997,30,2077,69,60.7,23.1,29,71,1,1,19,6,2.50,54,17,+37,+1.60,-0.41,46.7,19.3,+27.4,+1.19,-0.13,DF
Tiago Djaló,POR,Juventus,23,2000,1,17,17,0.5,0.2,0,,0,1,17,15,3.00,0,0,0,0.00,-0.61,0.0,0.2,-0.2,-0.96,-1.61,DF
Koffi Djidji,CIV,Torino,30,1992,13,759,58,22.2,8.4,8,83,4,5,18,4,1.38,10,8,+2,+0.24,+0.30,8.9,6.1,+2.8,+0.34,+0.42,DF
Berat Djimsiti,ALB,Atalanta,30,1993,37,2832,77,82.8,31.5,32,85,28,5,21,1,1.86,60,32,+28,+0.89,+0.58,48.4,33.3,+15.1,+0.48,+0.24,DF
Dodô,BRA,Fiorentina,24,1998,9,523,58,15.3,5.8,7,72,4,2,9,8,1.56,10,14,-4,-0.69,-1.28,6.7,11.3,-4.6,-0.79,-1.04,DF
Josh Doig,SCO,Hellas Verona,21,2002,12,830,69,24.3,9.2,11,71,2,1,45,4,1.08,9,12,-3,-0.33,+0.02,5.9,11.6,-5.6,-0.61,-0.44,DF
Josh Doig,SCO,Sassuolo,21,2002,16,1343,84,39.3,14.9,15,87,11,1,45,1,0.63,14,32,-18,-1.21,-0.60,13.8,23.8,-10.0,-0.67,-0.16,DF
Nicolás Domínguez,ARG,Bologna,25,1998,2,102,51,3.0,1.1,1,71,0,1,31,0,0.50,0,3,-3,-2.65,-3.33,1.0,0.9,+0.1,+0.07,-0.22,MF
Giulio Donati,ITA,Monza,33,1990,4,36,9,1.1,0.4,0,,0,4,9,28,0.80,5,6,-1,-2.50,-2.21,0.9,0.9,0.0,-0.01,+0.43,DF
Patrick Dorgu,DEN,Lecce,18,2004,32,1564,49,45.7,17.4,17,71,4,15,24,4,1.06,14,20,-6,-0.35,+0.43,18.8,23.9,-5.1,-0.29,-0.04,DF
Alberto Dossena,ITA,Cagliari,24,1998,35,2977,85,87.0,33.1,33,88,30,2,34,1,1.00,36,51,-15,-0.45,+1.78,36.5,43.5,-7.0,-0.21,+0.72,DF
Radu Drăgușin,ROU,Genoa,21,2002,19,1710,90,50.0,19.0,19,90,19,0,,0,1.11,20,24,-4,-0.21,-0.42,15.8,19.0,-3.2,-0.17,+0.04,DF
Ondrej Duda,SVK,Hellas Verona,28,1994,32,2456,77,71.8,27.3,29,83,16,3,20,1,1.13,31,36,-5,-0.18,+0.56,26.1,32.9,-6.7,-0.25,+0.12,MF
Denzel Dumfries,NED,Inter,27,1996,31,1639,53,47.9,18.2,19,72,5,12,23,3,2.35,46,13,+33,+1.81,+0.09,36.6,14.0,+22.6,+1.24,+0.01,DF
Alfred Duncan,GHA,Fiorentina,30,1993,30,1888,63,55.2,21.0,24,75,6,6,16,7,1.63,35,25,+10,+0.48,+0.18,29.5,23.9,+5.5,+0.26,+0.38,MF
Paulo Dybala,ARG,Roma,29,1993,28,1959,70,57.3,21.8,25,75,7,3,24,1,1.79,45,27,+18,+0.83,+0.77,32.8,21.8,+11.0,+0.51,+0.59,FW
Festy Ebosele,IRL,Udinese,20,2002,31,1700,55,49.7,18.9,20,70,4,11,27,6,0.90,20,29,-9,-0.48,-0.11,22.0,24.8,-2.8,-0.15,+0.23,DF
Enzo Ebosse,CMR,Udinese,24,1999,1,8,8,0.2,0.1,0,,0,1,8,0,1.00,0,0,0,0.00,+0.42,0.1,0.4,-0.3,-3.61,-3.36,DF
Tyronne Ebuehi,NGA,Empoli,27,1995,15,1099,73,32.1,12.2,11,84,10,4,43,7,0.80,5,15,-10,-0.82,-0.24,11.8,17.9,-6.1,-0.50,-0.09,DF
Éderson,BRA,Atalanta,24,1999,36,2869,80,83.9,31.9,32,85,24,4,38,1,1.75,54,38,+16,+0.50,-1.78,44.5,34.4,+10.1,+0.32,-0.76,MF
Player,,Squad,Ag,Born,MP,Min,Mn/MP,Min%,90s,Starts,Mn/Start,Compl,Subs,Mn/Sub,unSub,PPM,onG,onGA,+/-,+/-90,On-Off,onxG,onxGA,xG+/-,xG+/-90,On-Off,Po
Kingsley Ehizibue,NED,Udinese,28,1995,23,955,42,27.9,10.6,11,63,0,12,22,1,0.87,9,15,-6,-0.57,-0.20,8.9,13.9,-5.0,-0.47,-0.29,DF
Victor Ehuwa Eletu,NGA,Milan,18,2005,0,,,,,0,,0,0,,1,,,,,,,,,,,,MF
Emmanuel Ekong,SWE,Empoli,21,2002,1,5,5,0.1,0.1,0,,0,1,5,0,0.00,0,0,0,0.00,+0.66,0.0,0.1,-0.1,-1.71,-1.28,FW
Caleb Ekuban,GHA,Genoa,29,1994,29,1131,39,33.1,12.6,10,70,1,19,22,2,1.28,15,15,0,0.00,0.00,14.0,16.9,-2.8,-0.23,-0.06,FW
Emanuele Elia,ITA,Salernitana,18,2004,0,,,,,0,,0,0,,1,,,,,,,,,,,,DF
Elif Elmas,MKD,Napoli,23,1999,11,339,31,9.9,3.8,4,54,0,7,17,3,1.64,3,5,-2,-0.53,-0.79,3.3,4.8,-1.4,-0.39,-1.10,FW
Martin Erlic,CRO,Sassuolo,25,1998,32,2618,82,76.5,29.1,31,83,22,1,45,3,0.91,38,47,-9,-0.31,+2.27,32.6,41.5,-8.9,-0.31,+1.13,DF
Sebastian Esposito,AUS,Lecce,18,2005,0,,,,,0,,0,0,,5,,,,,,,,,,,,DF
Giovanni Fabbian,ITA,Bologna,20,2003,27,1057,39,30.9,11.7,11,73,2,16,16,11,2.00,17,12,+5,+0.43,-0.22,16.7,12.5,+4.2,+0.36,+0.10,MF
Nicolò Fagioli,ITA,Juventus,22,2001,8,437,55,12.8,4.9,4,74,0,4,36,2,1.88,8,4,+4,+0.82,+0.25,5.1,3.4,+1.7,+0.35,-0.35,MF
Matteo Falasca,ITA,Sassuolo,19,2004,0,,,,,0,,0,0,,1,,,,,,,,,,,,DF
Wladimiro Falcone,ITA,Lecce,28,1995,38,3420,90,100.0,38.0,38,90,38,0,,0,1.00,32,54,-22,-0.58,,43.1,53.3,-10.2,-0.27,,GK
Davide Faraoni,ITA,Hellas Verona,31,1991,11,602,55,17.6,6.7,7,69,1,4,30,3,0.45,3,11,-8,-1.20,-1.04,4.6,8.3,-3.8,-0.56,-0.34,DF
Davide Faraoni,ITA,Fiorentina,31,1991,8,392,49,11.5,4.4,4,81,2,4,17,11,1.38,7,8,-1,-0.23,-0.71,5.9,7.1,-1.2,-0.28,-0.43,DF
Giacomo Faticanti,ITA,Lecce,19,2004,0,,,,,0,,0,0,,12,,,,,,,,,,,,MF
Federico Fazio,ARG,Salernitana,36,1987,17,1355,80,39.6,15.1,15,87,12,2,27,8,0.61,15,31,-16,-1.06,+0.38,9.6,31.2,-21.7,-1.44,-0.46,DF
Jacopo Fazzini,ITA,Empoli,20,2003,31,1232,40,36.0,13.7,14,65,2,17,19,1,1.00,11,23,-12,-0.88,-0.34,15.7,19.9,-4.2,-0.31,+0.20,MF
Lewis Ferguson,SCO,Bologna,23,1999,31,2712,87,79.3,30.1,31,87,25,0,,0,1.87,41,24,+17,+0.56,-0.07,37.6,28.9,+8.8,+0.29,+0.02,MF
Saná Fernandes,POR,Lazio,17,2006,0,,,,,0,,0,0,,12,,,,,,,,,,,,MF
Tommaso Ferrari,ITA,Salernitana,18,2005,0,,,,,0,,0,0,,5,,,,,,,,,,,,DF
Andrea Ferraris,ITA,Monza,20,2003,1,10,10,0.3,0.1,0,,0,1,10,10,0.00,0,0,0,0.00,+0.32,0.0,0.0,0.0,0.00,+0.44,MF
João Ferreira,POR,Udinese,22,2001,35,1822,52,53.3,20.2,18,80,11,17,22,2,1.00,25,31,-6,-0.30,+0.27,20.8,28.3,-7.5,-0.37,-0.23,DF
Seydou Fini,ITA,Genoa,17,2006,3,35,12,1.0,0.4,0,,0,3,12,12,0.33,0,2,-2,-5.14,-5.20,1.1,0.3,+0.8,+1.94,+2.15,DF
Vincenzo Fiorillo,ITA,Salernitana,33,1990,4,360,90,10.5,4.0,4,90,4,0,,22,0.60,8,10,-2,-0.50,+0.88,3.5,9.2,-5.7,-1.43,-0.30,GK
Alessandro Florenzi,ITA,Milan,32,1991,31,1732,56,50.6,19.2,19,79,11,12,19,5,1.84,35,23,+12,+0.62,-0.18,34.2,26.2,+8.0,+0.42,-0.26,DF
Player,,Squad,Ag,Born,MP,Min,Mn/MP,Min%,90s,Starts,Mn/Start,Compl,Subs,Mn/Sub,unSub,PPM,onG,onGA,+/-,+/-90,On-Off,onxG,onxGA,xG+/-,xG+/-90,On-Off,Po
Michael Folorunsho,ITA,Hellas Verona,25,1998,34,2781,82,81.3,30.9,33,84,18,1,8,0,0.91,28,43,-15,-0.49,-0.77,30.1,39.2,-9.1,-0.30,-0.08,MF
Niccolò Fortini,ITA,Fiorentina,17,2006,0,,,,,0,,0,0,,1,,,,,,,,,,,,MF
Pierluigi Frattali,ITA,Frosinone,37,1985,0,,,0.0,0.0,0,,0,0,,34,0.00,1,3,-2,,,,,,,,GK
Davide Frattesi,ITA,Inter,23,1999,32,955,30,27.9,10.6,6,76,2,26,19,4,2.38,26,8,+18,+1.70,-0.09,24.2,12.9,+11.3,+1.06,-0.24,MF
Morten Frendrup,DEN,Genoa,22,2001,37,3145,85,92.0,34.9,36,87,31,1,20,0,1.24,40,43,-3,-0.09,-1.07,31.5,39.0,-7.5,-0.21,-0.32,MF
Remo Freuler,SUI,Bologna,31,1992,32,2624,82,76.7,29.2,30,85,20,2,35,2,1.88,46,22,+24,+0.82,+1.05,37.8,27.7,+10.1,+0.35,+0.26,MF
Alessio Furlanetto,ITA,Lazio,21,2002,0,,,,,0,,0,0,,2,,,,,,,,,,,,GK
Gerardo Fusco,ITA,Salernitana,18,2005,1,15,15,0.4,0.2,0,,0,1,15,2,0.00,1,0,+1,+6.00,+7.32,0.4,0.0,+0.4,+2.49,+3.67,FW
Matteo Gabbia,ITA,Milan,23,1999,18,1275,71,37.3,14.2,14,82,10,4,33,1,2.00,32,19,+13,+0.92,+0.33,27.3,15.7,+11.6,+0.82,+0.44,DF
Gianluca Gaetano,ITA,Cagliari,23,2000,11,745,68,21.8,8.3,10,72,3,1,29,3,1.45,9,9,0,0.00,+0.87,8.5,6.2,+2.2,+0.27,+0.73,FW
Gianluca Gaetano,ITA,Napoli,23,2000,9,161,18,4.7,1.8,1,55,0,8,13,10,1.56,3,3,0,0.00,-0.19,3.7,2.1,+1.6,+0.90,+0.31,MF
Roberto Gagliardini,ITA,Monza,29,1994,33,2360,72,69.0,26.2,29,79,18,4,21,2,1.12,28,37,-9,-0.34,-0.09,30.8,39.4,-8.6,-0.33,+0.37,MF
Pablo Galdames Millán,CHI,Genoa,26,1996,2,11,6,0.3,0.1,0,,0,2,6,13,0.00,0,2,-2,-16.36,-16.42,0.4,0.4,0.0,0.00,+0.19,MF
Antonino Gallo,ITA,Lecce,23,2000,35,2490,71,72.8,27.7,30,78,13,5,31,3,1.03,21,41,-20,-0.72,-0.53,32.6,37.4,-4.7,-0.17,+0.36,DF
Giovanni Garofani,ITA,Juventus,20,2002,0,,,,,0,,0,0,,1,,,,,,,,,,,,GK
Luca Garritano,ITA,Frosinone,29,1994,12,485,40,14.2,5.4,5,67,0,7,21,25,1.17,8,9,-1,-0.19,+0.55,6.5,7.7,-1.2,-0.23,+0.10,MF
Tito Gasperini,ITA,Bologna,17,2006,0,,,,,0,,0,0,,7,,,,,,,,,,,,GK
Federico Gatti,ITA,Juventus,25,1998,32,2637,82,77.1,29.3,30,85,23,2,42,5,1.91,36,27,+9,+0.31,-1.30,42.4,23.7,+18.7,+0.64,-0.03,DF
Francesco Gelli,ITA,Frosinone,26,1996,27,1561,58,45.6,17.3,16,86,9,11,17,2,0.93,22,40,-18,-1.04,-0.70,22.3,26.4,-4.1,-0.24,+0.14,MF
Luca Gemello,ITA,Torino,23,2000,2,180,90,5.3,2.0,2,90,2,0,,35,0.00,0,5,-5,-2.50,-2.64,1.5,4.1,-2.6,-1.32,-1.40,GK
Valentin Gendrey,FRA,Lecce,23,2000,37,3044,82,89.0,33.8,35,86,26,2,25,0,1.03,28,42,-14,-0.41,+1.50,38.4,46.1,-7.7,-0.23,+0.38,DF
Farés Ghedjemis,FRA,Frosinone,20,2002,6,182,30,5.3,2.0,1,62,0,5,24,11,0.83,2,3,-1,-0.49,+0.17,2.8,3.3,-0.5,-0.23,+0.09,FW
Lautaro Gianetti,ARG,Udinese,29,1993,7,630,90,18.4,7.0,7,90,7,0,,9,1.29,5,7,-2,-0.29,+0.17,6.2,7.7,-1.5,-0.21,+0.06,DF
Mario Gila,ESP,Lazio,22,2000,21,1809,86,52.9,20.1,21,86,16,0,,13,1.62,25,18,+7,+0.35,+0.18,24.5,20.3,+4.1,+0.20,+0.18,DF
Gvidas Gineitis,LTU,Torino,19,2004,14,538,38,15.7,6.0,4,85,2,10,20,15,1.50,6,8,-2,-0.33,-0.40,5.4,8.0,-2.6,-0.43,-0.52,MF
Player,,Squad,Ag,Born,MP,Min,Mn/MP,Min%,90s,Starts,Mn/Start,Compl,Subs,Mn/Sub,unSub,PPM,onG,onGA,+/-,+/-90,On-Off,onxG,onxGA,xG+/-,xG+/-90,On-Off,Po
Francesco Gioielli,ITA,Napoli,19,2004,0,,,,,0,,0,0,,2,,,,,,,,,,,,MF
Olivier Giroud,FRA,Milan,36,1986,35,2363,68,69.1,26.3,28,77,10,7,28,1,1.89,58,28,+30,+1.14,+1.40,47.0,29.1,+18.0,+0.68,+0.45,FW
Saba Goglichidze,GEO,Empoli,19,2004,0,,,,,0,,0,0,,16,,,,,,,,,,,,DF
Edoardo Goldaniga,ITA,Cagliari,29,1993,13,1011,78,29.6,11.2,12,83,7,1,19,8,1.08,14,17,-3,-0.27,+0.59,13.7,15.3,-1.5,-0.14,+0.24,DF
Lovro Golič,SVN,Roma,17,2006,0,,,,,0,,0,0,,2,,,,,,,,,,,,DF
Pierluigi Gollini,ITA,Napoli,28,1995,7,630,90,18.4,7.0,7,90,7,0,,22,1.43,6,8,-2,-0.29,-0.58,8.1,6.0,+2.2,+0.31,-0.37,GK
Papu Gómez,ARG,Monza,35,1988,2,41,21,1.2,0.5,0,,0,2,21,0,3.00,1,0,+1,+2.20,+2.54,2.0,0.9,+1.1,+2.37,+2.85,MF
Iron Gomis,FRA,Salernitana,23,1999,5,134,27,3.9,1.5,1,45,0,4,22,7,0.40,0,4,-4,-2.69,-1.45,1.9,3.4,-1.6,-1.05,+0.11,MF
Diego González,PAR,Lazio,20,2003,0,,,,,0,,0,0,,6,,,,,,,,,,,,FW
Joan Gonzàlez,ESP,Lecce,21,2002,29,1291,45,37.7,14.3,13,70,4,16,24,8,0.97,15,23,-8,-0.56,+0.03,18.6,19.6,-1.1,-0.08,+0.31,MF
Nicolás González,ARG,Fiorentina,25,1998,29,1913,66,55.9,21.3,21,80,13,8,29,1,1.41,36,28,+8,+0.38,-0.04,29.8,23.7,+6.1,+0.29,+0.44,FW
Stefano Gori,ITA,Monza,27,1996,0,,,,,0,,0,0,,37,,,,,,,,,,,,GK
Alberto Grassi,ITA,Empoli,28,1995,27,1807,67,52.8,20.1,22,77,9,5,22,5,1.00,15,28,-13,-0.65,+0.02,19.2,22.9,-3.7,-0.18,+0.55,MF
Salvati Gregorio,ITA,Salernitana,18,2005,0,,,,,0,,0,0,,13,,,,,,,,,,,,GK
Gabriele Guarino,ITA,Empoli,19,2004,0,,,,,0,,0,0,,13,,,,,,,,,,,,DF
Niccolò Guccione,ITA,Salernitana,17,2006,0,,,,,0,,0,0,,2,,,,,,,,,,,,DF
Mattéo Guendouzi,FRA,Lazio,24,1999,33,2367,72,69.2,26.3,27,83,17,6,22,0,1.67,34,28,+6,+0.23,-0.11,32.2,30.7,+1.5,+0.06,-0.20,MF
Tomasso Guercio,POL,Inter,18,2005,0,,,,,0,,0,0,,1,,,,,,,,,,,,DF
Axel Guessand,FRA,Udinese,18,2004,1,45,45,1.3,0.5,0,,0,1,45,12,1.00,0,0,0,0.00,+0.43,0.4,0.8,-0.4,-0.81,-0.55,DF
Albert Guðmundsson,ISL,Genoa,26,1997,35,3016,86,88.2,33.5,34,88,26,1,24,0,1.34,40,37,+3,+0.09,+0.76,31.9,35.9,-4.0,-0.12,+0.58,FW
Emmanuel Gyasi,GHA,Empoli,29,1994,33,1879,57,54.9,20.9,21,80,13,12,16,4,0.97,17,25,-8,-0.38,+0.61,19.0,26.5,-7.5,-0.36,+0.18,DF
Norbert Gyömbér,SVK,Salernitana,31,1992,22,1760,80,51.5,19.6,20,82,14,2,58,3,0.55,16,41,-25,-1.28,+0.02,14.9,34.7,-19.8,-1.01,+0.30,DF
Nicolas Haas,SUI,Empoli,27,1996,1,90,90,2.6,1.0,1,90,1,0,,1,0.00,0,2,-2,-2.00,-1.38,1.0,2.0,-1.0,-1.02,-0.60,MF
Hamza Haoudi,ITA,Frosinone,22,2001,0,,,,,0,,0,0,,1,,,,,,,,,,,,MF
Ridgeciano Haps,SUR,Genoa,30,1993,16,773,48,22.6,8.6,7,85,2,9,20,13,1.06,7,9,-2,-0.23,-0.30,9.6,7.1,+2.4,+0.28,+0.61,DF
Player,,Squad,Ag,Born,MP,Min,Mn/MP,Min%,90s,Starts,Mn/Start,Compl,Subs,Mn/Sub,unSub,PPM,onG,onGA,+/-,+/-90,On-Off,onxG,onxGA,xG+/-,xG+/-90,On-Off,Po
Abdou Harroui,NED,Frosinone,25,1998,18,1019,57,29.8,11.3,13,70,0,5,22,2,0.67,15,29,-14,-1.24,-0.82,13.8,18.4,-4.5,-0.40,-0.12,MF
Luis Hasa,ITA,Juventus,19,2004,0,,,,,0,,0,0,,1,,,,,,,,,,,,MF
Hans Hateboer,NED,Atalanta,29,1994,23,1113,48,32.5,12.4,10,77,7,13,26,7,1.83,24,16,+8,+0.65,-0.21,18.2,15.7,+2.5,+0.20,-0.35,DF
Pantelis Hatzidiakos,GRE,Cagliari,26,1997,13,856,66,25.0,9.5,13,66,2,0,,17,0.54,6,19,-13,-1.37,-0.91,9.9,12.6,-2.6,-0.28,+0.04,DF
Silvan Hefti,SUI,Genoa,25,1997,6,114,19,3.3,1.3,1,58,0,5,11,11,0.50,1,8,-7,-5.53,-5.72,0.8,2.3,-1.5,-1.21,-1.06,MF
Liam Henderson,SCO,Empoli,27,1996,1,5,5,0.1,0.1,0,,0,1,5,0,0.00,0,0,0,0.00,+0.66,0.0,0.1,-0.1,-1.71,-1.28,MF
Matheus Henrique,BRA,Sassuolo,25,1997,31,2501,81,73.1,27.8,27,89,22,4,26,0,0.84,28,55,-27,-0.97,-0.48,27.1,45.1,-17.9,-0.65,-0.27,MF
Thomas Henry,FRA,Hellas Verona,28,1994,18,334,19,9.8,3.7,2,56,0,16,14,8,0.89,3,2,+1,+0.27,+0.68,4.3,5.1,-0.9,-0.23,+0.05,FW
Theo Hernández,FRA,Milan,25,1997,32,2791,87,81.6,31.0,31,89,26,1,23,0,2.13,70,42,+28,+0.90,+1.05,56.7,36.7,+20.0,+0.64,+0.53,DF
Isak Hien,SWE,Hellas Verona,24,1999,10,864,86,25.3,9.6,9,89,8,1,61,0,0.80,7,11,-4,-0.42,-0.10,9.2,9.1,0.0,0.00,+0.38,DF
Isak Hien,SWE,Atalanta,24,1999,16,937,59,27.4,10.4,9,90,9,7,18,1,1.94,22,11,+11,+1.06,+0.37,17.9,11.5,+6.5,+0.62,+0.25,DF
Emil Holm,SWE,Atalanta,23,2000,22,947,43,27.7,10.5,12,63,2,10,19,8,1.86,23,12,+11,+1.05,+0.35,18.8,11.2,+7.6,+0.72,+0.39,DF
Martin Hongla,CMR,Hellas Verona,25,1998,15,1084,72,31.7,12.0,12,83,9,3,28,4,0.80,8,12,-4,-0.33,+0.01,10.7,13.6,-2.9,-0.24,+0.06,MF
Sydney van Hooijdonk,NED,Bologna,23,2000,9,212,24,6.2,2.4,2,67,0,7,11,10,1.00,2,2,0,0.00,-0.62,2.3,2.5,-0.2,-0.07,-0.37,FW
Dean Huijsen,ESP,Roma,18,2005,13,509,39,14.9,5.7,4,69,2,9,26,7,2.08,9,10,-1,-0.18,-0.80,5.6,7.1,-1.5,-0.26,-0.60,DF
Dean Huijsen,ESP,Juventus,18,2005,1,13,13,0.4,0.1,0,,0,1,13,14,3.00,0,0,0,0.00,-0.61,0.6,0.0,+0.6,+4.11,+3.47,DF
Elseid Hysaj,ALB,Lazio,29,1994,22,1199,55,35.1,13.3,11,78,7,11,31,15,1.64,20,21,-1,-0.08,-0.52,15.6,17.7,-2.1,-0.16,-0.42,DF
Arijon Ibrahimović,GER,Frosinone,17,2005,16,474,30,13.9,5.3,5,70,0,11,11,15,0.75,4,7,-3,-0.57,+0.10,5.8,7.4,-1.7,-0.31,0.00,FW
Hubert Idasiak,POL,Napoli,21,2002,0,,,,,0,,0,0,,17,,,,,,,,,,,,GK
Antonio Iervolino,ITA,Salernitana,20,2003,0,,,,,0,,0,0,,1,,,,,,,,,,,,MF
Jonathan Ikone,FRA,Fiorentina,25,1998,28,1682,60,49.2,18.7,18,80,7,10,25,4,1.57,26,18,+8,+0.43,+0.07,26.4,24.1,+2.3,+0.12,+0.06,FW
Chukwubuikem Ikwuemesi,NGA,Salernitana,21,2001,25,1061,42,31.0,11.8,11,71,2,14,20,6,0.56,11,26,-15,-1.27,+0.02,11.8,24.3,-12.5,-1.06,+0.14,FW
Ivan Ilić,SRB,Torino,22,2001,31,2098,68,61.3,23.3,25,81,16,6,14,1,1.26,23,23,0,0.00,0.00,23.8,24.0,-0.2,-0.01,-0.04,MF
Mihajlo Ilić,SRB,Bologna,20,2003,0,,,,,0,,0,0,,18,,,,,,,,,,,,DF
Samuel Iling-Junior,ENG,Juventus,19,2003,24,810,34,23.7,9.0,4,84,2,20,24,14,1.75,18,10,+8,+0.89,+0.37,12.8,8.1,+4.7,+0.52,-0.17,DF
Player,,Squad,Ag,Born,MP,Min,Mn/MP,Min%,90s,Starts,Mn/Start,Compl,Subs,Mn/Sub,unSub,PPM,onG,onGA,+/-,+/-90,On-Off,onxG,onxGA,xG+/-,xG+/-90,On-Off,Po
Emirhan İlkhan,TUR,Torino,19,2004,0,,,,,0,,0,0,,2,,,,,,,,,,,,MF
Ciro Immobile,ITA,Lazio,33,1990,31,1652,53,48.3,18.4,21,69,5,10,20,1,1.42,22,24,-2,-0.11,-0.72,23.7,23.4,+0.3,+0.02,-0.20,FW
Gabriele Indragoli,ITA,Empoli,19,2004,0,,,,,0,,0,0,,6,,,,,,,,,,,,DF
Gino Infantino,ARG,Fiorentina,20,2003,6,96,16,2.8,1.1,0,,0,6,16,32,2.17,2,2,0,0.00,-0.41,1.8,2.0,-0.1,-0.11,-0.21,MF
Gustav Isaksen,DEN,Lazio,22,2001,28,1074,38,31.4,11.9,12,62,0,16,21,8,1.61,17,13,+4,+0.34,+0.11,14.2,13.9,+0.2,+0.02,-0.15,FW
Ardian Ismajli,ALB,Empoli,26,1996,26,2045,79,59.8,22.7,23,85,20,3,27,3,0.92,21,30,-9,-0.40,+0.65,24.0,26.3,-2.3,-0.10,+0.84,DF
Armando Izzo,ITA,Monza,31,1992,23,1650,72,48.2,18.3,20,81,13,3,8,4,1.13,17,25,-8,-0.44,-0.23,18.4,25.0,-6.6,-0.36,+0.16,DF
Filip Jagiełło,POL,Genoa,25,1997,2,33,17,1.0,0.4,0,,0,2,17,13,1.50,0,0,0,0.00,0.00,0.1,0.6,-0.5,-1.41,-1.24,MF
Jakub Jankto,CZE,Cagliari,27,1996,18,872,48,25.5,9.7,13,61,0,5,16,11,1.22,11,18,-7,-0.72,-0.05,10.4,13.1,-2.8,-0.28,+0.03,MF
Juan Jesus,BRA,Napoli,32,1991,24,2116,88,61.9,23.5,23,90,20,1,52,6,1.33,27,29,-2,-0.09,-0.71,36.6,23.5,+13.2,+0.56,-0.12,DF
Alejandro Jiménez,ESP,Milan,18,2005,3,68,23,2.0,0.8,0,,0,3,23,13,3.00,1,0,+1,+1.32,+0.63,0.6,0.8,-0.2,-0.26,-0.82,DF
Þórir Jóhann Helgason,ISL,Lecce,22,2000,0,,,,,0,,0,0,,2,,,,,,,,,,,,MF
Samuel John Nwachukwu,NGA,Udinese,17,2005,0,,,,,0,,0,0,,3,,,,,,,,,,,,DF
Kaio Jorge,BRA,Frosinone,21,2002,20,812,41,23.7,9.0,8,78,2,12,15,11,0.60,13,20,-7,-0.78,-0.15,13.1,13.2,-0.1,-0.01,+0.40,FW
Joselito,ESP,Hellas Verona,19,2004,0,,,,,0,,0,0,,7,,,,,,,,,,,,MF
Luka Jović,SRB,Fiorentina,25,1997,0,,,,,0,,0,0,,1,,,,,,,,,,,,FW
Luka Jović,SRB,Milan,25,1997,23,877,38,25.6,9.7,8,75,2,15,18,7,1.70,16,16,0,0.00,-0.96,16.5,11.6,+4.9,+0.50,-0.06,FW
Hamed Junior Traorè,CIV,Napoli,23,2000,9,382,42,11.2,4.2,5,62,0,4,18,8,1.22,8,6,+2,+0.47,+0.32,7.3,3.9,+3.5,+0.82,+0.24,MF
Mohamed Kaba,FRA,Lecce,21,2001,23,1378,60,40.3,15.3,15,77,6,8,27,1,1.00,13,23,-10,-0.65,-0.12,17.2,22.0,-4.8,-0.31,-0.07,MF
Christian Kabasele,BEL,Udinese,32,1991,13,861,66,25.2,9.6,10,85,9,3,5,22,1.00,9,18,-9,-0.94,-0.69,11.6,15.5,-3.9,-0.40,-0.19,DF
Uroš Kabić,SRB,Torino,19,2004,0,,,,,0,,0,0,,14,,,,,,,,,,,,MF
Yayah Kallon,SLE,Hellas Verona,22,2001,1,4,4,0.1,0.0,0,,0,1,4,6,0.00,0,1,-1,-22.50,-22.18,0.8,1.0,-0.2,-4.84,-4.56,FW
Pierre Kalulu,FRA,Milan,23,2000,9,374,42,10.9,4.2,4,61,2,5,26,4,1.89,7,7,0,0.00,-0.80,7.6,4.7,+2.9,+0.70,+0.17,DF
Daichi Kamada,JPN,Lazio,26,1996,29,1544,53,45.1,17.2,17,75,6,12,23,9,1.69,19,14,+5,+0.29,+0.05,21.6,17.3,+4.2,+0.25,+0.23,MF
Hassane Kamara,CIV,Udinese,29,1994,35,2225,64,65.1,24.7,27,76,4,8,20,2,0.94,24,30,-6,-0.24,+0.51,24.4,27.8,-3.4,-0.14,+0.36,DF
Player,,Squad,Ag,Born,MP,Min,Mn/MP,Min%,90s,Starts,Mn/Start,Compl,Subs,Mn/Sub,unSub,PPM,onG,onGA,+/-,+/-90,On-Off,onxG,onxGA,xG+/-,xG+/-90,On-Off,Po
Issiaka Kamate,FRA,Inter,18,2004,0,,,,,0,,0,0,,2,,,,,,,,,,,,MF
Dimitrije Kamenović,SRB,Lazio,23,2000,0,,,,,0,,0,0,,2,,,,,,,,,,,,DF
Matjaž Kamenšek Pahič,SVN,Frosinone,19,2004,0,,,,,0,,0,0,,3,,,,,,,,,,,,MF
Yann Karamoh,FRA,Torino,25,1998,10,162,16,4.7,1.8,1,45,0,9,13,8,1.40,3,2,+1,+0.56,+0.58,2.2,2.2,0.0,+0.03,+0.02,MF
Jesper Karlsson,SWE,Bologna,25,1998,7,344,49,10.1,3.8,4,71,0,3,20,19,1.43,1,2,-1,-0.26,-0.93,2.8,4.3,-1.5,-0.40,-0.76,FW
Rick Karsdorp,NED,Roma,28,1995,18,1191,66,34.8,13.2,14,76,4,4,31,16,2.06,22,11,+11,+0.83,+0.51,20.1,10.9,+9.1,+0.68,+0.66,DF
Grigoris Kastanos,CYP,Salernitana,25,1998,26,1480,57,43.3,16.4,18,73,3,8,20,3,0.54,12,31,-19,-1.16,+0.24,12.3,31.9,-19.6,-1.19,-0.05,MF
Michael Kayode,ITA,Fiorentina,19,2004,26,2058,79,60.2,22.9,22,85,14,4,45,8,1.88,39,20,+19,+0.83,+1.10,32.5,23.0,+9.5,+0.42,+0.81,DF
Moise Kean,ITA,Juventus,23,2000,19,654,34,19.1,7.3,8,66,0,11,11,4,1.95,6,4,+2,+0.28,-0.41,9.0,5.3,+3.6,+0.50,-0.18,FW
Simon Kjær,DEN,Milan,34,1989,20,1171,59,34.2,13.0,14,79,7,6,11,5,2.30,23,17,+6,+0.46,-0.38,22.1,16.3,+5.8,+0.44,-0.16,DF
Davy Klaassen,NED,Inter,30,1993,13,206,16,6.0,2.3,1,53,0,12,13,23,2.38,6,0,+6,+2.62,+0.91,4.9,1.7,+3.2,+1.39,+0.16,MF
Aleksandr Kokorin,RUS,Fiorentina,32,1991,0,,,,,0,,0,0,,3,,,,,,,,,,,,FW
Sead Kolašinac,BIH,Atalanta,30,1993,30,2178,73,63.7,24.2,25,83,16,5,23,2,1.77,45,23,+22,+0.91,+0.33,34.0,26.1,+7.8,+0.32,-0.32,DF
Teun Koopmeiners,NED,Atalanta,25,1998,34,2627,77,76.8,29.2,29,85,19,5,33,0,1.68,55,34,+21,+0.72,-0.30,44.5,32.3,+12.2,+0.42,-0.09,MF
Filip Kostić,SRB,Juventus,30,1992,29,1815,63,53.1,20.2,26,67,3,3,24,8,2.10,26,15,+11,+0.55,-0.13,28.7,13.5,+15.1,+0.75,+0.22,DF
Christian Kouamé,CIV,Fiorentina,25,1997,23,1089,47,31.8,12.1,11,74,4,12,23,4,1.74,20,10,+10,+0.83,+0.63,17.1,15.4,+1.7,+0.14,+0.07,FW
Christos Kourfalidis,GRE,Cagliari,20,2002,0,,,,,0,,0,0,,2,,,,,,,,,,,,MF
Viktor Kovalenko,UKR,Empoli,27,1996,17,613,36,17.9,6.8,4,78,0,13,23,14,0.82,9,9,0,0.00,+0.80,8.5,11.8,-3.3,-0.48,-0.05,MF
Rasmus Kristensen,DEN,Roma,26,1997,29,1744,60,51.0,19.4,19,80,12,10,22,6,1.79,30,28,+2,+0.10,-0.81,25.2,23.6,+1.6,+0.08,-0.34,DF
Thomas Kristensen,DEN,Udinese,21,2002,26,2096,81,61.3,23.3,23,87,20,3,29,6,0.88,23,34,-11,-0.47,-0.13,20.8,29.0,-8.2,-0.35,-0.22,DF
Nikola Krstović,MNE,Lecce,23,2000,35,2373,68,69.4,26.4,30,76,10,5,18,1,0.91,21,35,-14,-0.53,+0.16,29.2,34.6,-5.5,-0.21,+0.20,FW
Rade Krunić,BIH,Milan,29,1993,10,687,69,20.1,7.6,8,81,6,2,19,5,1.70,14,12,+2,+0.26,-0.56,10.6,10.8,-0.3,-0.03,-0.73,MF
Marash Kumbulla,ALB,Sassuolo,23,2000,7,362,52,10.6,4.0,3,82,2,4,29,9,1.00,3,10,-7,-1.74,-1.00,2.4,8.2,-5.7,-1.43,-0.96,DF
Justin Kumi,ITA,Sassuolo,19,2004,1,4,4,0.1,0.0,0,,0,1,4,0,0.00,0,0,0,0.00,+0.84,0.0,0.1,-0.1,-1.58,-1.01,FW
Berkan Kutlu,TUR,Genoa,25,1998,6,199,33,5.8,2.2,0,,0,6,33,10,1.33,3,4,-1,-0.45,-0.48,2.2,3.2,-1.0,-0.47,-0.30,MF
Player,,Squad,Ag,Born,MP,Min,Mn/MP,Min%,90s,Starts,Mn/Start,Compl,Subs,Mn/Sub,unSub,PPM,onG,onGA,+/-,+/-90,On-Off,onxG,onxGA,xG+/-,xG+/-90,On-Off,Po
Khvicha Kvaratskhelia,GEO,Napoli,22,2001,34,2737,81,80.0,30.4,32,83,14,2,34,0,1.41,46,40,+6,+0.20,+0.07,49.9,33.2,+16.6,+0.55,-0.29,FW
Giorgi Kvernadze,GEO,Frosinone,20,2003,5,63,13,1.8,0.7,0,,0,5,13,30,0.20,0,3,-3,-4.29,-3.70,0.3,1.7,-1.3,-1.89,-1.61,FW
Giorgos Kyriakopoulos,GRE,Monza,27,1996,28,1712,61,50.1,19.0,20,76,8,8,24,10,0.96,18,25,-7,-0.37,-0.10,17.7,27.7,-10.0,-0.53,-0.17,DF
Eugenio Lamanna,ITA,Monza,33,1989,0,,,,,0,,0,0,,14,,,,,,,,,,,,GK
Gianluca Lapadula,PER,Cagliari,33,1990,23,1205,52,35.2,13.4,14,73,6,9,20,5,0.83,17,24,-7,-0.52,+0.25,15.0,19.1,-4.2,-0.31,-0.01,FW
Armand Lauriente,FRA,Sassuolo,24,1998,37,2908,79,85.0,32.3,35,82,15,2,18,0,0.81,37,55,-18,-0.56,+1.90,34.7,48.5,-13.9,-0.43,+0.97,FW
Valentino Lazaro,AUT,Torino,27,1996,35,1994,57,58.3,22.2,21,84,12,14,16,2,1.37,19,22,-3,-0.14,-0.32,21.4,22.2,-0.8,-0.04,-0.10,DF
Darko Lazović,SRB,Hellas Verona,32,1990,32,1928,60,56.4,21.4,22,72,1,10,34,0,0.91,21,28,-7,-0.33,+0.04,25.1,28.8,-3.7,-0.17,+0.25,FW
Manuel Lazzari,ITA,Lazio,29,1993,24,1671,70,48.9,18.6,19,80,11,5,32,10,1.54,23,15,+8,+0.43,+0.33,25.3,19.7,+5.6,+0.30,+0.35,DF
Nicola Leali,ITA,Genoa,30,1993,3,176,59,5.1,2.0,2,88,1,1,1,34,1.00,2,2,0,0.00,0.00,2.0,2.0,0.0,-0.02,+0.18,GK
Rafael Leão,POR,Milan,24,1999,34,2512,74,73.5,27.9,29,80,15,5,37,0,1.94,56,31,+25,+0.90,+0.70,51.7,31.1,+20.6,+0.74,+0.72,FW
Mats Lemmens,BEL,Lecce,21,2002,0,,,,,0,,0,0,,1,,,,,,,,,,,,DF
Anderson Lima,BRA,Lazio,23,1999,0,,,,,0,,0,0,,7,,,,,,,,,,,,MF
Jesper Lindstrøm,DEN,Napoli,23,2000,22,430,20,12.6,4.8,2,69,0,20,15,11,1.32,9,7,+2,+0.42,+0.27,8.7,4.2,+4.5,+0.94,+0.38,FW
Karol Linetty,POL,Torino,28,1995,28,1858,66,54.3,20.6,19,83,9,9,32,5,1.50,18,17,+1,+0.05,+0.11,21.1,19.6,+1.5,+0.07,+0.14,MF
Luca Lipani,ITA,Sassuolo,18,2005,8,384,48,11.2,4.3,5,68,0,3,14,23,0.63,5,5,0,0.00,+0.95,4.4,6.1,-1.7,-0.40,+0.20,MF
Pol Lirola,ESP,Frosinone,25,1997,25,1536,61,44.9,17.1,18,74,7,7,29,2,0.84,18,29,-11,-0.64,+0.02,21.8,26.3,-4.5,-0.26,+0.09,DF
Marcin Listkowski,POL,Lecce,25,1998,1,8,8,0.2,0.1,0,,0,1,8,13,0.00,0,0,0,0.00,+0.58,0.2,0.0,+0.2,+2.22,+2.50,FW
Diego Llorente,ESP,Roma,29,1993,29,2170,75,63.5,24.1,27,78,20,2,32,5,1.69,43,28,+15,+0.62,+0.33,34.0,23.5,+10.5,+0.44,+0.51,DF
Stanislav Lobotka,SVK,Napoli,28,1994,38,3282,86,96.0,36.5,38,86,25,0,,0,1.39,50,44,+6,+0.16,-0.49,58.9,35.5,+23.3,+0.64,+0.85,MF
Manuel Locatelli,ITA,Juventus,25,1998,36,3008,84,88.0,33.4,34,87,29,2,17,1,1.81,46,28,+18,+0.54,-0.55,48.5,26.8,+21.7,+0.65,+0.02,MF
Seb Loeffen,NED,Sassuolo,19,2004,0,,,,,0,,0,0,,1,,,,,,,,,,,,DF
Ruben Loftus-Cheek,ENG,Milan,27,1996,29,2068,71,60.5,23.0,26,76,11,3,27,2,2.14,43,28,+15,+0.65,-0.15,38.4,27.5,+10.9,+0.48,-0.18,MF
Ademola Lookman,NGA,Atalanta,25,1997,31,1894,61,55.4,21.0,22,73,4,9,32,1,1.61,33,26,+7,+0.33,-1.02,27.6,21.1,+6.5,+0.31,-0.29,FW
Maxime Lopez,FRA,Fiorentina,25,1997,19,800,42,23.4,8.9,7,75,2,12,23,15,1.47,9,10,-1,-0.11,-0.66,11.2,14.5,-3.3,-0.38,-0.61,MF
Player,,Squad,Ag,Born,MP,Min,Mn/MP,Min%,90s,Starts,Mn/Start,Compl,Subs,Mn/Sub,unSub,PPM,onG,onGA,+/-,+/-90,On-Off,onxG,onxGA,xG+/-,xG+/-90,On-Off,Po
Maxime Lopez,FRA,Sassuolo,25,1997,2,140,70,4.1,1.6,2,70,1,0,,0,0.00,0,3,-3,-1.93,-1.13,0.5,3.0,-2.4,-1.56,-1.03,MF
Matteo Lovato,ITA,Torino,23,2000,13,544,42,15.9,6.0,6,76,4,7,13,2,1.38,6,7,-1,-0.17,-0.20,6.6,5.9,+0.7,+0.12,+0.14,DF
Matteo Lovato,ITA,Salernitana,23,2000,13,947,73,27.7,10.5,11,80,7,2,32,9,0.46,8,21,-13,-1.24,+0.07,7.6,18.7,-11.1,-1.05,+0.15,DF
Sandi Lovrić,SVN,Udinese,25,1998,29,1987,69,58.1,22.1,21,85,11,8,24,0,0.90,22,34,-12,-0.54,-0.29,20.9,30.1,-9.2,-0.42,-0.37,MF
Hirving Lozano,MEX,Napoli,28,1995,0,,,,,0,,0,0,,2,,,,,,,,,,,,FW
Lorenzo Lucca,ITA,Udinese,22,2000,37,2592,70,75.8,28.8,30,80,13,7,26,0,1.00,28,38,-10,-0.35,+0.30,29.9,35.4,-5.5,-0.19,+0.30,FW
Jhon Lucumí,COL,Bologna,25,1998,29,2217,76,64.8,24.6,23,89,22,6,29,4,1.62,31,18,+13,+0.53,-0.15,31.9,21.7,+10.3,+0.42,+0.37,DF
José Luis Palomino,ARG,Atalanta,33,1990,4,27,7,0.8,0.3,0,,0,4,7,9,2.50,0,0,0,0.00,-0.80,0.4,0.3,+0.1,+0.20,-0.24,DF
Romelu Lukaku,BEL,Roma,30,1993,32,2641,83,77.2,29.3,30,87,23,2,23,0,1.91,52,30,+22,+0.75,+1.10,38.2,31.0,+7.2,+0.25,-0.02,FW
Karlo Lulić,CRO,Frosinone,27,1996,1,19,19,0.6,0.2,0,,0,1,19,13,1.00,0,0,0,0.00,+0.66,0.1,0.6,-0.5,-2.35,-2.05,MF
Sebastiano Luperto,ITA,Empoli,26,1996,38,3406,90,99.6,37.8,38,90,37,0,,0,0.95,29,53,-24,-0.63,+5.79,36.0,52.6,-16.6,-0.44,-0.04,DF
Mateus Lusuardi,BRA,Frosinone,19,2004,4,219,55,6.4,2.4,3,73,1,1,1,20,0.25,3,8,-5,-2.05,-1.49,1.8,4.3,-2.4,-1.00,-0.73,DF
Zito Luvumbo,ANG,Cagliari,21,2002,30,1946,65,56.9,21.6,19,79,10,11,40,1,0.97,23,34,-11,-0.51,+0.41,25.6,29.5,-3.9,-0.18,+0.29,FW
Charalambos Lykogiannis,GRE,Bologna,29,1993,22,904,41,26.4,10.0,10,74,3,12,14,15,1.73,16,11,+5,+0.50,-0.11,13.1,9.5,+3.6,+0.35,+0.09,DF
Daniel Macej,,Frosinone,19,2004,0,,,,,0,,0,0,,2,,,,,,,,,,,,DF
Giulio Maggiore,ITA,Salernitana,25,1998,27,1800,67,52.6,20.0,20,78,8,7,35,3,0.52,22,36,-14,-0.70,+1.24,16.0,36.8,-20.9,-1.04,+0.25,MF
Giangiacomo Magnani,ITA,Hellas Verona,27,1995,33,2444,74,71.5,27.2,27,87,24,6,16,2,1.00,22,34,-12,-0.44,-0.35,24.9,35.5,-10.6,-0.39,-0.39,DF
Mike Maignan,FRA,Milan,28,1995,29,2609,90,76.3,29.0,29,90,28,0,,2,2.14,57,34,+23,+0.79,+0.35,48.7,34.7,+14.0,+0.48,-0.27,GK
Antoine Makoumbou,CGO,Cagliari,25,1998,32,2702,84,79.0,30.0,32,84,25,0,,1,0.91,34,54,-20,-0.67,+0.09,32.7,43.8,-11.1,-0.37,-0.31,MF
Daniel Maldini,ITA,Monza,21,2001,11,333,30,9.7,3.7,2,59,0,9,24,4,1.27,10,8,+2,+0.54,+0.95,5.0,5.0,0.0,+0.01,+0.49,MF
Daniel Maldini,ITA,Empoli,21,2001,7,263,38,7.7,2.9,3,66,0,4,16,4,0.71,2,5,-3,-1.03,-0.40,1.9,3.6,-1.8,-0.60,-0.17,FW
Youssef Maleh,MAR,Empoli,24,1998,34,2602,77,76.1,28.9,30,83,17,4,31,0,1.06,20,43,-23,-0.80,-0.58,27.5,39.6,-12.1,-0.42,+0.08,MF
Youssef Maleh,MAR,Lecce,24,1998,0,,,,,0,,0,0,,2,,,,,,,,,,,,MF
Ruslan Malinovskyi,UKR,Genoa,30,1993,28,1544,55,45.1,17.2,18,76,6,10,18,2,1.25,20,19,+1,+0.06,+0.11,14.8,17.7,-3.0,-0.17,+0.03,MF
Joel Malusà,ITA,Udinese,16,2007,0,,,,,0,,0,0,,6,,,,,,,,,,,,GK
Player,,Squad,Ag,Born,MP,Min,Mn/MP,Min%,90s,Starts,Mn/Start,Compl,Subs,Mn/Sub,unSub,PPM,onG,onGA,+/-,+/-90,On-Off,onxG,onxGA,xG+/-,xG+/-90,On-Off,Po
Gianluca Mancini,ITA,Roma,27,1996,36,2869,80,83.9,31.9,34,84,26,2,15,1,1.64,51,37,+14,+0.44,-0.38,41.5,34.8,+6.7,+0.21,-0.26,DF
Tommaso Mancini,ITA,Juventus,19,2004,0,,,,,0,,0,0,,1,,,,,,,,,,,,FW
Marco Mancosu,ITA,Cagliari,34,1988,6,156,26,4.6,1.7,3,51,0,3,1,8,1.83,2,4,-2,-1.15,-0.49,3.1,2.8,+0.3,+0.16,+0.49,MF
Christos Mandas,GRE,Lazio,21,2001,9,721,80,21.1,8.0,8,90,8,1,1,26,2.11,14,6,+8,+1.00,+0.93,11.5,8.0,+3.5,+0.44,+0.41,GK
Rolando Mandragora,ITA,Fiorentina,26,1997,33,1588,48,46.4,17.6,16,78,7,17,20,3,1.42,28,24,+4,+0.23,-0.31,22.0,27.5,-5.4,-0.31,-0.75,MF
Kostas Manolas,GRE,Salernitana,32,1991,8,488,61,14.3,5.4,6,71,1,2,32,3,0.25,3,9,-6,-1.11,+0.21,4.5,9.8,-5.3,-0.98,+0.22,DF
Alberto Manzoni,ITA,Atalanta,18,2005,0,,,,,0,,0,0,,1,,,,,,,,,,,,MF
Riccardo Marchizza,ITA,Frosinone,25,1998,13,1148,88,33.6,12.8,13,88,12,0,,7,1.38,18,21,-3,-0.24,+0.64,15.1,20.6,-5.5,-0.43,-0.17,DF
Gian Marco Ferrari,ITA,Sassuolo,31,1992,31,2272,73,66.4,25.2,25,88,24,6,11,6,0.77,24,47,-23,-0.91,-0.21,26.0,39.0,-13.0,-0.51,+0.17,DF
Pablo Marí,ESP,Monza,29,1993,34,2615,77,76.5,29.1,30,84,24,4,21,0,1.18,29,39,-10,-0.34,-0.12,29.5,43.0,-13.5,-0.47,-0.10,DF
Luca Marianucci,ITA,Empoli,19,2004,0,,,,,0,,0,0,,1,,,,,,,,,,,,DF
Mirko Marić,CRO,Monza,28,1995,10,287,29,8.4,3.2,1,59,0,9,25,9,1.09,2,3,-1,-0.31,0.00,4.4,4.3,+0.1,+0.02,+0.50,FW
Răzvan Marin,ROU,Empoli,27,1996,30,1818,61,53.2,20.2,20,80,11,10,21,5,0.83,14,28,-14,-0.69,-0.08,19.9,31.7,-11.8,-0.58,-0.31,MF
Renato Marin,ITA,Roma,17,2006,0,,,,,0,,0,0,,1,,,,,,,,,,,,GK
Agustín Martegani,ARG,Salernitana,23,2000,18,731,41,21.4,8.1,6,73,1,12,25,16,0.28,8,21,-13,-1.60,-0.40,6.9,18.3,-11.3,-1.39,-0.30,MF
Aarón Martín,ESP,Genoa,26,1997,22,1376,63,40.2,15.3,17,76,7,5,17,10,1.27,22,20,+2,+0.13,+0.22,14.2,19.4,-5.2,-0.34,-0.26,DF
Tommaso Martinelli,ITA,Fiorentina,17,2006,1,90,90,2.6,1.0,1,90,1,0,,31,3.00,3,2,+1,+1.00,+0.62,,,,,,GK
Josep Martinez,ESP,Genoa,25,1998,36,3239,90,94.7,36.0,36,90,35,0,,1,1.28,43,43,0,0.00,0.00,33.2,40.6,-7.4,-0.21,-0.35,GK
Lautaro Martínez,ARG,Inter,25,1997,33,2656,80,77.7,29.5,31,84,18,2,32,2,2.58,73,16,+57,+1.93,+0.75,60.9,22.5,+38.4,+1.30,+0.28,FW
Lucas Martínez Quarta,ARG,Fiorentina,27,1996,29,2291,79,67.0,25.5,26,86,21,3,19,5,1.69,42,30,+12,+0.47,+0.23,35.1,31.6,+3.5,+0.14,+0.13,DF
Adam Marušić,MNE,Lazio,30,1992,37,3100,84,90.6,34.4,37,84,29,0,,0,1.65,47,34,+13,+0.38,+1.22,42.2,37.9,+4.3,+0.12,+0.07,DF
Adam Masina,MAR,Udinese,29,1994,4,64,16,1.9,0.7,1,45,0,3,6,9,1.25,0,2,-2,-2.81,-2.44,0.3,2.2,-1.9,-2.67,-2.45,DF
Adam Masina,MAR,Torino,29,1994,16,1024,64,29.9,11.4,10,87,7,6,26,1,1.31,10,12,-2,-0.18,-0.25,9.7,11.9,-2.2,-0.19,-0.28,DF
Alan Matturro,URU,Genoa,18,2004,6,106,18,3.1,1.2,1,75,0,5,6,15,2.33,3,3,0,0.00,0.00,1.6,1.7,-0.2,-0.16,+0.03,DF
Andrea Mazza,ITA,Monza,19,2004,0,,,,,0,,0,0,,4,,,,,,,,,,,,GK
Player,,Squad,Ag,Born,MP,Min,Mn/MP,Min%,90s,Starts,Mn/Start,Compl,Subs,Mn/Sub,unSub,PPM,onG,onGA,+/-,+/-90,On-Off,onxG,onxGA,xG+/-,xG+/-90,On-Off,Po
Luca Mazzitelli,ITA,Frosinone,27,1995,29,2210,76,64.6,24.6,26,82,11,3,27,3,0.97,30,37,-7,-0.29,+1.05,30.0,31.6,-1.6,-0.06,+0.71,MF
Pasquale Mazzocchi,ITA,Salernitana,28,1995,18,1272,71,37.2,14.1,16,76,8,2,25,0,0.67,13,30,-17,-1.20,+0.14,11.5,26.5,-15.0,-1.06,+0.16,DF
Pasquale Mazzocchi,ITA,Napoli,28,1995,10,428,43,12.5,4.8,4,78,1,6,19,9,0.80,5,5,0,0.00,-0.21,4.9,2.8,+2.1,+0.44,-0.18,DF
Jordi Mboula,ESP,Hellas Verona,24,1999,11,307,28,9.0,3.4,5,53,0,6,7,9,1.27,2,5,-3,-0.88,-0.59,2.6,3.8,-1.2,-0.36,-0.09,FW
Weston McKennie,USA,Juventus,24,1998,34,2594,76,75.8,28.8,29,85,17,5,29,2,1.88,37,21,+16,+0.56,-0.21,41.5,19.8,+21.7,+0.75,+0.45,MF
Arthur Melo,BRA,Fiorentina,26,1996,33,1986,60,58.1,22.1,23,74,4,10,28,4,1.73,41,26,+15,+0.68,+0.68,32.3,22.2,+10.1,+0.46,+0.87,MF
Leonardo Mendicino,ITA,Atalanta,17,2006,1,1,1,0.0,0.0,0,,0,1,1,7,3.00,0,0,0,0.00,-0.79,0.0,0.0,0.0,-3.68,-4.12,MF
Alex Meret,ITA,Napoli,26,1997,31,2773,89,81.1,30.8,31,89,30,0,,1,1.39,49,40,+9,+0.29,+0.57,53.0,32.3,+20.7,+0.67,+0.34,GK
Junior Messias,BRA,Genoa,32,1991,18,1053,59,30.8,11.7,13,76,4,5,12,1,1.06,14,12,+2,+0.17,+0.25,12.9,14.2,-1.3,-0.11,+0.11,MF
Nikola Milenković,SRB,Fiorentina,25,1997,34,2510,74,73.4,27.9,27,89,26,7,15,4,1.56,45,35,+10,+0.36,-0.14,37.4,36.3,+1.1,+0.04,-0.21,DF
Arkadiusz Milik,POL,Juventus,29,1994,32,919,29,26.9,10.2,7,71,2,25,17,0,2.03,24,6,+18,+1.76,+1.58,18.4,5.5,+12.8,+1.26,+0.83,FW
Vanja Milinković-Savić,SRB,Torino,26,1997,36,3240,90,94.7,36.0,36,90,36,0,,1,1.47,36,31,+5,+0.14,+2.64,36.2,33.3,+2.9,+0.08,+1.40,GK
Yerry Mina,COL,Fiorentina,28,1994,4,44,11,1.3,0.5,0,,0,4,11,10,2.25,0,0,0,0.00,-0.40,0.3,0.1,+0.2,+0.43,+0.34,DF
Yerry Mina,COL,Cagliari,28,1994,14,1215,87,35.5,13.5,14,87,11,0,,1,1.29,21,26,-5,-0.37,+0.49,16.2,20.0,-3.8,-0.28,+0.04,DF
Aleksei Miranchuk,RUS,Atalanta,27,1995,27,1176,44,34.4,13.1,12,76,4,15,18,8,1.96,24,10,+14,+1.07,+0.43,23.5,16.1,+7.4,+0.57,+0.20,MF
Kevin Miranda,ITA,Sassuolo,20,2003,1,14,14,0.4,0.2,0,,0,1,14,1,0.00,0,2,-2,-12.86,-12.06,0.0,0.3,-0.3,-2.02,-1.45,DF
Antonio Mirante,ITA,Milan,40,1983,2,177,89,5.2,2.0,2,89,1,0,,27,0.50,3,3,0,0.00,-0.75,2.9,2.4,+0.5,+0.25,-0.31,GK
Fabio Miretti,ITA,Juventus,19,2003,25,1103,44,32.3,12.3,16,59,0,9,18,12,1.88,18,8,+10,+0.82,+0.31,19.9,9.2,+10.7,+0.88,+0.34,MF
Filippo Missori,ITA,Sassuolo,19,2004,8,266,33,7.8,3.0,2,66,0,6,22,26,0.88,1,6,-5,-1.69,-0.92,1.6,4.3,-2.7,-0.91,-0.37,DF
Stefan Mitrović,SRB,Hellas Verona,20,2002,10,391,39,11.4,4.3,4,59,0,6,26,5,1.20,5,4,+1,+0.23,+0.65,4.5,5.7,-1.2,-0.27,+0.02,FW
Henrikh Mkhitaryan,ARM,Inter,34,1989,36,2785,77,81.4,30.9,35,79,14,1,37,2,2.50,72,18,+54,+1.75,-0.10,62.8,23.9,+38.9,+1.26,+0.09,MF
Ilario Monterisi,ITA,Frosinone,21,2001,24,1469,61,43.0,16.3,16,84,13,8,16,10,0.92,19,36,-17,-1.04,-0.67,18.8,25.9,-7.2,-0.44,-0.22,DF
Lorenzo Montipò,ITA,Hellas Verona,27,1996,37,3330,90,97.4,37.0,37,90,37,0,,0,1.00,36,49,-13,-0.35,-0.35,36.3,46.4,-10.1,-0.27,+0.33,GK
Nikola Moro,CRO,Bologna,25,1998,23,840,37,24.6,9.3,10,62,1,13,17,15,1.61,13,12,+1,+0.11,-0.63,11.9,9.9,+2.0,+0.21,-0.10,MF
Federico Mosca,ITA,Udinese,17,2005,0,,,,,0,,0,0,,6,,,,,,,,,,,,GK
Player,,Squad,Ag,Born,MP,Min,Mn/MP,Min%,90s,Starts,Mn/Start,Compl,Subs,Mn/Sub,unSub,PPM,onG,onGA,+/-,+/-90,On-Off,onxG,onxGA,xG+/-,xG+/-90,On-Off,Po
Dany Mota,POR,Monza,25,1998,34,2049,60,59.9,22.8,24,72,6,10,33,1,1.18,22,35,-13,-0.57,-0.64,23.0,36.0,-12.9,-0.57,-0.32,FW
Andrei Motoc,ROU,Salernitana,21,2002,0,,,,,0,,0,0,,1,,,,,,,,,,,,MF
Matteo Motta,ITA,Inter,18,2005,0,,,,,0,,0,0,,2,,,,,,,,,,,,DF
Samuele Mulattieri,ITA,Sassuolo,22,2000,27,462,17,13.5,5.1,1,82,0,26,15,10,0.59,6,18,-12,-2.34,-1.73,7.6,11.8,-4.2,-0.82,-0.29,FW
Vimoj Muntu Wa Mungu,FRA,Torino,18,2004,0,,,,,0,,0,0,,2,,,,,,,,,,,,DF
Luis Muriel,COL,Atalanta,32,1991,18,409,23,12.0,4.5,2,55,0,16,19,4,1.78,7,7,0,0.00,-0.90,7.4,6.7,+0.6,+0.14,-0.34,FW
Yunus Musah,USA,Milan,20,2002,30,1478,49,43.2,16.4,13,83,7,17,23,3,1.90,25,23,+2,+0.12,-1.04,22.3,21.8,+0.5,+0.03,-0.91,MF
Juan Musso,ARG,Atalanta,29,1994,11,990,90,28.9,11.0,11,90,11,0,,27,1.73,19,12,+7,+0.64,-0.22,16.2,10.1,+6.0,+0.55,+0.15,GK
Kingstone Mutandwa,ZAM,Cagliari,20,2003,5,39,8,1.1,0.4,0,,0,5,8,9,0.60,1,4,-3,-6.92,-6.31,0.6,3.4,-2.9,-6.63,-6.39,FW
Obite N'Dicka,CIV,Roma,23,1999,25,2168,87,63.4,24.1,25,87,22,0,,4,1.72,41,27,+14,+0.58,+0.22,31.0,28.6,+2.3,+0.10,-0.42,DF
Caumenan N'Guessan,FRA,Torino,19,2003,0,,,,,0,,0,0,,12,,,,,,,,,,,,DF
Nahitan Nández,URU,Cagliari,27,1995,33,2341,71,68.5,26.0,29,78,12,4,19,0,0.91,21,47,-26,-1.00,-1.00,26.9,37.4,-10.6,-0.41,-0.32,MF
Luca Napolitano,ITA,Lazio,19,2004,0,,,,,0,,0,0,,2,,,,,,,,,,,,MF
Natan,BRA,Napoli,22,2001,14,952,68,27.8,10.6,11,80,5,3,26,19,1.50,17,15,+2,+0.19,+0.01,19.4,12.9,+6.6,+0.62,+0.02,DF
Lapo Nava,ITA,Milan,19,2004,1,3,3,0.1,0.0,0,,0,1,3,23,1.00,0,1,-1,-30.00,-30.74,0.4,0.7,-0.3,-9.52,-10.08,GK
Michel Ndary Adopo,FRA,Atalanta,23,2000,10,109,11,3.2,1.2,0,,0,10,11,26,2.10,3,3,0,0.00,-0.82,2.0,1.7,+0.3,+0.22,-0.22,MF
Dan Ndoye,SUI,Bologna,22,2000,32,1771,55,51.8,19.7,20,76,4,12,21,1,1.97,30,13,+17,+0.86,+0.59,26.5,16.1,+10.4,+0.53,+0.50,FW
Cyril Ngonge,BEL,Hellas Verona,23,2000,19,1431,75,41.8,15.9,17,80,7,2,36,1,0.89,14,22,-8,-0.50,-0.28,13.7,17.2,-3.4,-0.22,+0.11,FW
Cyril Ngonge,BEL,Napoli,23,2000,13,315,24,9.2,3.5,1,54,0,12,22,0,1.00,4,5,-1,-0.29,-0.52,7.1,1.9,+5.1,+1.48,+0.96,FW
M'Baye Niang,SEN,Empoli,28,1994,14,708,51,20.7,7.9,5,69,0,9,40,2,1.29,9,10,-1,-0.13,+0.67,9.4,11.1,-1.7,-0.22,+0.28,FW
Hans Nicolussi Caviglia,ITA,Juventus,23,2000,8,268,34,7.8,3.0,3,62,0,5,16,30,2.13,3,2,+1,+0.34,-0.29,4.3,1.8,+2.5,+0.84,+0.21,MF
Eybi Nije,SWE,Torino,18,2005,0,,,,,0,,0,0,,2,,,,,,,,,,,,FW
Joseph Nonge,BEL,Juventus,18,2005,2,24,12,0.7,0.3,0,,0,2,12,20,1.50,2,1,+1,+3.75,+3.17,0.1,1.1,-0.9,-3.46,-4.14,MF
Tijjani Noslin,NED,Hellas Verona,24,1999,17,1339,79,39.2,14.9,17,79,9,0,,0,1.24,17,20,-3,-0.20,+0.23,17.6,19.9,-2.3,-0.15,+0.21,FW
Clinton Nsiala,FRA,Milan,19,2004,0,,,,,0,,0,0,,3,,,,,,,,,,,,DF
Player,,Squad,Ag,Born,MP,Min,Mn/MP,Min%,90s,Starts,Mn/Start,Compl,Subs,Mn/Sub,unSub,PPM,onG,onGA,+/-,+/-90,On-Off,onxG,onxGA,xG+/-,xG+/-90,On-Off,Po
Simeon Nwankwo,NGA,Salernitana,31,1992,15,686,46,20.1,7.6,6,84,2,9,20,10,0.40,10,13,-3,-0.39,+1.12,6.4,14.8,-8.4,-1.10,+0.08,FW
M'Bala Nzola,ANG,Fiorentina,26,1996,33,1552,47,45.4,17.2,15,77,7,18,22,1,1.48,26,26,0,0.00,-0.72,23.3,24.0,-0.7,-0.04,-0.24,FW
Adam Obert,SVK,Cagliari,20,2002,17,941,55,27.5,10.5,10,85,7,7,14,21,0.65,10,32,-22,-2.10,-1.96,12.0,20.7,-8.8,-0.84,-0.74,DF
Pedro Obiang,EQG,Sassuolo,31,1992,8,453,57,13.2,5.0,5,78,2,3,21,11,0.75,6,13,-7,-1.39,-0.63,4.8,8.7,-3.9,-0.77,-0.23,MF
Guillermo Ochoa,MEX,Salernitana,38,1985,21,1890,90,55.3,21.0,21,90,21,0,,4,0.29,13,44,-31,-1.48,-0.42,13.3,41.4,-28.1,-1.34,-0.40,GK
Jens Odgaard,DEN,Bologna,24,1999,10,431,43,12.6,4.8,5,67,0,5,19,3,2.00,9,1,+8,+1.67,+1.25,6.1,4.0,+2.0,+0.43,+0.16,FW
Noah Okafor,SUI,Milan,23,2000,28,887,32,25.9,9.9,6,67,1,22,22,4,1.96,25,17,+8,+0.81,+0.14,20.1,12.7,+7.4,+0.76,+0.28,FW
David Okereke,NGA,Torino,25,1997,9,252,28,7.4,2.8,3,64,0,6,10,8,1.33,4,1,+3,+1.07,+1.16,2.7,1.8,+0.9,+0.32,+0.34,FW
Caleb Okoli,ITA,Frosinone,22,2001,34,2914,86,85.2,32.4,32,89,30,2,28,1,0.91,35,58,-23,-0.71,-0.35,39.0,47.9,-8.9,-0.27,+0.27,DF
Caleb Okoli,ITA,Atalanta,22,2001,0,,,,,0,,0,0,,2,,,,,,,,,,,,DF
Maduka Okoye,NGA,Udinese,23,1999,21,1890,90,55.3,21.0,21,90,21,0,,16,1.10,22,25,-3,-0.14,+0.62,19.0,24.4,-5.4,-0.26,+0.01,GK
Mathías Olivera,URU,Napoli,25,1997,23,1569,68,45.9,17.4,18,80,10,5,26,4,1.39,29,18,+11,+0.63,+0.83,29.5,14.4,+15.1,+0.87,+0.48,DF
Jan Oliveras,ESP,Roma,19,2004,0,,,,,0,,0,0,,2,,,,,,,,,,,,DF
Gaetano Oristanio,ITA,Cagliari,20,2002,25,1104,44,32.3,12.3,11,67,1,14,26,6,0.88,12,19,-7,-0.57,+0.17,12.1,17.3,-5.2,-0.42,-0.18,FW
Riccardo Orsolini,ITA,Bologna,26,1997,33,1792,54,52.4,19.9,19,75,6,14,27,1,1.67,31,17,+14,+0.70,+0.26,27.0,15.3,+11.7,+0.59,+0.63,FW
Victor Osimhen,NGA,Napoli,24,1998,25,1982,79,58.0,22.0,22,86,13,3,33,1,1.40,36,28,+8,+0.36,+0.43,38.0,23.0,+15.0,+0.68,+0.18,FW
Remi Oudin,FRA,Lecce,26,1996,31,1819,59,53.2,20.2,21,75,2,10,25,5,0.94,11,23,-12,-0.59,-0.03,22.5,23.5,-1.1,-0.05,+0.46,MF
Anthony Oyono,GAB,Frosinone,22,2001,16,1198,75,35.0,13.3,14,84,12,2,10,0,1.19,15,23,-8,-0.60,+0.09,14.6,19.4,-4.9,-0.37,-0.08,DF
Daniele Padelli,ITA,Udinese,37,1985,0,,,0.0,0.0,0,,0,0,,29,1.00,1,1,0,,,,,,,,GK
Simone Pafundi,ITA,Udinese,17,2006,1,8,8,0.2,0.1,0,,0,1,8,12,0.00,0,1,-1,-11.25,-10.85,0.0,0.1,-0.1,-1.03,-0.77,MF
Riccardo Pagano,ITA,Roma,18,2004,4,51,13,1.5,0.6,0,,0,4,13,19,1.75,4,1,+3,+5.29,+4.87,1.2,1.1,+0.1,+0.11,-0.14,MF
Marco Palestra,ITA,Atalanta,18,2005,0,,,,,0,,0,0,,3,,,,,,,,,,,,DF
Matteo Palma,ITA,Udinese,15,2008,0,,,,,0,,0,0,,1,,,,,,,,,,,,DF
Lorenzo Palmisani,ITA,Frosinone,19,2004,0,,,,,0,,0,0,,7,,,,,,,,,,,,GK
Christos Papadopoulos,GRE,Genoa,18,2004,1,4,4,0.1,0.0,0,,0,1,4,7,1.00,1,0,+1,+22.50,+22.53,0.0,0.2,-0.2,-5.06,-4.88,FW
Player,,Squad,Ag,Born,MP,Min,Mn/MP,Min%,90s,Starts,Mn/Start,Compl,Subs,Mn/Sub,unSub,PPM,onG,onGA,+/-,+/-90,On-Off,onxG,onxGA,xG+/-,xG+/-90,On-Off,Po
Leandro Paredes,ARG,Roma,29,1994,34,2634,77,77.0,29.3,32,81,17,2,22,0,1.65,42,34,+8,+0.27,-0.99,35.4,29.4,+6.0,+0.21,-0.20,MF
Fabiano Parisi,ITA,Fiorentina,22,2000,21,1454,69,42.5,16.2,16,86,13,5,14,16,1.38,25,20,+5,+0.31,-0.15,24.6,16.7,+7.9,+0.49,+0.69,DF
Mario Pašalić,CRO,Atalanta,28,1995,34,2051,60,60.0,22.8,23,78,13,11,23,4,1.91,47,29,+18,+0.79,0.00,38.8,27.8,+11.0,+0.48,+0.10,MF
Triantafyllos Pasaridīs,GRE,Salernitana,27,1996,8,452,57,13.2,5.0,5,77,3,3,22,7,0.50,4,11,-7,-1.39,-0.12,4.5,11.5,-7.0,-1.39,-0.27,DF
Pietro Passador,ITA,Torino,20,2003,0,,,,,0,,0,0,,3,,,,,,,,,,,,GK
Nicola Patanè,ITA,Hellas Verona,19,2004,0,,,,,0,,0,0,,5,,,,,,,,,,,,MF
Patric,ESP,Lazio,30,1993,20,1608,80,47.0,17.9,19,82,17,1,45,8,1.85,25,12,+13,+0.73,+0.88,24.2,16.0,+8.2,+0.46,+0.64,DF
Rui Patrício,POR,Roma,35,1988,23,2070,90,60.5,23.0,23,90,23,0,,15,1.65,41,27,+14,+0.61,+0.28,31.7,20.8,+10.9,+0.47,+0.56,GK
Benjamin Pavard,FRA,Inter,27,1996,23,1672,73,48.9,18.6,21,79,13,2,4,8,2.52,37,11,+26,+1.40,-0.71,33.9,12.9,+21.0,+1.13,-0.21,DF
Leonardo Pavoletti,ITA,Cagliari,34,1988,19,628,33,18.4,7.0,5,72,2,14,19,9,0.79,9,11,-2,-0.29,+0.49,10.7,7.8,+3.0,+0.43,+0.90,FW
Martín Payero,ARG,Udinese,24,1998,29,1796,62,52.5,20.0,21,77,9,8,21,4,0.97,24,29,-5,-0.25,+0.36,22.5,25.3,-2.9,-0.14,+0.25,MF
Yeferson Paz,COL,Sassuolo,21,2002,0,,,,,0,,0,0,,2,,,,,,,,,,,,DF
Marcus Pedersen,NOR,Sassuolo,23,2000,28,1613,58,47.2,17.9,16,86,14,12,20,5,0.82,14,40,-26,-1.45,-1.15,15.7,28.4,-12.7,-0.71,-0.26,DF
Pedro,ESP,Lazio,36,1987,33,816,25,23.9,9.1,5,59,0,28,19,4,1.64,12,9,+3,+0.33,+0.09,12.5,7.5,+5.0,+0.55,+0.57,FW
Gianluca Pegolo,ITA,Sassuolo,42,1981,0,,,,,0,,0,0,,37,,,,,,,,,,,,GK
David Pejičić,SVN,Udinese,16,2007,0,,,,,0,,0,0,,6,,,,,,,,,,,,MF
Pietro Pellegri,ITA,Torino,22,2001,24,756,32,22.1,8.4,7,65,0,17,18,7,1.42,10,12,-2,-0.24,-0.31,6.0,12.5,-6.5,-0.78,-1.01,FW
Lorenzo Pellegrini,ITA,Roma,27,1996,29,1859,64,54.4,20.7,20,79,7,9,30,2,1.62,38,28,+10,+0.48,-0.03,28.3,22.2,+6.1,+0.30,+0.10,MF
Luca Pellegrini,ITA,Lazio,24,1999,19,786,41,23.0,8.7,8,64,1,11,25,16,1.21,9,8,+1,+0.11,-0.19,10.1,9.0,+1.1,+0.12,0.00,DF
Marco Pellegrino,,Salernitana,,,10,545,55,15.9,6.1,5,85,4,5,24,6,0.40,4,18,-14,-2.31,-1.22,4.6,15.1,-10.6,-1.74,-0.69,DF
Marco Pellegrino,,Milan,,,1,68,68,2.0,0.8,0,,0,1,68,9,1.00,2,2,0,0.00,-0.72,1.6,1.5,+0.1,+0.16,-0.39,DF
Pepín,EQG,Monza,26,1996,10,241,24,7.0,2.7,2,45,0,8,19,16,1.20,2,2,0,0.00,+0.34,2.0,5.6,-3.6,-1.36,-0.99,MF
Pedro Pereira,POR,Monza,25,1998,23,841,37,24.6,9.3,9,65,2,14,18,15,1.04,8,17,-9,-0.96,-0.86,11.2,17.8,-6.6,-0.71,-0.35,DF
Gastón Pereiro,URU,Cagliari,28,1995,0,,,,,0,,0,0,,13,,,,,,,,,,,,FW
Roberto Pereyra,ARG,Udinese,32,1991,27,1858,69,54.3,20.6,22,80,13,5,20,4,0.93,25,30,-5,-0.24,+0.39,21.2,27.8,-6.6,-0.32,-0.12,FW
Player,,Squad,Ag,Born,MP,Min,Mn/MP,Min%,90s,Starts,Mn/Start,Compl,Subs,Mn/Sub,unSub,PPM,onG,onGA,+/-,+/-90,On-Off,onxG,onxGA,xG+/-,xG+/-90,On-Off,Po
Nehuén Pérez,ARG,Udinese,23,2000,36,3238,90,94.7,36.0,36,90,34,0,,0,1.00,36,49,-13,-0.36,+1.12,37.9,47.0,-9.1,-0.25,+0.20,DF
Simone Perilli,ITA,Hellas Verona,28,1995,1,90,90,2.6,1.0,1,90,1,0,,37,1.00,2,2,0,0.00,+0.35,1.7,2.4,-0.6,-0.60,-0.33,GK
Mattia Perin,ITA,Juventus,30,1992,3,225,75,6.6,2.5,3,75,2,0,,30,2.33,5,1,+4,+1.60,+1.06,4.0,1.1,+3.0,+1.19,+0.58,GK
Samuele Perisan,ITA,Empoli,25,1997,1,90,90,2.6,1.0,1,90,1,0,,37,0.00,0,2,-2,-2.00,-1.38,1.0,2.0,-1.0,-1.02,-0.60,GK
Matteo Pessina,ITA,Monza,26,1997,37,3222,87,94.2,35.8,37,87,30,0,,0,1.22,36,44,-8,-0.22,+1.59,37.3,51.0,-13.7,-0.38,+1.01,MF
Andrea Petagna,ITA,Monza,28,1995,0,,,,,0,,0,0,,2,,,,,,,,,,,,FW
Andrea Petagna,ITA,Cagliari,28,1995,18,995,55,29.1,11.1,13,72,4,5,12,10,0.72,12,20,-8,-0.72,-0.06,10.9,19.2,-8.2,-0.75,-0.62,FW
Giuseppe Pezzella,ITA,Empoli,25,1997,19,1085,57,31.7,12.1,14,72,5,5,15,4,0.79,4,17,-13,-1.08,-0.62,6.2,19.3,-13.1,-1.09,-0.95,DF
Edoardo Piana,ITA,Udinese,19,2003,0,,,,,0,,0,0,,2,,,,,,,,,,,,GK
Roberto Piccoli,ITA,Empoli,22,2001,2,39,20,1.1,0.4,0,,0,2,20,0,0.00,0,1,-1,-2.31,-1.67,0.4,0.9,-0.5,-1.16,-0.73,FW
Roberto Piccoli,ITA,Lecce,22,2001,35,1378,39,40.3,15.3,12,75,4,23,21,0,0.97,16,21,-5,-0.33,+0.42,19.6,22.3,-2.7,-0.18,+0.15,FW
Santiago Pierotti,ARG,Lecce,22,2001,11,200,18,5.8,2.2,0,,0,11,18,7,0.82,3,4,-1,-0.45,+0.14,4.2,3.2,+1.0,+0.47,+0.78,MF
Niccolò Pierozzi,ITA,Fiorentina,21,2001,0,,,,,0,,0,0,,9,,,,,,,,,,,,DF
Niccolò Pierozzi,ITA,Salernitana,21,2001,12,871,73,25.5,9.7,11,77,6,1,25,1,0.33,8,20,-12,-1.24,+0.07,6.8,18.4,-11.6,-1.20,-0.06,DF
Andrea Pinamonti,ITA,Sassuolo,24,1999,38,3076,81,89.9,34.2,37,83,13,1,8,0,0.79,40,63,-23,-0.67,+1.68,34.7,53.2,-18.5,-0.54,+0.32,FW
Carlo Pinsoglio,ITA,Juventus,33,1990,1,45,45,1.3,0.5,0,,0,1,45,37,3.00,0,0,0,0.00,-0.61,0.3,0.4,0.0,-0.06,-0.72,GK
Lorenzo Pirola,ITA,Salernitana,21,2002,27,1987,74,58.1,22.1,24,79,16,3,27,1,0.44,17,49,-32,-1.45,-0.38,18.5,42.3,-23.8,-1.08,+0.20,DF
Niccolò Pisilli,ITA,Roma,18,2004,1,10,10,0.3,0.1,0,,0,1,10,22,0.00,0,0,0,0.00,-0.50,0.0,0.0,0.0,-0.33,-0.58,MF
Tommaso Pittino,ITA,Genoa,18,2005,0,,,,,0,,0,0,,7,,,,,,,,,,,,DF
Tommaso Pobega,ITA,Milan,24,1999,11,319,29,9.3,3.5,3,61,1,8,17,9,2.55,7,4,+3,+0.85,+0.15,5.8,4.7,+1.1,+0.30,-0.27,MF
Paul Pogba,FRA,Juventus,30,1993,2,54,27,1.6,0.6,0,,0,2,27,1,2.00,2,0,+2,+3.33,+2.77,1.2,0.2,+1.1,+1.77,+1.14,MF
Matteo Politano,ITA,Napoli,29,1993,37,2360,64,69.0,26.2,31,70,1,6,34,0,1.41,39,34,+5,+0.19,+0.02,40.7,27.6,+13.1,+0.50,-0.34,FW
Marin Pongračić,CRO,Lecce,25,1997,36,3219,89,94.1,35.8,36,89,35,0,,0,1.06,32,48,-16,-0.45,+2.24,40.9,48.6,-7.7,-0.22,+0.91,DF
Mihai Popa,ROU,Torino,22,2000,0,,,,,0,,0,0,,33,,,,,,,,,,,,GK
Matija Popović,SRB,Monza,17,2006,0,,,,,0,,0,0,,3,,,,,,,,,,,,MF
Player,,Squad,Ag,Born,MP,Min,Mn/MP,Min%,90s,Starts,Mn/Start,Compl,Subs,Mn/Sub,unSub,PPM,onG,onGA,+/-,+/-90,On-Off,onxG,onxGA,xG+/-,xG+/-90,On-Off,Po
Stefan Posch,AUT,Bologna,26,1997,31,2409,78,70.4,26.8,29,80,18,2,38,1,1.81,36,24,+12,+0.45,-0.44,31.5,23.0,+8.5,+0.32,+0.10,DF
Matteo Prati,ITA,Cagliari,19,2003,26,1972,76,57.7,21.9,19,87,14,7,46,12,0.88,25,44,-19,-0.87,-0.43,26.8,33.7,-6.9,-0.32,-0.03,MF
Ivan Provedel,ITA,Lazio,29,1994,30,2699,90,78.9,30.0,30,90,29,0,,2,1.40,35,33,+2,+0.07,-0.93,35.0,34.0,+1.0,+0.03,-0.41,GK
Christian Pulisic,USA,Milan,24,1998,36,2602,72,76.1,28.9,32,77,11,4,34,0,2.06,62,31,+31,+1.07,+1.51,50.7,29.6,+21.1,+0.73,+0.77,FW
George Pușcaș,ROU,Genoa,27,1996,8,191,24,5.6,2.1,1,90,1,7,14,11,0.63,1,5,-4,-1.88,-2.00,3.7,1.9,+1.8,+0.85,+1.10,FW
Domingos Quina,POR,Udinese,23,1999,2,13,7,0.4,0.1,0,,0,2,7,15,1.00,0,0,0,0.00,+0.42,0.0,0.0,0.0,0.00,+0.26,MF
Adrien Rabiot,FRA,Juventus,28,1995,31,2651,86,77.5,29.5,30,87,28,1,33,0,1.90,37,24,+13,+0.44,-0.73,41.2,23.8,+17.4,+0.59,-0.24,MF
Uroš Račić,SRB,Sassuolo,25,1998,22,820,37,24.0,9.1,8,69,1,14,19,10,0.73,5,21,-16,-1.76,-1.20,6.0,16.5,-10.4,-1.14,-0.75,MF
Nemanja Radonjić,SRB,Torino,27,1996,10,374,37,10.9,4.2,4,61,0,6,22,6,1.40,6,5,+1,+0.24,+0.27,3.8,4.5,-0.7,-0.17,-0.19,MF
Boris Radunović,SRB,Cagliari,27,1996,7,630,90,18.4,7.0,7,90,7,0,,31,0.29,2,12,-10,-1.43,-0.91,5.5,10.0,-4.5,-0.64,-0.41,GK
Hamza Rafia,TUN,Lecce,24,1999,28,1204,43,35.2,13.4,17,60,0,11,16,7,0.93,10,21,-11,-0.82,-0.38,13.8,19.0,-5.3,-0.39,-0.19,MF
Ylber Ramadani,ALB,Lecce,27,1996,34,2970,87,86.8,33.0,34,87,27,0,,0,0.88,21,49,-28,-0.85,-2.05,33.5,48.2,-14.7,-0.45,-1.34,MF
Luca Ranieri,ITA,Fiorentina,24,1999,26,2065,79,60.4,22.9,23,87,19,3,22,10,1.69,38,28,+10,+0.44,+0.10,32.5,29.9,+2.5,+0.11,+0.04,DF
Filippo Ranocchia,ITA,Empoli,22,2001,9,476,53,13.9,5.3,5,68,0,4,35,11,0.56,3,9,-6,-1.13,-0.55,4.0,9.0,-4.9,-0.93,-0.57,MF
Giacomo Raspadori,ITA,Napoli,23,2000,37,1584,43,46.3,17.6,14,74,4,23,24,0,1.41,26,18,+8,+0.45,+0.50,28.2,16.7,+11.5,+0.65,+0.09,FW
Federico Ravaglia,ITA,Bologna,23,1999,6,535,89,15.6,5.9,6,89,5,0,,32,2.17,10,3,+7,+1.18,+0.71,7.7,4.7,+3.0,+0.51,+0.26,GK
Noah Raveyre,FRA,Milan,18,2005,0,,,,,0,,0,0,,1,,,,,,,,,,,,GK
Tijjani Reijnders,NED,Milan,25,1998,36,2820,78,82.5,31.3,33,82,21,3,36,1,1.97,67,38,+29,+0.93,+1.23,56.6,36.6,+20.0,+0.64,+0.51,MF
Reinier,BRA,Frosinone,21,2002,22,1059,48,31.0,11.8,13,70,0,9,17,10,0.95,12,18,-6,-0.51,+0.21,13.9,17.7,-3.8,-0.32,-0.01,MF
Davide Renzetti,ITA,Lazio,17,2006,0,,,,,0,,0,0,,10,,,,,,,,,,,,GK
Mateo Retegui,ITA,Genoa,24,1999,29,2216,76,64.8,24.6,26,82,14,3,27,1,1.24,32,29,+3,+0.12,+0.35,21.0,27.6,-6.6,-0.27,-0.22,FW
Samuele Ricci,ITA,Torino,21,2001,32,2395,75,70.0,26.6,28,82,19,4,24,2,1.44,27,25,+2,+0.08,+0.25,24.5,26.8,-2.3,-0.09,-0.31,MF
Ricardo Rodríguez,SUI,Torino,30,1992,35,2772,79,81.1,30.8,34,81,22,1,29,2,1.43,29,27,+2,+0.06,+0.34,28.7,29.2,-0.5,-0.01,-0.12,DF
Alessio Romagnoli,ITA,Lazio,28,1995,29,2411,83,70.5,26.8,26,88,25,3,39,0,1.62,33,28,+5,+0.19,-0.26,31.8,30.4,+1.4,+0.05,-0.23,DF
Simone Romagnoli,ITA,Frosinone,33,1990,33,2715,82,79.4,30.2,30,87,28,3,35,3,0.97,38,47,-9,-0.30,+1.74,37.4,43.9,-6.4,-0.21,+0.49,DF
Player,,Squad,Ag,Born,MP,Min,Mn/MP,Min%,90s,Starts,Mn/Start,Compl,Subs,Mn/Sub,unSub,PPM,onG,onGA,+/-,+/-90,On-Off,onxG,onxGA,xG+/-,xG+/-90,On-Off,Po
Luka Romero,ARG,Milan,18,2004,4,88,22,2.6,1.0,0,,0,4,22,17,1.00,0,2,-2,-2.05,-2.83,1.0,2.2,-1.2,-1.23,-1.83,FW
Marten de Roon,NED,Atalanta,32,1991,30,2599,87,76.0,28.9,29,89,28,1,23,3,1.93,56,29,+27,+0.93,+0.61,42.7,28.5,+14.1,+0.49,+0.21,MF
Francesco Rossi,ITA,Atalanta,32,1991,1,5,5,0.1,0.1,0,,0,1,5,34,3.00,0,0,0,0.00,-0.79,0.1,0.6,-0.5,-8.59,-9.05,GK
Nicolò Rovella,ITA,Lazio,21,2001,23,1318,57,38.5,14.6,16,75,6,7,18,7,1.83,21,13,+8,+0.55,+0.46,16.2,14.4,+1.8,+0.13,+0.01,MF
Amir Rrahmani,KVX,Napoli,29,1994,30,2600,87,76.0,28.9,30,87,27,0,,3,1.43,39,39,0,0.00,-0.77,44.5,30.3,+14.2,+0.49,-0.48,DF
Ruan,BRA,Sassuolo,24,1999,26,1516,58,44.3,16.8,16,77,9,10,29,7,0.73,21,43,-22,-1.31,-0.83,17.0,35.0,-18.0,-1.07,-0.89,DF
Daniele Rugani,ITA,Juventus,29,1994,17,1187,70,34.7,13.2,13,87,10,4,14,21,2.18,19,10,+9,+0.68,+0.12,19.4,9.2,+10.2,+0.77,+0.20,DF
Fabio Ruggeri,ITA,Lazio,18,2004,0,,,,,0,,0,0,,10,,,,,,,,,,,,DF
Matteo Ruggeri,ITA,Atalanta,21,2002,34,2449,72,71.6,27.2,28,80,7,6,33,3,1.82,55,31,+24,+0.88,+0.33,40.0,27.1,+12.9,+0.47,+0.13,DF
Mário Rui,POR,Napoli,32,1991,21,1205,57,35.2,13.4,14,75,5,7,22,10,1.52,22,19,+3,+0.22,+0.06,22.6,14.3,+8.3,+0.62,+0.02,DF
Lorenzo Russo,ITA,Napoli,18,2005,0,,,,,0,,0,0,,3,,,,,,,,,,,,MF
Stefano Sabelli,ITA,Genoa,30,1993,32,2429,76,71.0,27.0,30,79,6,2,29,2,1.34,33,25,+8,+0.30,+1.02,26.0,26.7,-0.7,-0.02,+0.56,DF
Abdelhamid Sabiri,MAR,Fiorentina,26,1996,0,,,,,0,,0,0,,1,,,,,,,,,,,,MF
Alexis Saelemaekers,BEL,Bologna,24,1999,30,1887,63,55.2,21.0,21,76,7,9,32,1,1.87,31,18,+13,+0.62,+0.09,24.3,22.8,+1.5,+0.07,-0.48,FW
Lazar Samardzic,SRB,Udinese,21,2002,34,2372,70,69.4,26.4,28,79,14,6,27,4,1.03,23,28,-5,-0.19,+0.75,29.5,30.0,-0.5,-0.02,+0.80,MF
Junior Sambia,FRA,Salernitana,26,1996,18,1032,57,30.2,11.5,10,81,3,8,27,20,0.28,9,23,-14,-1.22,+0.10,7.7,25.1,-17.4,-1.52,-0.51,DF
Daniel Samek,CZE,Lecce,19,2004,0,,,,,0,,0,0,,7,,,,,,,,,,,,DF
Jasper Samooja,FIN,Lecce,20,2003,0,,,,,0,,0,0,,31,,,,,,,,,,,,GK
Antonio Sanabria,PAR,Torino,27,1996,35,2133,61,62.4,23.7,23,80,10,12,24,2,1.31,23,21,+2,+0.08,+0.22,28.0,20.3,+7.7,+0.32,+0.84,FW
Renato Sanches,POR,Roma,25,1997,7,146,21,4.3,1.6,1,45,0,6,17,12,1.71,7,4,+3,+1.85,+1.41,2.5,2.1,+0.4,+0.25,0.00,MF
Alexis Sánchez,CHI,Inter,34,1988,23,763,33,22.3,8.5,6,77,3,17,18,10,2.22,16,4,+12,+1.42,-0.45,18.7,6.9,+11.9,+1.40,+0.20,FW
Alex Sandro,BRA,Juventus,32,1991,16,721,45,21.1,8.0,8,80,6,8,10,9,1.69,13,6,+7,+0.87,+0.34,11.6,6.9,+4.7,+0.58,-0.08,DF
Nicola Sansone,ITA,Lecce,31,1991,25,767,31,22.4,8.5,4,68,1,21,24,4,1.12,14,11,+3,+0.35,+1.20,12.7,13.5,-0.8,-0.10,+0.22,FW
Riccardo Saponara,ITA,Hellas Verona,31,1991,12,342,29,10.0,3.8,3,67,0,9,16,6,1.08,4,5,-1,-0.26,+0.09,2.8,4.8,-2.0,-0.53,-0.27,FW
Amadou Sarr,SEN,Inter,19,2004,0,,,,,0,,0,0,,9,,,,,,,,,,,,FW
Player,,Squad,Ag,Born,MP,Min,Mn/MP,Min%,90s,Starts,Mn/Start,Compl,Subs,Mn/Sub,unSub,PPM,onG,onGA,+/-,+/-90,On-Off,onxG,onxGA,xG+/-,xG+/-90,On-Off,Po
Zanos Savva,CYP,Torino,17,2005,2,28,14,0.8,0.3,0,,0,2,14,17,1.50,2,0,+2,+6.43,+6.48,1.0,0.4,+0.6,+1.91,+1.92,DF
Saba Sazonov,GEO,Torino,21,2002,12,356,30,10.4,4.0,2,53,0,10,25,20,1.25,2,8,-6,-1.52,-1.69,1.8,6.0,-4.2,-1.06,-1.19,DF
Alessandro Scacchetti,ITA,Sassuolo,18,2005,0,,,,,0,,0,0,,2,,,,,,,,,,,,GK
Simone Scaglia,ITA,Juventus,19,2004,0,,,,,0,,0,0,,3,,,,,,,,,,,,GK
Giorgio Scalvini,ITA,Atalanta,19,2003,33,2544,77,74.4,28.3,31,81,18,2,15,0,1.85,55,33,+22,+0.78,-0.04,44.8,31.5,+13.3,+0.47,+0.12,DF
Gianluca Scamacca,ITA,Atalanta,24,1999,29,1453,50,42.5,16.1,17,66,1,12,28,3,1.72,37,12,+25,+1.55,+1.32,23.9,14.5,+9.4,+0.58,+0.24,FW
Perr Schuurs,NED,Torino,23,1999,9,770,86,22.5,8.6,9,86,8,0,,0,1.00,6,9,-3,-0.35,-0.45,6.2,9.4,-3.2,-0.37,-0.49,DF
Simone Scuffet,ITA,Cagliari,27,1996,31,2789,90,81.5,31.0,31,90,30,0,,7,1.10,40,55,-15,-0.48,+1.08,37.4,43.7,-6.3,-0.20,+0.54,GK
Demba Seck,SEN,Torino,22,2001,9,425,47,12.4,4.7,5,75,0,4,13,9,1.33,4,5,-1,-0.21,-0.24,4.0,5.3,-1.4,-0.29,-0.34,MF
Demba Seck,SEN,Frosinone,22,2001,11,298,27,8.7,3.3,3,63,0,8,14,4,0.45,4,8,-4,-1.21,-0.60,6.0,8.6,-2.6,-0.79,-0.52,FW
Jacopo Seghetti,ITA,Empoli,18,2005,0,,,,,0,,0,0,,10,,,,,,,,,,,,GK
Nikola Sekulov,ITA,Juventus,21,2002,1,11,11,0.3,0.1,0,,0,1,11,0,0.00,0,1,-1,-8.18,-8.82,0.0,0.2,-0.2,-1.44,-2.10,FW
Vivaldo Semedo,POR,Udinese,18,2005,1,12,12,0.4,0.1,0,,0,1,12,3,1.00,0,0,0,0.00,+0.42,0.0,0.0,0.0,0.00,+0.26,FW
Fallou Sene,SEN,Fiorentina,18,2004,0,,,,,0,,0,0,,1,,,,,,,,,,,,FW
Stefano Sensi,ITA,Inter,27,1995,4,46,12,1.3,0.5,0,,0,4,12,23,3.00,4,0,+4,+7.83,+6.15,1.4,0.8,+0.7,+1.31,+0.07,MF
Luigi Sepe,ITA,Lazio,32,1991,0,,,,,0,,0,0,,33,,,,,,,,,,,,GK
Suat Serdar,GER,Hellas Verona,26,1997,25,1659,66,48.5,18.4,19,80,11,6,25,9,1.08,18,26,-8,-0.43,-0.18,19.2,23.6,-4.4,-0.24,+0.09,MF
Andres Sfait,ROU,Salernitana,18,2004,2,23,12,0.7,0.3,0,,0,2,12,16,0.50,2,0,+2,+7.83,+9.18,0.8,0.5,+0.3,+1.30,+2.47,DF
Stephan El Shaarawy,ITA,Roma,30,1992,33,1738,53,50.8,19.3,19,76,5,14,20,5,1.58,36,26,+10,+0.52,+0.04,26.5,22.6,+3.9,+0.20,-0.10,FW
Eldor Shomurodov,UZB,Cagliari,28,1995,22,936,43,27.4,10.4,10,67,0,12,22,5,1.00,12,23,-11,-1.06,-0.51,13.0,16.0,-3.0,-0.29,+0.03,FW
Steven Shpendi,ALB,Empoli,20,2003,12,411,34,12.0,4.6,4,67,0,8,18,25,0.67,3,8,-5,-1.09,-0.50,5.7,6.0,-0.3,-0.06,+0.43,FW
Diego Sia,ITA,Milan,17,2006,0,,,,,0,,0,0,,1,,,,,,,,,,,,FW
Jonathan Silva,BRA,Torino,19,2004,0,,,,,0,,0,0,,6,,,,,,,,,,,,MF
Marco Silvestri,ITA,Udinese,32,1991,17,1530,90,44.7,17.0,17,90,17,0,,16,0.82,15,28,-13,-0.76,-0.62,20.0,24.6,-4.6,-0.27,-0.01,GK
Giovanni Simeone,ARG,Napoli,28,1995,28,800,29,23.4,8.9,8,65,1,20,14,9,1.32,12,12,0,0.00,-0.24,14.6,7.6,+7.0,+0.79,+0.24,FW
Player,,Squad,Ag,Born,MP,Min,Mn/MP,Min%,90s,Starts,Mn/Start,Compl,Subs,Mn/Sub,unSub,PPM,onG,onGA,+/-,+/-90,On-Off,onxG,onxGA,xG+/-,xG+/-90,On-Off,Po
Jan-Carlo Simic,SRB,Milan,18,2005,4,146,37,4.3,1.6,0,,0,4,37,13,2.50,3,1,+2,+1.23,+0.55,3.1,2.1,+1.0,+0.60,+0.06,DF
Leo Skiri Østigård,NOR,Napoli,23,1999,25,1625,65,47.5,18.1,18,85,16,7,14,11,1.38,29,23,+6,+0.33,+0.28,28.1,17.3,+10.9,+0.60,-0.01,DF
Łukasz Skorupski,POL,Bologna,32,1991,32,2880,90,84.2,32.0,32,90,32,0,,6,1.72,44,29,+15,+0.47,-0.70,40.0,31.8,+8.2,+0.26,-0.19,GK
Zinedin Smajlovic,SWE,Lecce,19,2003,0,,,,,0,,0,0,,14,,,,,,,,,,,,DF
Chris Smalling,ENG,Roma,33,1989,8,390,49,11.4,4.3,4,80,2,4,17,7,2.00,8,8,0,0.00,-0.56,6.1,3.9,+2.2,+0.51,+0.29,DF
Andrea Sodero,ITA,Empoli,18,2004,1,5,5,0.1,0.1,0,,0,1,5,0,0.00,0,0,0,0.00,+0.66,0.1,0.0,+0.1,+1.79,+2.23,MF
Ola Solbakken,NOR,Roma,24,1998,1,23,23,0.7,0.3,0,,0,1,23,1,0.00,0,0,0,0.00,-0.50,0.2,0.0,+0.2,+0.78,+0.53,FW
Daniele Sommariva,ITA,Genoa,26,1997,1,5,5,0.1,0.1,0,,0,1,5,36,3.00,0,0,0,0.00,0.00,0.5,0.2,+0.3,+5.86,+6.06,GK
Yann Sommer,SUI,Inter,34,1988,34,3060,90,89.5,34.0,34,90,34,0,,3,2.56,81,19,+62,+1.82,+0.57,69.8,27.7,+42.2,+1.24,+0.01,GK
Brandon Soppy,FRA,Torino,21,2002,5,178,36,5.2,2.0,2,69,0,3,13,6,1.60,0,0,0,0.00,0.00,2.3,1.1,+1.2,+0.60,+0.62,DF
Alessandro Sorrentino,ITA,Monza,21,2002,7,548,78,16.0,6.1,5,90,5,2,49,31,1.00,8,16,-8,-1.31,-1.19,8.1,11.6,-3.5,-0.57,-0.15,GK
Joaquin Sosa,URU,Bologna,21,2002,0,,,,,0,,0,0,,2,,,,,,,,,,,,DF
Riccardo Sottil,ITA,Fiorentina,24,1999,22,1103,50,32.3,12.3,13,70,1,9,21,10,1.41,20,12,+8,+0.65,+0.38,18.2,14.4,+3.8,+0.31,+0.32,FW
Matìas Soulé,ARG,Frosinone,20,2003,36,3121,87,91.3,34.7,36,87,17,0,,0,0.89,40,62,-22,-0.63,+0.27,40.1,49.8,-9.7,-0.28,+0.40,FW
Matìas Soulé,ARG,Juventus,20,2003,0,,,,,0,,0,0,,2,,,,,,,,,,,,FW
Adama Soumaoro,FRA,Bologna,31,1992,0,,,,,0,,0,0,,2,,,,,,,,,,,,DF
Djed Spence,ENG,Genoa,22,2000,16,859,54,25.1,9.5,8,79,6,8,29,2,1.63,10,9,+1,+0.10,+0.14,9.1,11.7,-2.6,-0.27,-0.11,DF
Leonardo Spinazzola,ITA,Roma,30,1993,24,1312,55,38.4,14.6,15,72,4,9,27,6,1.63,27,18,+9,+0.62,+0.19,20.0,13.8,+6.2,+0.43,+0.29,DF
Marco Sportiello,ITA,Milan,31,1992,7,630,90,18.4,7.0,7,90,7,0,,19,1.71,16,11,+5,+0.71,0.00,14.2,7.5,+6.7,+0.96,+0.51,GK
Giacomo Stabile,ITA,Inter,18,2005,0,,,,,0,,0,0,,8,,,,,,,,,,,,DF
Aleksandar Stanković,SRB,Inter,17,2005,0,,,,,0,,0,0,,11,,,,,,,,,,,,FW
Trivante Stewart,JAM,Salernitana,23,2000,4,100,25,2.9,1.1,0,,0,4,25,6,0.25,2,6,-4,-3.60,-2.38,1.8,4.2,-2.4,-2.14,-1.01,FW
Petar Stojanović,SVN,Empoli,27,1995,0,,,,,0,,0,0,,1,,,,,,,,,,,,DF
Gabriel Strefezza,BRA,Lecce,26,1997,19,1112,59,32.5,12.4,13,75,2,6,22,2,1.05,9,18,-9,-0.73,-0.22,11.9,19.0,-7.1,-0.57,-0.45,FW
Kevin Strootman,NED,Genoa,33,1990,27,1207,45,35.3,13.4,15,66,2,12,19,3,1.41,16,14,+2,+0.15,+0.23,11.2,13.8,-2.7,-0.20,-0.02,MF
Player,,Squad,Ag,Born,MP,Min,Mn/MP,Min%,90s,Starts,Mn/Start,Compl,Subs,Mn/Sub,unSub,PPM,onG,onGA,+/-,+/-90,On-Off,onxG,onxGA,xG+/-,xG+/-90,On-Off,Po
Lovro Štubljar,SVN,Empoli,18,2004,0,,,,,0,,0,0,,7,,,,,,,,,,,,GK
Isaac Success,NGA,Udinese,27,1996,27,880,33,25.7,9.8,9,62,2,18,18,9,1.00,11,15,-4,-0.41,+0.02,12.0,11.5,+0.5,+0.05,+0.42,FW
Ibrahim Sulemana,GHA,Cagliari,20,2003,21,1339,64,39.2,14.9,16,73,8,5,33,12,0.86,16,26,-10,-0.67,+0.02,13.6,24.1,-10.6,-0.71,-0.67,MF
Tomáš Suslov,SVK,Hellas Verona,21,2002,32,2092,65,61.2,23.2,23,83,9,9,21,2,0.97,28,34,-6,-0.26,+0.22,25.2,30.0,-4.8,-0.21,+0.19,MF
Velizar-Ilia Svetozarov Iliev,BUL,Cagliari,18,2005,0,,,,,0,,0,0,,3,,,,,,,,,,,,GK
Mile Svilar,SRB,Roma,23,1999,15,1350,90,39.5,15.0,15,90,15,0,,23,1.67,24,19,+5,+0.33,-0.28,19.7,21.0,-1.3,-0.09,-0.56,GK
Karol Świderski,POL,Hellas Verona,26,1997,15,504,34,14.7,5.6,3,57,0,12,28,0,1.27,7,7,0,0.00,+0.40,5.7,6.7,-1.0,-0.18,+0.12,FW
Wojciech Szczęsny,POL,Juventus,33,1990,35,3150,90,92.1,35.0,35,90,35,0,,1,1.83,49,30,+19,+0.54,-0.79,50.2,28.6,+21.6,+0.62,-0.36,GK
Przemysław Szymiński,POL,Frosinone,29,1994,1,9,9,0.3,0.1,0,,0,1,9,1,3.00,0,0,0,0.00,+0.66,0.0,0.3,-0.3,-3.12,-2.81,MF
Adrien Tameze,CMR,Torino,29,1994,29,2146,74,62.7,23.8,25,81,14,4,30,3,1.38,22,22,0,0.00,0.00,25.1,23.6,+1.5,+0.06,+0.15,DF
Elayis Tavsan,NED,Hellas Verona,22,2001,3,50,17,1.5,0.6,0,,0,3,17,13,0.67,0,1,-1,-1.80,-1.48,0.6,1.2,-0.6,-1.11,-0.84,MF
Loum Tchaouna,FRA,Salernitana,19,2003,33,2100,64,61.4,23.3,23,81,14,10,23,2,0.33,25,53,-28,-1.20,+0.23,19.6,46.8,-27.3,-1.17,-0.02,FW
Jackson Tchatchoua,CMR,Hellas Verona,21,2001,26,1725,66,50.4,19.2,19,84,13,7,19,7,1.04,25,26,-1,-0.05,+0.58,23.8,23.1,+0.7,+0.04,+0.64,DF
Filippo Terracciano,ITA,Hellas Verona,20,2003,18,1296,72,37.9,14.4,14,85,10,4,28,0,0.78,12,17,-5,-0.35,-0.01,13.0,18.4,-5.4,-0.37,-0.15,DF
Filippo Terracciano,ITA,Milan,20,2003,3,76,25,2.2,0.8,1,64,0,2,6,16,1.33,1,4,-3,-3.55,-4.36,1.5,1.6,-0.2,-0.22,-0.79,DF
Pietro Terracciano,ITA,Fiorentina,33,1990,33,2970,90,86.8,33.0,33,90,33,0,,5,1.61,50,35,+15,+0.45,+0.45,44.7,40.3,+4.3,+0.13,+0.28,GK
Florian Thauvin,FRA,Udinese,30,1993,29,1710,59,50.0,19.0,19,79,4,10,20,3,0.90,15,28,-13,-0.68,-0.53,19.1,26.5,-7.5,-0.39,-0.26,FW
Daniel Theiner,ITA,Sassuolo,19,2004,0,,,,,0,,0,0,,2,,,,,,,,,,,,GK
Malick Thiaw,GER,Milan,21,2001,21,1619,77,47.3,18.0,19,84,15,2,10,3,1.81,31,24,+7,+0.39,-0.61,27.4,20.5,+6.9,+0.38,-0.31,DF
Morten Thorsby,NOR,Genoa,27,1996,24,1157,48,33.8,12.9,9,84,7,15,27,12,1.46,18,20,-2,-0.16,-0.24,11.4,17.1,-5.8,-0.45,-0.40,MF
Kristian Thorstvedt,NOR,Sassuolo,24,1999,34,2397,71,70.1,26.6,30,76,10,4,32,3,0.68,32,53,-21,-0.79,+0.18,29.3,39.2,-9.8,-0.37,+0.68,MF
Marcus Thuram,FRA,Inter,25,1997,35,2687,77,78.6,29.9,34,78,13,1,26,1,2.51,69,19,+50,+1.67,-0.41,60.1,24.7,+35.4,+1.18,-0.26,FW
Antonio Tikvić,CRO,Udinese,19,2004,1,1,1,0.0,0.0,0,,0,1,1,33,1.00,0,0,0,0.00,+0.42,0.0,0.1,-0.1,-6.96,-6.70,DF
Jeremy Toljan,GER,Sassuolo,28,1994,25,2083,83,60.9,23.1,24,86,21,1,16,4,1.00,31,40,-9,-0.39,+1.16,28.3,36.8,-8.4,-0.36,+0.53,DF
Rafael Tolói,ITA,Atalanta,32,1990,18,965,54,28.2,10.7,10,82,6,8,18,8,1.89,21,12,+9,+0.84,+0.07,14.2,11.6,+2.5,+0.24,-0.28,DF
Player,,Squad,Ag,Born,MP,Min,Mn/MP,Min%,90s,Starts,Mn/Start,Compl,Subs,Mn/Sub,unSub,PPM,onG,onGA,+/-,+/-90,On-Off,onxG,onxGA,xG+/-,xG+/-90,On-Off,Po
Fikayo Tomori,ENG,Milan,25,1997,26,2121,82,62.0,23.6,24,86,19,2,28,1,2.04,51,27,+24,+1.02,+0.81,43.1,27.1,+16.0,+0.68,+0.35,DF
Giacomo Toniolo,ITA,Hellas Verona,19,2004,0,,,,,0,,0,0,,1,,,,,,,,,,,,GK
Lorenzo Torriani,ITA,Milan,18,2005,0,,,,,0,,0,0,,2,,,,,,,,,,,,GK
Ahmed Touba,ALG,Lecce,25,1998,6,277,46,8.1,3.1,3,79,2,3,14,25,0.67,1,7,-6,-1.95,-1.49,3.2,4.7,-1.5,-0.48,-0.23,DF
Chaka Traorè,CIV,Milan,18,2004,2,20,10,0.6,0.2,0,,0,2,10,7,3.00,1,1,0,0.00,-0.71,0.1,0.1,-0.1,-0.30,-0.86,FW
Stefano Turati,ITA,Frosinone,21,2001,31,2745,89,80.3,30.5,31,89,30,0,,2,0.87,37,58,-21,-0.69,-0.16,37.8,48.0,-10.2,-0.34,-0.10,GK
Kacper Urbanski,POL,Bologna,18,2004,22,926,42,27.1,10.3,9,72,2,13,21,16,1.91,15,10,+5,+0.49,-0.13,14.6,11.4,+3.2,+0.31,+0.04,MF
Emanuele Valeri,ITA,Frosinone,24,1998,16,1178,74,34.4,13.1,14,82,12,2,13,0,0.75,11,22,-11,-0.84,-0.28,15.4,18.4,-3.0,-0.23,+0.13,DF
Tommaso Vannucchi,ITA,Fiorentina,16,2007,0,,,,,0,,0,0,,17,,,,,,,,,,,,GK
Johan Vásquez,MEX,Genoa,24,1998,37,2850,77,83.3,31.7,32,85,26,5,25,0,1.32,35,33,+2,+0.06,+0.38,28.1,35.1,-7.0,-0.22,-0.20,DF
Matías Vecino,URU,Lazio,31,1991,31,1153,37,33.7,12.8,8,78,3,23,23,5,1.68,20,15,+5,+0.39,+0.19,17.6,13.8,+3.8,+0.30,+0.27,MF
Lorenzo Venuti,ITA,Lecce,28,1995,14,364,26,10.6,4.0,3,74,1,11,13,23,0.93,2,12,-10,-2.47,-2.12,4.6,6.9,-2.3,-0.56,-0.33,DF
Simone Verdi,ITA,Torino,31,1992,1,4,4,0.1,0.0,0,,0,1,4,0,1.00,0,0,0,0.00,0.00,0.2,0.0,+0.2,+3.63,+3.63,FW
Filippo Vertua,ITA,Empoli,17,2006,0,,,,,0,,0,0,,2,,,,,,,,,,,,GK
Emanuel Vignato,ITA,Salernitana,22,2000,9,311,35,9.1,3.5,3,69,0,6,18,7,0.44,7,6,+1,+0.29,+1.74,4.3,5.8,-1.5,-0.43,+0.81,MF
Samuele Vignato,ITA,Monza,19,2004,10,343,34,10.0,3.8,3,65,0,7,21,12,1.50,4,2,+2,+0.52,+0.93,3.7,3.7,0.0,+0.01,+0.50,MF
Matías Viña,URU,Sassuolo,25,1997,15,1014,68,29.6,11.3,13,72,3,2,41,0,1.00,16,15,+1,+0.09,+1.32,13.5,18.5,-5.0,-0.44,+0.18,DF
Rúben Vinagre,POR,Hellas Verona,24,1999,12,282,24,8.2,3.1,2,76,1,10,13,5,1.42,5,6,-1,-0.32,+0.03,4.6,4.4,+0.2,+0.06,+0.37,DF
Alessandro Vinciguerra,ITA,Cagliari,17,2005,0,,,,,0,,0,0,,2,,,,,,,,,,,,FW
Nicolas Viola,ITA,Cagliari,33,1989,26,1207,46,35.3,13.4,11,73,3,15,27,10,1.12,25,18,+7,+0.52,+1.86,18.7,16.1,+2.7,+0.20,+0.78,MF
Paolo Vismara,ITA,Atalanta,20,2003,0,,,,,0,,0,0,,3,,,,,,,,,,,,GK
Mattia Viti,ITA,Sassuolo,21,2002,15,979,65,28.6,10.9,12,74,5,3,30,13,0.87,12,22,-10,-0.92,-0.11,9.6,16.1,-6.5,-0.60,-0.04,DF
Vitinha,POR,Genoa,23,2000,9,285,32,8.3,3.2,2,83,1,7,17,1,1.00,4,4,0,0.00,0.00,3.8,4.6,-0.8,-0.25,-0.07,FW
Dušan Vlahović,SRB,Juventus,23,2000,33,2307,70,67.5,25.6,27,80,8,6,25,0,2.00,35,23,+12,+0.47,-0.42,36.4,21.9,+14.5,+0.57,-0.24,FW
Nikola Vlašić,CRO,Torino,25,1997,33,2608,79,76.3,29.0,30,82,20,3,52,0,1.24,23,29,-6,-0.21,-0.87,28.3,28.5,-0.2,-0.01,-0.05,MF
Player,,Squad,Ag,Born,MP,Min,Mn/MP,Min%,90s,Starts,Mn/Start,Compl,Subs,Mn/Sub,unSub,PPM,onG,onGA,+/-,+/-90,On-Off,onxG,onxGA,xG+/-,xG+/-90,On-Off,Po
Joel Voelkerling Persson,SWE,Lecce,20,2003,0,,,,,0,,0,0,,1,,,,,,,,,,,,FW
Alessandro Vogliacco,ITA,Genoa,24,1998,20,1169,58,34.2,13.0,14,80,5,6,9,12,1.50,16,17,-1,-0.08,-0.12,13.3,16.2,-3.0,-0.23,-0.06,DF
Mërgim Vojvoda,KVX,Torino,28,1995,28,1379,49,40.3,15.3,15,80,8,13,14,4,1.43,14,14,0,0.00,0.00,15.8,15.2,+0.6,+0.04,+0.06,DF
Cristian Volpato,ITA,Sassuolo,19,2003,22,645,29,18.9,7.2,5,58,0,17,21,15,0.27,8,16,-8,-1.12,-0.34,10.0,11.7,-1.6,-0.23,+0.42,MF
Stefan de Vrij,NED,Inter,31,1992,25,1586,63,46.4,17.6,17,86,16,8,16,9,2.68,48,5,+43,+2.44,+1.26,37.8,12.3,+25.5,+1.45,+0.39,DF
İsak Vural,,Frosinone,17,2006,0,,,,,0,,0,0,,1,,,,,,,,,,,,MF
Walace,BRA,Udinese,28,1995,37,3238,88,94.7,36.0,37,88,30,0,,0,0.92,32,48,-16,-0.44,-0.44,35.6,43.9,-8.3,-0.23,+0.59,MF
Sebastian Walukiewicz,POL,Empoli,23,2000,27,2055,76,60.1,22.8,23,84,19,4,33,6,1.00,18,32,-14,-0.61,+0.11,21.8,33.8,-12.1,-0.53,-0.23,DF
Timothy Weah,USA,Juventus,23,2000,30,1258,42,36.8,14.0,12,72,3,18,22,2,1.77,24,12,+12,+0.86,+0.40,20.8,13.1,+7.7,+0.55,-0.15,DF
Shon Weissman,ISR,Salernitana,27,1996,11,494,45,14.4,5.5,5,64,0,6,29,4,0.18,5,14,-9,-1.64,-0.41,4.2,13.0,-8.7,-1.59,-0.50,FW
Mateusz Wieteska,POL,Cagliari,26,1997,19,965,51,28.2,10.7,10,84,7,9,14,16,0.84,8,20,-12,-1.12,-0.61,10.4,17.9,-7.4,-0.69,-0.54,DF
Kenan Yıldız,TUR,Juventus,18,2005,27,952,35,27.8,10.6,9,68,0,18,19,9,1.67,20,7,+13,+1.23,+0.86,14.7,7.2,+7.5,+0.70,+0.08,FW
Mattia Zaccagni,ITA,Lazio,28,1995,28,1956,70,57.2,21.7,24,75,3,4,37,0,1.57,27,21,+6,+0.28,+0.03,27.1,26.5,+0.6,+0.03,-0.21,FW
Nicola Zalewski,POL,Roma,21,2002,22,968,44,28.3,10.8,10,70,1,12,22,15,1.41,13,12,+1,+0.09,-0.57,12.6,15.0,-2.4,-0.23,-0.67,DF
Andre-Frank Zambo Anguissa,CMR,Napoli,27,1995,34,2786,82,81.5,31.0,32,85,24,2,30,0,1.35,43,36,+7,+0.23,+0.23,50.4,29.8,+20.6,+0.67,+0.33,MF
Alessandro Zanoli,ITA,Salernitana,22,2000,17,921,54,26.9,10.2,10,77,3,7,22,1,0.29,9,20,-11,-1.07,+0.29,8.2,20.0,-11.9,-1.16,0.00,DF
Alessandro Zanoli,ITA,Napoli,22,2000,4,52,13,1.5,0.6,0,,0,4,13,15,1.75,0,0,0,0.00,-0.19,1.3,0.7,+0.5,+0.94,+0.33,DF
Duván Zapata,COL,Torino,32,1991,35,2880,82,84.2,32.0,34,84,21,1,27,0,1.49,31,26,+5,+0.16,+0.99,33.4,27.2,+6.2,+0.19,+1.18,FW
Duván Zapata,COL,Atalanta,32,1991,2,112,56,3.3,1.2,2,56,0,0,,0,1.50,1,2,-1,-0.80,-1.65,1.4,0.8,+0.6,+0.48,+0.04,FW
Gabriele Zappa,ITA,Cagliari,23,1999,38,2561,67,74.9,28.5,25,85,18,13,34,0,0.95,38,53,-15,-0.53,+0.63,33.6,39.9,-6.3,-0.22,+0.33,DF
Davide Zappacosta,ITA,Atalanta,31,1992,31,1867,60,54.6,20.7,23,71,6,8,29,5,1.81,36,21,+15,+0.72,-0.15,32.1,21.0,+11.2,+0.54,+0.22,DF
Oier Zarraga,ESP,Udinese,24,1999,15,404,27,11.8,4.5,4,74,2,11,10,23,1.07,6,10,-4,-0.89,-0.53,4.1,8.9,-4.8,-1.08,-0.92,MF
Karim Zedadka,FRA,Napoli,23,2000,0,,,,,0,,0,0,,1,,,,,,,,,,,,DF
Jordan Zemura,ZIM,Udinese,23,1999,27,1038,38,30.4,11.5,10,73,0,17,18,7,0.93,11,17,-6,-0.52,-0.14,12.5,16.5,-4.0,-0.35,-0.12,DF
Alessio Zerbin,ITA,Monza,24,1999,13,684,53,20.0,7.6,7,75,2,6,27,4,0.85,4,5,-1,-0.13,+0.23,6.5,10.8,-4.2,-0.56,-0.14,DF
Player,,Squad,Ag,Born,MP,Min,Mn/MP,Min%,90s,Starts,Mn/Start,Compl,Subs,Mn/Sub,unSub,PPM,onG,onGA,+/-,+/-90,On-Off,onxG,onxGA,xG+/-,xG+/-90,On-Off,Po
Alessio Zerbin,ITA,Napoli,24,1999,7,150,21,4.4,1.7,1,70,0,6,13,13,1.14,1,2,-1,-0.60,-0.82,3.3,3.0,+0.3,+0.16,-0.47,FW
Kevin Zeroli,ITA,Milan,18,2005,3,28,9,0.8,0.3,0,,0,3,9,11,2.33,0,0,0,0.00,-0.72,0.3,0.8,-0.5,-1.76,-2.32,MF
Piotr Zieliński,POL,Napoli,29,1994,28,1924,69,56.3,21.4,23,78,4,5,28,2,1.36,29,25,+4,+0.19,+0.01,33.9,21.4,+12.6,+0.59,-0.04,MF
David Zima,CZE,Torino,22,2000,5,91,18,2.7,1.0,0,,0,5,18,12,1.80,1,0,+1,+0.99,+1.02,2.6,0.6,+2.0,+2.01,+2.05,DF
Joshua Zirkzee,NED,Bologna,22,2001,34,2759,81,80.7,30.7,32,84,15,2,30,0,1.88,44,25,+19,+0.62,+0.21,37.6,29.8,+7.8,+0.25,-0.16,FW
Nadir Zortea,ITA,Frosinone,24,1999,14,1258,90,36.8,14.0,14,90,12,0,,0,1.07,15,18,-3,-0.21,+0.70,19.2,18.8,+0.3,+0.02,+0.54,DF
Nadir Zortea,ITA,Atalanta,24,1999,5,149,30,4.4,1.7,0,,0,5,30,14,1.40,4,1,+3,+1.81,+1.07,2.2,1.8,+0.5,+0.28,-0.17,DF
Bor Žunec,SVN,Udinese,18,2005,0,,,,,0,,0,0,,1,,,,,,,,,,,,MF
Szymon Żurkowski,POL,Empoli,25,1997,13,868,67,25.4,9.6,10,79,3,3,25,5,1.23,9,8,+1,+0.10,+1.02,6.4,10.0,-3.6,-0.37,+0.09,MF
Milan Đurić,BIH,Hellas Verona,33,1990,20,1204,60,35.2,13.4,13,79,4,7,25,0,0.85,15,21,-6,-0.45,-0.16,13.3,16.9,-3.7,-0.28,+0.01,FW
Milan Đurić,BIH,Monza,33,1990,17,1257,74,36.8,14.0,13,86,9,4,35,0,1.18,14,20,-6,-0.43,-0.18,14.6,21.2,-6.7,-0.48,-0.06,FW
Mateusz Łęgowski,POL,Salernitana,20,2003,29,1145,39,33.5,12.7,10,74,4,19,21,9,0.52,9,31,-22,-1.73,-0.66,10.1,23.7,-13.6,-1.07,+0.14,MF
