Sett.,Giorno,Data,Ora,Casa,xG,Punteggio,xG,Ospiti,Spettatori,Stadio,Arbitro,Report partita,Note
1,Sab,19-09-2020,18:00,Fiorentina,1.9,1–0,0.6,Torino,,Stadio Artemio Franchi,Rosario Abisso,Report partita,
1,Sab,19-09-2020,20:45,Hellas Verona,1.3,3–0,1.7,Roma,,Stadio Marc'Antonio Bentegodi,Daniele Chiffi,Report partita,Partita assegnata a Hellas Verona
1,Dom,20-09-2020,12:30,Parma,0.2,0–2,1.6,Napoli,1.000,Stadio Ennio Tardini,Maurizio Mariani,Report partita,
1,Dom,20-09-2020,15:00,Genoa,2.0,4–1,1.2,Crotone,,Stadio Comunale Luigi Ferraris,Giovanni Ayroldi,Report partita,
1,Dom,20-09-2020,18:00,Sassuolo,2.3,1–1,1.0,Cagliari,850,Stadio Città del Tricolore,Livio Marinelli,Report partita,
1,Dom,20-09-2020,20:45,Juventus,2.4,3–0,0.8,Sampdoria,1.000,Allianz Stadium,Marco Piccinini,Report partita,
1,Lun,21-09-2020,20:45,Milan,2.9,2–0,0.9,Bologna,1.000,Stadio Giuseppe Meazza,Federico La Penna,Report partita,
,,,,,,,,,,,,,
2,Sab,26-09-2020,15:00,Torino,0.7,2–4,1.6,Atalanta,1.000,Stadio Olimpico di Torino,Massimiliano Irrati,Report partita,
2,Sab,26-09-2020,18:00,Cagliari,1.0,0–2,2.1,Lazio,1.000,Sardegna Arena,Davide Massa,Report partita,
2,Sab,26-09-2020,18:00,Sampdoria,1.6,2–3,1.2,Benevento,1.000,Stadio Comunale Luigi Ferraris,Federico Dionisi,Report partita,
2,Sab,26-09-2020,20:45,Inter,2.8,4–3,2.5,Fiorentina,1.000,Stadio Giuseppe Meazza,Giampaolo Calvarese,Report partita,
2,Dom,27-09-2020,12:30,Spezia,1.1,1–4,2.8,Sassuolo,1.000,Stadio Dino Manuzzi,Davide Ghersini,Report partita,
2,Dom,27-09-2020,15:00,Hellas Verona,1.0,1–0,1.7,Udinese,1.000,Stadio Marc'Antonio Bentegodi,Manuel Volpi,Report partita,
2,Dom,27-09-2020,18:00,Crotone,0.3,0–2,2.4,Milan,,Stadio Ezio Scida,Luca Pairetto,Report partita,
2,Dom,27-09-2020,18:00,Napoli,2.4,6–0,0.6,Genoa,1.000,Stadio San Paolo,Juan Sacchi,Report partita,
2,Dom,27-09-2020,20:45,Roma,2.7,2–2,1.3,Juventus,1.000,Stadio Olimpico,Marco Di Bello,Report partita,
2,Lun,28-09-2020,20:45,Bologna,2.2,4–1,1.0,Parma,1.000,Stadio Renato Dall'Ara,Paolo Valeri,Report partita,
,,,,,,,,,,,,,
1,Mer,30-09-2020,18:00,Benevento,1.5,2–5,3.5,Inter,1.000,Stadio Ciro Vigorito,Marco Piccinini,Report partita,
1,Mer,30-09-2020,18:00,Udinese,2.1,0–2,0.7,Spezia,1.000,Dacia Arena,Alessandro Prontera,Report partita,
1,Mer,30-09-2020,20:45,Lazio,2.6,1–4,1.7,Atalanta,1.000,Stadio Olimpico,Fabio Maresca,Report partita,
,,,,,,,,,,,,,
3,Ven,02-10-2020,20:45,Fiorentina,2.1,1–2,2.4,Sampdoria,1.000,Stadio Artemio Franchi,Piero Giacomelli,Report partita,
3,Sab,03-10-2020,15:00,Sassuolo,1.7,4–1,1.8,Crotone,1.000,Stadio Città del Tricolore,Ivan Pezzuto,Report partita,
3,Sab,03-10-2020,20:45,Udinese,0.9,0–1,0.8,Roma,1.000,Dacia Arena,Rosario Abisso,Report partita,
3,Dom,04-10-2020,12:30,Atalanta,3.5,5–2,1.0,Cagliari,1.000,Stadio Atleti Azzurri d'Italia,Fabrizio Pasqua,Report partita,
3,Dom,04-10-2020,15:00,Benevento,0.9,1–0,1.8,Bologna,1.000,Stadio Ciro Vigorito,Simone Sozza,Report partita,
3,Dom,04-10-2020,15:00,Lazio,1.3,1–1,0.9,Inter,1.000,Stadio Olimpico,Marco Guida,Report partita,
3,Dom,04-10-2020,15:00,Parma,1.6,1–0,0.5,Hellas Verona,1.000,Stadio Ennio Tardini,Antonio Giua,Report partita,
3,Dom,04-10-2020,18:00,Milan,2.0,3–0,0.2,Spezia,1.000,Stadio Giuseppe Meazza,Marco Serra,Report partita,
,,,,,,,,,,,,,
4,Sab,17-10-2020,15:00,Napoli,1.7,4–1,1.0,Atalanta,1.000,Stadio San Paolo,Marco Di Bello,Report partita,
4,Sab,17-10-2020,18:00,Sampdoria,1.3,3–0,0.6,Lazio,1.000,Stadio Comunale Luigi Ferraris,Daniele Orsato,Report partita,
4,Sab,17-10-2020,18:00,Inter,2.4,1–2,2.3,Milan,1.000,Stadio Giuseppe Meazza,Maurizio Mariani,Report partita,
4,Sab,17-10-2020,20:45,Crotone,1.1,1–1,1.6,Juventus,1.000,Stadio Ezio Scida,Francesco Fourneau,Report partita,
4,Dom,18-10-2020,12:30,Bologna,1.4,3–4,2.8,Sassuolo,1.000,Stadio Renato Dall'Ara,Daniele Doveri,Report partita,
4,Dom,18-10-2020,15:00,Spezia,1.1,2–2,1.4,Fiorentina,1.000,Stadio Dino Manuzzi,Gianluca Manganiello,Report partita,
4,Dom,18-10-2020,15:00,Torino,1.7,2–3,2.1,Cagliari,1.000,Stadio Olimpico di Torino,Federico La Penna,Report partita,
4,Dom,18-10-2020,18:00,Udinese,1.3,3–2,1.0,Parma,1.000,Dacia Arena,Michael Fabbri,Report partita,
4,Dom,18-10-2020,20:45,Roma,4.4,5–2,1.8,Benevento,1.000,Stadio Olimpico,Giovanni Ayroldi,Report partita,
4,Lun,19-10-2020,20:45,Hellas Verona,1.4,0–0,0.4,Genoa,10.002,Stadio Marc'Antonio Bentegodi,Antonio Rapuano,Report partita,
,,,,,,,,,,,,,
5,Ven,23-10-2020,20:45,Sassuolo,2.0,3–3,2.1,Torino,700,Stadio Città del Tricolore,Marco Guida,Report partita,
5,Sab,24-10-2020,15:00,Atalanta,2.1,1–3,1.9,Sampdoria,1.000,Stadio Atleti Azzurri d'Italia,Giampaolo Calvarese,Report partita,
5,Sab,24-10-2020,18:00,Genoa,0.0,0–2,1.8,Inter,1.000,Stadio Comunale Luigi Ferraris,Davide Massa,Report partita,
5,Sab,24-10-2020,20:45,Lazio,1.0,2–1,1.5,Bologna,1.000,Stadio Olimpico,Massimiliano Irrati,Report partita,
5,Dom,25-10-2020,12:30,Cagliari,2.4,4–2,1.6,Crotone,1.000,Sardegna Arena,Antonio Di Martino,Report partita,
5,Dom,25-10-2020,15:00,Parma,3.2,2–2,0.9,Spezia,1.000,Stadio Ennio Tardini,Valerio Marini,Report partita,
5,Dom,25-10-2020,15:00,Benevento,0.5,1–2,2.1,Napoli,1.000,Stadio Ciro Vigorito,Daniele Doveri,Report partita,
5,Dom,25-10-2020,18:00,Fiorentina,1.2,3–2,1.8,Udinese,1.000,Stadio Artemio Franchi,Francesco Fourneau,Report partita,
5,Dom,25-10-2020,20:45,Juventus,1.8,1–1,0.7,Hellas Verona,1.000,Allianz Stadium,Fabrizio Pasqua,Report partita,
5,Lun,26-10-2020,20:45,Milan,2.6,3–3,2.3,Roma,,Stadio Giuseppe Meazza,Piero Giacomelli,Report partita,
,,,,,,,,,,,,,
6,Sab,31-10-2020,15:00,Crotone,0.4,1–2,2.6,Atalanta,,Stadio Ezio Scida,Federico Dionisi,Report partita,
6,Sab,31-10-2020,18:00,Inter,2.5,2–2,0.7,Parma,,Stadio Giuseppe Meazza,Marco Piccinini,Report partita,
6,Sab,31-10-2020,20:45,Bologna,1.4,3–2,0.6,Cagliari,,Stadio Renato Dall'Ara,Michael Fabbri,Report partita,
6,Dom,01-11-2020,12:30,Udinese,1.1,1–2,1.1,Milan,,Dacia Arena,Marco Di Bello,Report partita,
6,Dom,01-11-2020,15:00,Torino,2.8,3–4,1.4,Lazio,,Stadio Olimpico di Torino,Daniele Chiffi,Report partita,
6,Dom,01-11-2020,15:00,Spezia,0.7,1–4,3.4,Juventus,,Stadio Dino Manuzzi,Rosario Abisso,Report partita,
6,Dom,01-11-2020,18:00,Napoli,2.3,0–2,1.4,Sassuolo,,Stadio San Paolo,Maurizio Mariani,Report partita,
6,Dom,01-11-2020,18:00,Roma,3.0,2–0,0.4,Fiorentina,,Stadio Olimpico,Daniele Orsato,Report partita,
6,Dom,01-11-2020,20:45,Sampdoria,0.7,1–1,0.6,Genoa,,Stadio Comunale Luigi Ferraris,Federico La Penna,Report partita,
6,Lun,02-11-2020,20:45,Hellas Verona,1.7,3–1,1.6,Benevento,,Stadio Marc'Antonio Bentegodi,Juan Sacchi,Report partita,
,,,,,,,,,,,,,
3,Mer,04-11-2020,17:00,Genoa,1.1,1–2,0.6,Torino,,Stadio Comunale Luigi Ferraris,Paolo Valeri,Report partita,
,,,,,,,,,,,,,
7,Ven,06-11-2020,20:45,Sassuolo,0.1,0–0,0.1,Udinese,,Stadio Città del Tricolore,Eugenio Abbattista,Report partita,
7,Sab,07-11-2020,15:00,Cagliari,2.1,2–0,0.1,Sampdoria,,Sardegna Arena,Giovanni Ayroldi,Report partita,
7,Sab,07-11-2020,18:00,Benevento,0.3,0–3,0.9,Spezia,,Stadio Ciro Vigorito,Gianluca Aureliano,Report partita,
7,Sab,07-11-2020,20:45,Parma,0.1,0–0,0.7,Fiorentina,,Stadio Ennio Tardini,Federico La Penna,Report partita,
7,Dom,08-11-2020,12:30,Lazio,0.9,1–1,1.2,Juventus,,Stadio Olimpico,Davide Massa,Report partita,
7,Dom,08-11-2020,15:00,Genoa,0.6,1–3,2.0,Roma,,Stadio Comunale Luigi Ferraris,Massimiliano Irrati,Report partita,
7,Dom,08-11-2020,15:00,Atalanta,0.8,1–1,1.0,Inter,,Stadio Atleti Azzurri d'Italia,Daniele Doveri,Report partita,
7,Dom,08-11-2020,15:00,Torino,0.2,0–0,0.3,Crotone,,Stadio Olimpico di Torino,Francesco Fourneau,Report partita,
7,Dom,08-11-2020,18:00,Bologna,0.8,0–1,1.2,Napoli,,Stadio Renato Dall'Ara,Fabrizio Pasqua,Report partita,
7,Dom,08-11-2020,20:45,Milan,3.3,2–2,1.5,Hellas Verona,,Stadio Giuseppe Meazza,Marco Guida,Report partita,
,,,,,,,,,,,,,
8,Sab,21-11-2020,15:00,Crotone,0.6,0–2,1.8,Lazio,,Stadio Ezio Scida,Juan Sacchi,Report partita,
8,Sab,21-11-2020,18:00,Spezia,0.5,0–0,1.2,Atalanta,,Stadio Dino Manuzzi,Antonio Rapuano,Report partita,
8,Sab,21-11-2020,20:45,Juventus,2.1,2–0,0.1,Cagliari,,Allianz Stadium,Fabio Maresca,Report partita,
8,Dom,22-11-2020,12:30,Fiorentina,0.8,0–1,0.7,Benevento,,Stadio Artemio Franchi,Davide Ghersini,Report partita,
8,Dom,22-11-2020,15:00,Inter,3.6,4–2,1.9,Torino,,Stadio Giuseppe Meazza,Federico La Penna,Report partita,
8,Dom,22-11-2020,15:00,Sampdoria,0.7,1–2,1.7,Bologna,,Stadio Comunale Luigi Ferraris,Livio Marinelli,Report partita,
8,Dom,22-11-2020,15:00,Hellas Verona,1.2,0–2,0.5,Sassuolo,,Stadio Marc'Antonio Bentegodi,Daniele Chiffi,Report partita,
8,Dom,22-11-2020,15:00,Roma,2.8,3–0,0.0,Parma,,Stadio Olimpico,Gianluca Manganiello,Report partita,
8,Dom,22-11-2020,18:00,Udinese,0.5,1–0,1.0,Genoa,,Dacia Arena,Giampaolo Calvarese,Report partita,
8,Dom,22-11-2020,20:45,Napoli,1.7,1–3,2.6,Milan,,Stadio San Paolo,Paolo Valeri,Report partita,
,,,,,,,,,,,,,
9,Sab,28-11-2020,15:00,Sassuolo,0.7,0–3,1.2,Inter,,Stadio Città del Tricolore,Massimiliano Irrati,Report partita,
9,Sab,28-11-2020,18:00,Benevento,0.4,1–1,1.6,Juventus,,Stadio Ciro Vigorito,Fabrizio Pasqua,Report partita,
9,Sab,28-11-2020,20:45,Atalanta,1.8,0–2,1.7,Hellas Verona,,Stadio Atleti Azzurri d'Italia,Davide Massa,Report partita,
9,Dom,29-11-2020,12:30,Lazio,1.3,1–3,1.1,Udinese,,Stadio Olimpico,Gianluca Aureliano,Report partita,
9,Dom,29-11-2020,15:00,Bologna,1.5,1–0,0.4,Crotone,,Stadio Renato Dall'Ara,Marco Serra,Report partita,
9,Dom,29-11-2020,15:00,Milan,2.6,2–0,0.3,Fiorentina,,Stadio Giuseppe Meazza,Rosario Abisso,Report partita,
9,Dom,29-11-2020,18:00,Cagliari,2.3,2–2,2.8,Spezia,,Sardegna Arena,Valerio Marini,Report partita,
9,Dom,29-11-2020,20:45,Napoli,1.9,4–0,0.3,Roma,,Stadio San Paolo,Marco Di Bello,Report partita,
9,Lun,30-11-2020,18:30,Torino,1.6,2–2,1.1,Sampdoria,,Stadio Olimpico di Torino,Daniele Doveri,Report partita,
9,Lun,30-11-2020,20:45,Genoa,1.4,1–2,1.1,Parma,,Stadio Comunale Luigi Ferraris,Maurizio Mariani,Report partita,
,,,,,,,,,,,,,
10,Sab,05-12-2020,15:00,Spezia,1.7,1–2,0.3,Lazio,,Stadio Dino Manuzzi,Daniele Chiffi,Report partita,
10,Sab,05-12-2020,18:00,Juventus,1.6,2–1,0.8,Torino,,Allianz Stadium,Daniele Orsato,Report partita,
10,Sab,05-12-2020,20:45,Inter,1.5,3–1,1.3,Bologna,,Stadio Giuseppe Meazza,Paolo Valeri,Report partita,
10,Dom,06-12-2020,12:30,Hellas Verona,2.8,1–1,1.2,Cagliari,,Stadio Marc'Antonio Bentegodi,Gianluca Manganiello,Report partita,
10,Dom,06-12-2020,15:00,Roma,1.2,0–0,0.4,Sassuolo,,Stadio Olimpico,Fabio Maresca,Report partita,
10,Dom,06-12-2020,15:00,Parma,0.4,0–0,0.3,Benevento,,Stadio Ennio Tardini,Juan Sacchi,Report partita,
10,Dom,06-12-2020,18:00,Crotone,0.5,0–4,2.2,Napoli,,Stadio Ezio Scida,Livio Marinelli,Report partita,
10,Dom,06-12-2020,20:45,Sampdoria,1.1,1–2,2.5,Milan,,Stadio Comunale Luigi Ferraris,Giampaolo Calvarese,Report partita,
10,Lun,07-12-2020,20:45,Fiorentina,2.7,1–1,1.2,Genoa,,Stadio Artemio Franchi,Daniele Doveri,Report partita,
,,,,,,,,,,,,,
11,Ven,11-12-2020,20:45,Sassuolo,1.0,1–0,2.5,Benevento,,Stadio Città del Tricolore,Simone Sozza,Report partita,
11,Sab,12-12-2020,15:00,Crotone,2.2,4–1,1.2,Spezia,,Stadio Ezio Scida,Antonio Giua,Report partita,
11,Sab,12-12-2020,18:00,Torino,1.0,2–3,1.2,Udinese,,Stadio Olimpico di Torino,Davide Massa,Report partita,
11,Sab,12-12-2020,20:45,Lazio,1.0,1–2,1.2,Hellas Verona,,Stadio Olimpico,Rosario Abisso,Report partita,
11,Dom,13-12-2020,12:45,Cagliari,1.6,1–3,3.5,Inter,,Sardegna Arena,Fabrizio Pasqua,Report partita,
11,Dom,13-12-2020,15:00,Bologna,0.7,1–5,3.4,Roma,,Stadio Renato Dall'Ara,Giampaolo Calvarese,Report partita,
11,Dom,13-12-2020,15:00,Atalanta,2.6,3–0,0.4,Fiorentina,,Stadio Atleti Azzurri d'Italia,Maurizio Mariani,Report partita,
11,Dom,13-12-2020,15:00,Napoli,1.1,2–1,1.1,Sampdoria,,Stadio San Paolo,Federico La Penna,Report partita,
11,Dom,13-12-2020,18:00,Genoa,0.2,1–3,2.6,Juventus,,Stadio Comunale Luigi Ferraris,Marco Di Bello,Report partita,
11,Dom,13-12-2020,20:45,Milan,1.8,2–2,0.6,Parma,,Stadio Giuseppe Meazza,Francesco Fourneau,Report partita,
,,,,,,,,,,,,,
12,Mar,15-12-2020,18:30,Udinese,1.1,0–0,0.2,Crotone,,Dacia Arena,Antonio Di Martino,Report partita,
12,Mar,15-12-2020,20:45,Benevento,1.4,1–1,0.8,Lazio,,Stadio Ciro Vigorito,Luca Pairetto,Report partita,
12,Mer,16-12-2020,18:30,Juventus,2.7,1–1,1.1,Atalanta,,Allianz Stadium,Daniele Doveri,Report partita,
12,Mer,16-12-2020,20:45,Inter,1.1,1–0,1.7,Napoli,,Stadio Giuseppe Meazza,Davide Massa,Report partita,
12,Mer,16-12-2020,20:45,Hellas Verona,1.4,1–2,0.7,Sampdoria,,Stadio Marc'Antonio Bentegodi,Riccardo Ros,Report partita,
12,Mer,16-12-2020,20:45,Spezia,3.7,2–2,2.0,Bologna,,Stadio Dino Manuzzi,Piero Giacomelli,Report partita,
12,Mer,16-12-2020,20:45,Parma,1.0,0–0,0.3,Cagliari,,Stadio Ennio Tardini,Ivan Pezzuto,Report partita,
12,Mer,16-12-2020,20:45,Fiorentina,2.0,1–1,1.1,Sassuolo,,Stadio Artemio Franchi,Paolo Valeri,Report partita,
12,Mer,16-12-2020,20:45,Genoa,1.2,2–2,1.5,Milan,,Stadio Comunale Luigi Ferraris,Daniele Orsato,Report partita,
12,Gio,17-12-2020,20:45,Roma,2.6,3–1,1.5,Torino,,Stadio Olimpico,Rosario Abisso,Report partita,
,,,,,,,,,,,,,
13,Sab,19-12-2020,15:00,Fiorentina,1.2,1–1,1.1,Hellas Verona,,Stadio Artemio Franchi,Francesco Fourneau,Report partita,
13,Sab,19-12-2020,18:00,Sampdoria,1.9,3–1,0.9,Crotone,,Stadio Comunale Luigi Ferraris,Gianluca Manganiello,Report partita,
13,Sab,19-12-2020,20:45,Parma,0.7,0–4,2.5,Juventus,,Stadio Ennio Tardini,Giampaolo Calvarese,Report partita,
13,Dom,20-12-2020,12:30,Torino,0.9,1–1,1.6,Bologna,,Stadio Olimpico di Torino,Fabrizio Pasqua,Report partita,
13,Dom,20-12-2020,15:00,Sassuolo,0.9,1–2,1.5,Milan,,Stadio Città del Tricolore,Maurizio Mariani,Report partita,
13,Dom,20-12-2020,15:00,Inter,1.8,2–1,0.8,Spezia,,Stadio Giuseppe Meazza,Michael Fabbri,Report partita,
13,Dom,20-12-2020,15:00,Benevento,1.6,2–0,0.3,Genoa,,Stadio Ciro Vigorito,Antonio Giua,Report partita,
13,Dom,20-12-2020,15:00,Cagliari,0.5,1–1,1.4,Udinese,,Sardegna Arena,Marco Piccinini,Report partita,
13,Dom,20-12-2020,18:00,Atalanta,2.0,4–1,0.8,Roma,,Stadio Atleti Azzurri d'Italia,Marco Di Bello,Report partita,
13,Dom,20-12-2020,20:45,Lazio,0.8,2–0,0.9,Napoli,,Stadio Olimpico,Daniele Orsato,Report partita,
,,,,,,,,,,,,,
14,Mar,22-12-2020,18:30,Crotone,0.8,2–1,1.2,Parma,,Stadio Ezio Scida,Fabio Maresca,Report partita,
14,Mar,22-12-2020,20:45,Juventus,0.4,0–3,1.0,Fiorentina,,Allianz Stadium,Federico La Penna,Report partita,
14,Mer,23-12-2020,18:30,Hellas Verona,0.7,1–2,2.1,Inter,,Stadio Marc'Antonio Bentegodi,Piero Giacomelli,Report partita,
14,Mer,23-12-2020,20:45,Milan,1.9,3–2,1.8,Lazio,,Stadio Giuseppe Meazza,Marco Di Bello,Report partita,
14,Mer,23-12-2020,20:45,Napoli,0.9,1–1,0.5,Torino,,Stadio San Paolo,Paolo Valeri,Report partita,
14,Mer,23-12-2020,20:45,Sampdoria,1.7,2–3,2.1,Sassuolo,,Stadio Comunale Luigi Ferraris,Giovanni Ayroldi,Report partita,
14,Mer,23-12-2020,20:45,Roma,3.2,3–2,1.7,Cagliari,,Stadio Olimpico,Luca Pairetto,Report partita,
14,Mer,23-12-2020,20:45,Udinese,1.7,0–2,0.4,Benevento,,Dacia Arena,Manuel Volpi,Report partita,
14,Mer,23-12-2020,20:45,Spezia,0.7,1–2,1.6,Genoa,,Stadio Dino Manuzzi,Davide Massa,Report partita,
14,Mer,23-12-2020,20:45,Bologna,1.0,2–2,1.5,Atalanta,,Stadio Renato Dall'Ara,Daniele Chiffi,Report partita,
,,,,,,,,,,,,,
15,Dom,03-01-2021,12:30,Inter,2.5,6–2,1.6,Crotone,,Stadio Giuseppe Meazza,Gianluca Aureliano,Report partita,
15,Dom,03-01-2021,15:00,Parma,1.0,0–3,1.6,Torino,,Stadio Ennio Tardini,Daniele Doveri,Report partita,
15,Dom,03-01-2021,15:00,Genoa,0.9,1–1,1.4,Lazio,,Stadio Comunale Luigi Ferraris,Giampaolo Calvarese,Report partita,
15,Dom,03-01-2021,15:00,Atalanta,2.7,5–1,0.7,Sassuolo,,Stadio Atleti Azzurri d'Italia,Fabio Maresca,Report partita,
15,Dom,03-01-2021,15:00,Spezia,0.8,0–1,1.7,Hellas Verona,,Stadio Dino Manuzzi,Luca Pairetto,Report partita,
15,Dom,03-01-2021,15:00,Roma,2.1,1–0,0.4,Sampdoria,,Stadio Olimpico,Daniele Chiffi,Report partita,
15,Dom,03-01-2021,15:00,Cagliari,1.0,1–4,3.8,Napoli,,Sardegna Arena,Gianluca Manganiello,Report partita,
15,Dom,03-01-2021,15:00,Fiorentina,0.3,0–0,0.7,Bologna,,Stadio Artemio Franchi,Daniele Orsato,Report partita,
15,Dom,03-01-2021,18:00,Benevento,2.5,0–2,1.5,Milan,,Stadio Ciro Vigorito,Fabrizio Pasqua,Report partita,
15,Dom,03-01-2021,20:45,Juventus,2.8,4–1,1.7,Udinese,,Allianz Stadium,Piero Giacomelli,Report partita,
,,,,,,,,,,,,,
16,Mer,06-01-2021,12:30,Cagliari,0.9,1–2,1.2,Benevento,,Sardegna Arena,Eugenio Abbattista,Report partita,
16,Mer,06-01-2021,15:00,Bologna,1.0,2–2,1.6,Udinese,,Stadio Renato Dall'Ara,Giovanni Ayroldi,Report partita,
16,Mer,06-01-2021,15:00,Torino,1.4,1–1,0.4,Hellas Verona,,Stadio Olimpico di Torino,Marco Di Bello,Report partita,
16,Mer,06-01-2021,15:00,Lazio,1.2,2–1,1.6,Fiorentina,,Stadio Olimpico,Rosario Abisso,Report partita,
16,Mer,06-01-2021,15:00,Crotone,0.8,1–3,2.2,Roma,,Stadio Ezio Scida,Marco Piccinini,Report partita,
16,Mer,06-01-2021,15:00,Atalanta,1.7,3–0,0.0,Parma,,Stadio Atleti Azzurri d'Italia,Juan Sacchi,Report partita,
16,Mer,06-01-2021,15:00,Sassuolo,1.6,2–1,1.1,Genoa,,Stadio Città del Tricolore,Michael Fabbri,Report partita,
16,Mer,06-01-2021,15:00,Sampdoria,1.2,2–1,2.5,Inter,,Stadio Comunale Luigi Ferraris,Paolo Valeri,Report partita,
16,Mer,06-01-2021,18:00,Napoli,3.6,1–2,2.0,Spezia,,Stadio San Paolo,Maurizio Mariani,Report partita,
16,Mer,06-01-2021,20:45,Milan,1.3,1–3,1.7,Juventus,,Stadio Giuseppe Meazza,Massimiliano Irrati,Report partita,
,,,,,,,,,,,,,
17,Sab,09-01-2021,15:00,Benevento,0.9,1–4,4.3,Atalanta,,Stadio Ciro Vigorito,Gianluca Manganiello,Report partita,
17,Sab,09-01-2021,18:00,Genoa,1.4,2–0,0.5,Bologna,,Stadio Comunale Luigi Ferraris,Daniele Doveri,Report partita,
17,Sab,09-01-2021,20:45,Milan,1.6,2–0,0.6,Torino,,Stadio Giuseppe Meazza,Fabio Maresca,Report partita,
17,Dom,10-01-2021,12:30,Roma,1.1,2–2,2.0,Inter,,Stadio Olimpico,Marco Di Bello,Report partita,
17,Dom,10-01-2021,15:00,Udinese,2.8,1–2,1.9,Napoli,,Dacia Arena,Fabrizio Pasqua,Report partita,
17,Dom,10-01-2021,15:00,Parma,0.6,0–2,3.6,Lazio,,Stadio Ennio Tardini,Luca Pairetto,Report partita,
17,Dom,10-01-2021,15:00,Hellas Verona,1.1,2–1,0.7,Crotone,,Stadio Marc'Antonio Bentegodi,Luca Massimi,Report partita,
17,Dom,10-01-2021,18:00,Fiorentina,2.0,1–0,1.3,Cagliari,,Stadio Artemio Franchi,Piero Giacomelli,Report partita,
17,Dom,10-01-2021,20:45,Juventus,3.6,3–1,1.1,Sassuolo,,Allianz Stadium,Davide Massa,Report partita,
17,Lun,11-01-2021,20:45,Spezia,1.4,2–1,1.0,Sampdoria,,Stadio Dino Manuzzi,Marco Piccinini,Report partita,
,,,,,,,,,,,,,
18,Ven,15-01-2021,20:45,Lazio,1.0,3–0,1.3,Roma,,Stadio Olimpico,Daniele Orsato,Report partita,
18,Sab,16-01-2021,15:00,Bologna,1.8,1–0,0.9,Hellas Verona,,Stadio Renato Dall'Ara,Maurizio Mariani,Report partita,
18,Sab,16-01-2021,18:00,Torino,1.0,0–0,0.4,Spezia,,Stadio Olimpico di Torino,Michael Fabbri,Report partita,
18,Sab,16-01-2021,20:45,Sampdoria,1.9,2–1,1.9,Udinese,,Stadio Comunale Luigi Ferraris,Juan Sacchi,Report partita,
18,Dom,17-01-2021,12:30,Napoli,1.8,6–0,0.9,Fiorentina,,Stadio San Paolo,Daniele Chiffi,Report partita,
18,Dom,17-01-2021,15:00,Crotone,1.4,4–1,2.4,Benevento,,Stadio Ezio Scida,Simone Sozza,Report partita,
18,Dom,17-01-2021,15:00,Sassuolo,1.8,1–1,0.9,Parma,,Stadio Città del Tricolore,Ivan Pezzuto,Report partita,
18,Dom,17-01-2021,18:00,Atalanta,1.8,0–0,0.8,Genoa,,Stadio Atleti Azzurri d'Italia,Livio Marinelli,Report partita,
18,Dom,17-01-2021,20:45,Inter,2.0,2–0,0.5,Juventus,,Stadio Giuseppe Meazza,Daniele Doveri,Report partita,
18,Lun,18-01-2021,20:45,Cagliari,1.2,0–2,2.0,Milan,,Sardegna Arena,Rosario Abisso,Report partita,
,,,,,,,,,,,,,
10,Mer,20-01-2021,15:00,Udinese,0.3,1–1,1.4,Atalanta,,Dacia Arena,Giampaolo Calvarese,Report partita,
,,,,,,,,,,,,,
19,Ven,22-01-2021,20:45,Benevento,1.9,2–2,1.5,Torino,,Stadio Ciro Vigorito,Piero Giacomelli,Report partita,
19,Sab,23-01-2021,15:00,Roma,2.6,4–3,1.2,Spezia,,Stadio Olimpico,Luca Pairetto,Report partita,
19,Sab,23-01-2021,18:00,Milan,1.6,0–3,2.4,Atalanta,,Stadio Giuseppe Meazza,Maurizio Mariani,Report partita,
19,Sab,23-01-2021,18:00,Udinese,0.5,0–0,0.8,Inter,,Dacia Arena,Fabio Maresca,Report partita,
19,Sab,23-01-2021,20:45,Fiorentina,1.6,2–1,0.7,Crotone,,Stadio Artemio Franchi,Marco Piccinini,Report partita,
19,Dom,24-01-2021,12:30,Juventus,2.7,2–0,0.5,Bologna,,Allianz Stadium,Juan Sacchi,Report partita,
19,Dom,24-01-2021,15:00,Genoa,1.9,1–0,1.1,Cagliari,,Stadio Comunale Luigi Ferraris,Marco Di Bello,Report partita,
19,Dom,24-01-2021,15:00,Hellas Verona,1.7,3–1,0.9,Napoli,,Stadio Marc'Antonio Bentegodi,Michael Fabbri,Report partita,
19,Dom,24-01-2021,18:00,Lazio,1.4,2–1,0.6,Sassuolo,,Stadio Olimpico,Antonio Giua,Report partita,
19,Dom,24-01-2021,20:45,Parma,0.8,0–2,1.3,Sampdoria,,Stadio Ennio Tardini,Gianluca Manganiello,Report partita,
,,,,,,,,,,,,,
20,Ven,29-01-2021,20:45,Torino,2.1,1–1,1.3,Fiorentina,,Stadio Olimpico di Torino,Marco Di Bello,Report partita,
20,Sab,30-01-2021,15:00,Bologna,1.1,1–2,2.7,Milan,,Stadio Renato Dall'Ara,Daniele Doveri,Report partita,
20,Sab,30-01-2021,18:00,Sampdoria,0.4,0–2,1.9,Juventus,,Stadio Comunale Luigi Ferraris,Michael Fabbri,Report partita,
20,Sab,30-01-2021,20:45,Inter,1.6,4–0,0.0,Benevento,,Stadio Giuseppe Meazza,Fabrizio Pasqua,Report partita,
20,Dom,31-01-2021,12:30,Spezia,0.8,0–1,1.0,Udinese,,Stadio Dino Manuzzi,Antonio Di Martino,Report partita,
20,Dom,31-01-2021,15:00,Crotone,0.6,0–3,1.0,Genoa,,Stadio Ezio Scida,Piero Giacomelli,Report partita,
20,Dom,31-01-2021,15:00,Atalanta,1.2,1–3,2.9,Lazio,,Stadio Atleti Azzurri d'Italia,Daniele Chiffi,Report partita,
20,Dom,31-01-2021,15:00,Cagliari,0.7,1–1,1.7,Sassuolo,,Sardegna Arena,Maurizio Mariani,Report partita,
20,Dom,31-01-2021,18:00,Napoli,0.7,2–0,0.2,Parma,,Stadio San Paolo,Federico La Penna,Report partita,
20,Dom,31-01-2021,20:45,Roma,1.8,3–1,0.9,Hellas Verona,,Stadio Olimpico,Marco Piccinini,Report partita,
,,,,,,,,,,,,,
21,Ven,05-02-2021,20:45,Fiorentina,0.6,0–2,2.4,Inter,,Stadio Artemio Franchi,Federico La Penna,Report partita,
21,Sab,06-02-2021,15:00,Sassuolo,1.0,1–2,1.6,Spezia,,Stadio Città del Tricolore,Juan Sacchi,Report partita,
21,Sab,06-02-2021,15:00,Atalanta,1.8,3–3,2.8,Torino,,Stadio Atleti Azzurri d'Italia,Francesco Fourneau,Report partita,
21,Sab,06-02-2021,18:00,Juventus,0.2,2–0,1.0,Roma,,Allianz Stadium,Daniele Orsato,Report partita,
21,Sab,06-02-2021,20:45,Genoa,1.2,2–1,1.5,Napoli,,Stadio Comunale Luigi Ferraris,Gianluca Manganiello,Report partita,
21,Dom,07-02-2021,12:30,Benevento,1.1,1–1,2.0,Sampdoria,,Stadio Ciro Vigorito,Gianluca Aureliano,Report partita,
21,Dom,07-02-2021,15:00,Milan,2.5,4–0,0.6,Crotone,,Stadio Giuseppe Meazza,Luca Pairetto,Report partita,
21,Dom,07-02-2021,15:00,Udinese,2.0,2–0,0.4,Hellas Verona,,Dacia Arena,Alberto Santoro,Report partita,
21,Dom,07-02-2021,18:00,Parma,1.1,0–3,1.5,Bologna,,Stadio Ennio Tardini,Marco Guida,Report partita,
21,Dom,07-02-2021,20:45,Lazio,1.1,1–0,0.9,Cagliari,,Stadio Olimpico,Massimiliano Irrati,Report partita,
,,,,,,,,,,,,,
22,Ven,12-02-2021,20:45,Bologna,1.8,1–1,1.1,Benevento,,Stadio Renato Dall'Ara,Davide Ghersini,Report partita,
22,Sab,13-02-2021,15:00,Torino,0.8,0–0,0.4,Genoa,,Stadio Olimpico di Torino,Fabrizio Pasqua,Report partita,
22,Sab,13-02-2021,18:00,Napoli,1.0,1–0,1.7,Juventus,,Stadio San Paolo,Daniele Doveri,Report partita,
22,Sab,13-02-2021,20:45,Spezia,1.9,2–0,0.4,Milan,,Stadio Dino Manuzzi,Daniele Chiffi,Report partita,
22,Dom,14-02-2021,12:30,Roma,2.0,3–0,0.4,Udinese,,Stadio Olimpico,Piero Giacomelli,Report partita,
22,Dom,14-02-2021,15:00,Cagliari,0.3,0–1,0.7,Atalanta,,Sardegna Arena,Marco Piccinini,Report partita,
22,Dom,14-02-2021,15:00,Sampdoria,0.9,2–1,1.8,Fiorentina,,Stadio Comunale Luigi Ferraris,Fabio Maresca,Report partita,
22,Dom,14-02-2021,18:00,Crotone,0.7,1–2,2.7,Sassuolo,,Stadio Ezio Scida,Ivan Pezzuto,Report partita,
22,Dom,14-02-2021,20:45,Inter,2.8,3–1,0.9,Lazio,,Stadio Giuseppe Meazza,Michael Fabbri,Report partita,
22,Lun,15-02-2021,20:45,Hellas Verona,1.0,2–1,1.6,Parma,,Stadio Marc'Antonio Bentegodi,Luca Massimi,Report partita,
,,,,,,,,,,,,,
23,Ven,19-02-2021,18:30,Fiorentina,2.6,3–0,0.6,Spezia,,Stadio Artemio Franchi,Giampaolo Calvarese,Report partita,
23,Ven,19-02-2021,20:45,Cagliari,1.1,0–1,0.9,Torino,,Sardegna Arena,Daniele Orsato,Report partita,
23,Sab,20-02-2021,15:00,Lazio,1.4,1–0,0.6,Sampdoria,,Stadio Olimpico,Davide Massa,Report partita,
23,Sab,20-02-2021,18:00,Genoa,1.1,2–2,1.5,Hellas Verona,,Stadio Comunale Luigi Ferraris,Matteo Marchetti,Report partita,
23,Sab,20-02-2021,20:45,Sassuolo,2.3,1–1,0.4,Bologna,,Stadio Città del Tricolore,Federico La Penna,Report partita,
23,Dom,21-02-2021,12:30,Parma,2.5,2–2,1.1,Udinese,,Stadio Ennio Tardini,Massimiliano Irrati,Report partita,
23,Dom,21-02-2021,15:00,Milan,1.0,0–3,2.3,Inter,,Stadio Giuseppe Meazza,Daniele Doveri,Report partita,
23,Dom,21-02-2021,18:00,Atalanta,2.2,4–2,0.5,Napoli,,Stadio Atleti Azzurri d'Italia,Marco Di Bello,Report partita,
23,Dom,21-02-2021,20:45,Benevento,0.3,0–0,1.0,Roma,,Stadio Ciro Vigorito,Luca Pairetto,Report partita,
23,Lun,22-02-2021,20:45,Juventus,4.4,3–0,0.8,Crotone,,Allianz Stadium,Valerio Marini,Report partita,
,,,,,,,,,,,,,
24,Sab,27-02-2021,15:00,Spezia,1.8,2–2,1.3,Parma,,Stadio Dino Manuzzi,Daniele Orsato,Report partita,
24,Sab,27-02-2021,18:00,Bologna,1.3,2–0,2.3,Lazio,,Stadio Renato Dall'Ara,Piero Giacomelli,Report partita,
24,Sab,27-02-2021,20:45,Hellas Verona,0.7,1–1,1.0,Juventus,,Stadio Marc'Antonio Bentegodi,Fabio Maresca,Report partita,
24,Dom,28-02-2021,12:30,Sampdoria,0.5,0–2,1.9,Atalanta,,Stadio Comunale Luigi Ferraris,Livio Marinelli,Report partita,
24,Dom,28-02-2021,15:00,Inter,2.2,3–0,0.2,Genoa,,Stadio Giuseppe Meazza,Daniele Chiffi,Report partita,
24,Dom,28-02-2021,15:00,Crotone,0.8,0–2,1.3,Cagliari,,Stadio Ezio Scida,Michael Fabbri,Report partita,
24,Dom,28-02-2021,15:00,Udinese,0.9,1–0,0.4,Fiorentina,,Dacia Arena,Manuel Volpi,Report partita,
24,Dom,28-02-2021,18:00,Napoli,2.0,2–0,0.3,Benevento,,Stadio San Paolo,Rosario Abisso,Report partita,
24,Dom,28-02-2021,20:45,Roma,2.0,1–2,3.2,Milan,,Stadio Olimpico,Marco Guida,Report partita,
,,,,,,,,,,,,,
25,Mar,02-03-2021,20:45,Juventus,2.2,3–0,1.4,Spezia,,Allianz Stadium,Juan Sacchi,Report partita,
25,Mer,03-03-2021,18:30,Sassuolo,2.6,3–3,2.4,Napoli,,Stadio Città del Tricolore,Valerio Marini,Report partita,
25,Mer,03-03-2021,20:45,Milan,1.3,1–1,0.6,Udinese,,Stadio Giuseppe Meazza,Davide Massa,Report partita,
25,Mer,03-03-2021,20:45,Cagliari,1.1,1–0,0.8,Bologna,,Sardegna Arena,Marco Di Bello,Report partita,
25,Mer,03-03-2021,20:45,Atalanta,3.2,5–1,0.9,Crotone,,Stadio Atleti Azzurri d'Italia,Simone Sozza,Report partita,
25,Mer,03-03-2021,20:45,Fiorentina,0.6,1–2,1.6,Roma,,Stadio Artemio Franchi,Giampaolo Calvarese,Report partita,
25,Mer,03-03-2021,20:45,Genoa,0.3,1–1,0.5,Sampdoria,,Stadio Comunale Luigi Ferraris,Luca Pairetto,Report partita,
25,Mer,03-03-2021,20:45,Benevento,0.4,0–3,2.1,Hellas Verona,,Stadio Ciro Vigorito,Giovanni Ayroldi,Report partita,
25,Gio,04-03-2021,20:45,Parma,0.7,1–2,2.5,Inter,,Stadio Ennio Tardini,Fabrizio Pasqua,Report partita,
,,,,,,,,,,,,,
26,Sab,06-03-2021,15:00,Spezia,1.1,1–1,0.5,Benevento,,Stadio Dino Manuzzi,Francesco Fourneau,Report partita,
26,Sab,06-03-2021,18:00,Udinese,1.4,2–0,0.7,Sassuolo,,Dacia Arena,Lorenzo Maggioni,Report partita,
26,Sab,06-03-2021,20:45,Juventus,1.3,3–1,1.1,Lazio,,Allianz Stadium,Davide Massa,Report partita,
26,Dom,07-03-2021,12:30,Roma,1.2,1–0,0.2,Genoa,,Stadio Olimpico,Michael Fabbri,Report partita,
26,Dom,07-03-2021,15:00,Fiorentina,0.7,3–3,2.2,Parma,,Stadio Artemio Franchi,Rosario Abisso,Report partita,
26,Dom,07-03-2021,15:00,Crotone,2.1,4–2,1.4,Torino,,Stadio Ezio Scida,Marco Guida,Report partita,
26,Dom,07-03-2021,15:00,Hellas Verona,0.7,0–2,0.7,Milan,,Stadio Marc'Antonio Bentegodi,Daniele Orsato,Report partita,
26,Dom,07-03-2021,18:00,Sampdoria,0.8,2–2,0.8,Cagliari,,Stadio Comunale Luigi Ferraris,Piero Giacomelli,Report partita,
26,Dom,07-03-2021,20:45,Napoli,1.4,3–1,0.9,Bologna,,Stadio San Paolo,Daniele Chiffi,Report partita,
26,Lun,08-03-2021,20:45,Inter,0.3,1–0,0.9,Atalanta,,Stadio Giuseppe Meazza,Maurizio Mariani,Report partita,
,,,,,,,,,,,,,
27,Ven,12-03-2021,15:00,Lazio,2.2,3–2,1.2,Crotone,,Stadio Olimpico,Antonio Rapuano,Report partita,
27,Ven,12-03-2021,20:45,Atalanta,1.9,3–1,1.1,Spezia,,Stadio Atleti Azzurri d'Italia,Valerio Marini,Report partita,
27,Sab,13-03-2021,15:00,Sassuolo,1.4,3–2,1.1,Hellas Verona,,Stadio Città del Tricolore,Alessandro Prontera,Report partita,
27,Sab,13-03-2021,18:00,Benevento,1.5,1–4,2.0,Fiorentina,,Stadio Ciro Vigorito,Piero Giacomelli,Report partita,
27,Sab,13-03-2021,20:45,Genoa,1.0,1–1,1.5,Udinese,,Stadio Comunale Luigi Ferraris,Giacomo Camplone,Report partita,
27,Dom,14-03-2021,12:30,Bologna,1.9,3–1,2.0,Sampdoria,,Stadio Renato Dall'Ara,Massimiliano Irrati,Report partita,
27,Dom,14-03-2021,15:00,Parma,1.7,2–0,1.9,Roma,,Stadio Ennio Tardini,Marco Piccinini,Report partita,
27,Dom,14-03-2021,15:00,Torino,0.9,1–2,1.9,Inter,,Stadio Olimpico di Torino,Paolo Valeri,Report partita,
27,Dom,14-03-2021,18:00,Cagliari,0.7,1–3,2.3,Juventus,,Sardegna Arena,Giampaolo Calvarese,Report partita,
27,Dom,14-03-2021,20:45,Milan,1.0,0–1,1.3,Napoli,,Stadio Giuseppe Meazza,Fabrizio Pasqua,Report partita,
,,,,,,,,,,,,,
24,Mer,17-03-2021,15:00,Torino,2.3,3–2,1.0,Sassuolo,,Stadio Olimpico di Torino,Maurizio Mariani,Report partita,
,,,,,,,,,,,,,
28,Ven,19-03-2021,20:45,Parma,1.2,1–2,1.0,Genoa,,Stadio Ennio Tardini,Daniele Doveri,Report partita,
28,Sab,20-03-2021,15:00,Crotone,1.8,2–3,3.2,Bologna,,Stadio Ezio Scida,Francesco Fourneau,Report partita,
28,Sab,20-03-2021,18:00,Spezia,1.0,2–1,2.5,Cagliari,,Stadio Dino Manuzzi,Maurizio Mariani,Report partita,
28,Dom,21-03-2021,12:30,Hellas Verona,0.2,0–2,2.1,Atalanta,,Stadio Marc'Antonio Bentegodi,Luca Pairetto,Report partita,
28,Dom,21-03-2021,15:00,Sampdoria,1.1,1–0,0.5,Torino,,Stadio Comunale Luigi Ferraris,Daniele Orsato,Report partita,
28,Dom,21-03-2021,15:00,Udinese,1.4,0–1,1.1,Lazio,,Dacia Arena,Fabio Maresca,Report partita,
28,Dom,21-03-2021,15:00,Juventus,1.8,0–1,0.3,Benevento,,Allianz Stadium,Rosario Abisso,Report partita,
28,Dom,21-03-2021,18:00,Fiorentina,0.2,2–3,1.7,Milan,,Stadio Artemio Franchi,Marco Guida,Report partita,
28,Dom,21-03-2021,20:45,Roma,0.5,0–2,1.0,Napoli,,Stadio Olimpico,Marco Di Bello,Report partita,
,,,,,,,,,,,,,
29,Sab,03-04-2021,12:30,Milan,1.2,1–1,0.7,Sampdoria,,Stadio Giuseppe Meazza,Marco Piccinini,Report partita,
29,Sab,03-04-2021,15:00,Sassuolo,3.2,2–2,2.1,Roma,,Stadio Città del Tricolore,Luca Pairetto,Report partita,
29,Sab,03-04-2021,15:00,Genoa,0.7,1–1,0.7,Fiorentina,,Stadio Comunale Luigi Ferraris,Fabio Maresca,Report partita,
29,Sab,03-04-2021,15:00,Benevento,1.0,2–2,1.8,Parma,,Stadio Ciro Vigorito,Davide Massa,Report partita,
29,Sab,03-04-2021,15:00,Cagliari,2.0,0–2,1.2,Hellas Verona,,Sardegna Arena,Daniele Doveri,Report partita,
29,Sab,03-04-2021,15:00,Lazio,2.1,2–1,0.7,Spezia,,Stadio Olimpico,Antonio Giua,Report partita,
29,Sab,03-04-2021,15:00,Atalanta,2.8,3–2,0.7,Udinese,,Stadio Atleti Azzurri d'Italia,Gianluca Manganiello,Report partita,
29,Sab,03-04-2021,15:00,Napoli,2.8,4–3,1.2,Crotone,,Stadio San Paolo,Antonio Di Martino,Report partita,
29,Sab,03-04-2021,18:00,Torino,0.8,2–2,2.3,Juventus,,Stadio Olimpico di Torino,Michael Fabbri,Report partita,
29,Sab,03-04-2021,20:45,Bologna,0.8,0–1,1.6,Inter,,Stadio Renato Dall'Ara,Piero Giacomelli,Report partita,
,,,,,,,,,,,,,
3,Mer,07-04-2021,18:45,Juventus,1.4,2–1,1.5,Napoli,,Allianz Stadium,Maurizio Mariani,Report partita,
,,,,,,,,,,,,,
28,Mer,07-04-2021,18:45,Inter,1.0,2–1,0.7,Sassuolo,,Stadio Giuseppe Meazza,Massimiliano Irrati,Report partita,
,,,,,,,,,,,,,
30,Sab,10-04-2021,15:00,Spezia,1.5,3–2,1.7,Crotone,,Stadio Dino Manuzzi,Simone Sozza,Report partita,
30,Sab,10-04-2021,18:00,Parma,1.1,1–3,1.2,Milan,,Stadio Ennio Tardini,Fabio Maresca,Report partita,
30,Sab,10-04-2021,20:45,Udinese,1.5,0–1,1.5,Torino,,Dacia Arena,Daniele Doveri,Report partita,
30,Dom,11-04-2021,12:30,Inter,1.3,1–0,0.5,Cagliari,,Stadio Giuseppe Meazza,Luca Pairetto,Report partita,
30,Dom,11-04-2021,15:00,Juventus,2.3,3–1,1.1,Genoa,,Allianz Stadium,Marco Di Bello,Report partita,
30,Dom,11-04-2021,15:00,Sampdoria,1.0,0–2,1.9,Napoli,,Stadio Comunale Luigi Ferraris,Paolo Valeri,Report partita,
30,Dom,11-04-2021,15:00,Hellas Verona,0.2,0–1,0.7,Lazio,,Stadio Marc'Antonio Bentegodi,Daniele Chiffi,Report partita,
30,Dom,11-04-2021,18:00,Roma,1.6,1–0,1.4,Bologna,,Stadio Olimpico,Marco Guida,Report partita,
30,Dom,11-04-2021,20:45,Fiorentina,1.3,2–3,2.5,Atalanta,,Stadio Artemio Franchi,Juan Sacchi,Report partita,
30,Lun,12-04-2021,20:45,Benevento,0.7,0–1,1.8,Sassuolo,,Stadio Ciro Vigorito,Valerio Marini,Report partita,
,,,,,,,,,,,,,
31,Sab,17-04-2021,15:00,Sampdoria,1.8,3–1,1.5,Hellas Verona,,Stadio Comunale Luigi Ferraris,Federico Dionisi,Report partita,
31,Sab,17-04-2021,15:00,Crotone,1.2,1–2,0.9,Udinese,,Stadio Ezio Scida,Luca Massimi,Report partita,
31,Sab,17-04-2021,18:00,Sassuolo,2.1,3–1,0.7,Fiorentina,,Stadio Città del Tricolore,Gianluca Aureliano,Report partita,
31,Sab,17-04-2021,20:45,Cagliari,1.6,4–3,1.3,Parma,,Sardegna Arena,Paolo Valeri,Report partita,
31,Dom,18-04-2021,12:30,Milan,1.2,2–1,1.0,Genoa,,Stadio Giuseppe Meazza,Giampaolo Calvarese,Report partita,
31,Dom,18-04-2021,15:00,Bologna,3.5,4–1,0.6,Spezia,,Stadio Renato Dall'Ara,Marco Piccinini,Report partita,
31,Dom,18-04-2021,15:00,Lazio,3.7,5–3,1.6,Benevento,,Stadio Olimpico,Davide Ghersini,Report partita,
31,Dom,18-04-2021,15:00,Atalanta,0.7,1–0,1.2,Juventus,,Stadio Atleti Azzurri d'Italia,Daniele Orsato,Report partita,
31,Dom,18-04-2021,18:00,Torino,3.7,3–1,1.5,Roma,,Stadio Olimpico di Torino,Davide Massa,Report partita,
31,Dom,18-04-2021,20:45,Napoli,0.7,1–1,0.9,Inter,,Stadio San Paolo,Daniele Doveri,Report partita,
,,,,,,,,,,,,,
32,Mar,20-04-2021,20:45,Hellas Verona,0.8,1–2,1.2,Fiorentina,,Stadio Marc'Antonio Bentegodi,Alessandro Prontera,Report partita,
32,Mer,21-04-2021,18:30,Milan,1.3,1–2,1.9,Sassuolo,,Stadio Giuseppe Meazza,Juan Sacchi,Report partita,
32,Mer,21-04-2021,20:45,Bologna,0.4,1–1,2.0,Torino,,Stadio Renato Dall'Ara,Valerio Marini,Report partita,
32,Mer,21-04-2021,20:45,Spezia,0.0,1–1,2.5,Inter,,Stadio Dino Manuzzi,Daniele Chiffi,Report partita,
32,Mer,21-04-2021,20:45,Udinese,0.9,0–1,1.6,Cagliari,,Dacia Arena,Marco Guida,Report partita,
32,Mer,21-04-2021,20:45,Genoa,1.2,2–2,1.0,Benevento,,Stadio Comunale Luigi Ferraris,Luca Pairetto,Report partita,
32,Mer,21-04-2021,20:45,Juventus,2.1,3–1,1.1,Parma,,Allianz Stadium,Piero Giacomelli,Report partita,
32,Mer,21-04-2021,20:45,Crotone,0.7,0–1,1.9,Sampdoria,,Stadio Ezio Scida,Daniele Paterna,Report partita,
32,Gio,22-04-2021,18:30,Roma,1.0,1–1,2.8,Atalanta,,Stadio Olimpico,Giampaolo Calvarese,Report partita,
32,Gio,22-04-2021,20:45,Napoli,1.5,5–2,1.7,Lazio,,Stadio San Paolo,Marco Di Bello,Report partita,
,,,,,,,,,,,,,
33,Sab,24-04-2021,15:00,Genoa,1.7,2–0,0.6,Spezia,,Stadio Comunale Luigi Ferraris,Gianluca Manganiello,Report partita,
33,Sab,24-04-2021,18:00,Parma,1.7,3–4,2.6,Crotone,,Stadio Ennio Tardini,Antonio Rapuano,Report partita,
33,Sab,24-04-2021,20:45,Sassuolo,1.4,1–0,1.5,Sampdoria,,Stadio Città del Tricolore,Matteo Gariglio,Report partita,
33,Dom,25-04-2021,12:30,Benevento,2.7,2–4,1.1,Udinese,,Stadio Ciro Vigorito,Maurizio Mariani,Report partita,
33,Dom,25-04-2021,15:00,Inter,1.1,1–0,1.0,Hellas Verona,,Stadio Giuseppe Meazza,Rosario Abisso,Report partita,
33,Dom,25-04-2021,15:00,Fiorentina,1.3,1–1,1.1,Juventus,,Stadio Artemio Franchi,Davide Massa,Report partita,
33,Dom,25-04-2021,18:00,Cagliari,1.1,3–2,1.7,Roma,,Sardegna Arena,Massimiliano Irrati,Report partita,
33,Dom,25-04-2021,20:45,Atalanta,4.2,5–0,0.8,Bologna,,Stadio Atleti Azzurri d'Italia,Michael Fabbri,Report partita,
33,Lun,26-04-2021,18:30,Torino,0.9,0–2,2.6,Napoli,,Stadio Olimpico di Torino,Paolo Valeri,Report partita,
33,Lun,26-04-2021,20:45,Lazio,1.9,3–0,1.5,Milan,,Stadio Olimpico,Daniele Orsato,Report partita,
,,,,,,,,,,,,,
34,Sab,01-05-2021,15:00,Hellas Verona,1.3,1–1,0.8,Spezia,,Stadio Marc'Antonio Bentegodi,Manuel Volpi,Report partita,
34,Sab,01-05-2021,18:00,Crotone,0.5,0–2,2.0,Inter,,Stadio Ezio Scida,Alessandro Prontera,Report partita,
34,Sab,01-05-2021,20:45,Milan,2.9,2–0,0.8,Benevento,,Stadio Giuseppe Meazza,Giampaolo Calvarese,Report partita,
34,Dom,02-05-2021,12:30,Lazio,2.9,4–3,1.4,Genoa,,Stadio Olimpico,Piero Giacomelli,Report partita,
34,Dom,02-05-2021,15:00,Napoli,2.1,1–1,1.4,Cagliari,,Stadio San Paolo,Michael Fabbri,Report partita,
34,Dom,02-05-2021,15:00,Bologna,1.9,3–3,2.1,Fiorentina,,Stadio Renato Dall'Ara,Federico Dionisi,Report partita,
34,Dom,02-05-2021,15:00,Sassuolo,1.3,1–1,1.5,Atalanta,,Stadio Città del Tricolore,Luca Pairetto,Report partita,
34,Dom,02-05-2021,18:00,Udinese,0.4,1–2,1.8,Juventus,,Dacia Arena,Daniele Chiffi,Report partita,
34,Dom,02-05-2021,20:45,Sampdoria,1.4,2–0,1.5,Roma,,Stadio Comunale Luigi Ferraris,Juan Sacchi,Report partita,
34,Lun,03-05-2021,20:45,Torino,1.7,1–0,0.4,Parma,,Stadio Olimpico di Torino,Gianluca Aureliano,Report partita,
,,,,,,,,,,,,,
35,Sab,08-05-2021,15:00,Spezia,1.0,1–4,2.3,Napoli,,Stadio Dino Manuzzi,Massimiliano Irrati,Report partita,
35,Sab,08-05-2021,15:00,Udinese,0.5,1–1,2.0,Bologna,,Dacia Arena,Alberto Santoro,Report partita,
35,Sab,08-05-2021,18:00,Inter,2.0,5–1,1.3,Sampdoria,,Stadio Giuseppe Meazza,Giovanni Ayroldi,Report partita,
35,Sab,08-05-2021,20:45,Fiorentina,1.9,2–0,1.1,Lazio,,Stadio Artemio Franchi,Fabio Maresca,Report partita,
35,Dom,09-05-2021,12:30,Genoa,0.8,1–2,1.6,Sassuolo,,Stadio Comunale Luigi Ferraris,Maurizio Mariani,Report partita,
35,Dom,09-05-2021,15:00,Parma,1.5,2–5,4.1,Atalanta,,Stadio Ennio Tardini,Antonio Giua,Report partita,
35,Dom,09-05-2021,15:00,Benevento,1.1,1–3,1.7,Cagliari,,Stadio Ciro Vigorito,Daniele Doveri,Report partita,
35,Dom,09-05-2021,15:00,Hellas Verona,1.8,1–1,0.6,Torino,,Stadio Marc'Antonio Bentegodi,Davide Massa,Report partita,
35,Dom,09-05-2021,18:00,Roma,2.1,5–0,0.5,Crotone,,Stadio Olimpico,Simone Sozza,Report partita,
35,Dom,09-05-2021,20:45,Juventus,1.0,0–3,1.2,Milan,,Allianz Stadium,Paolo Valeri,Report partita,
,,,,,,,,,,,,,
36,Mar,11-05-2021,20:45,Napoli,3.6,5–1,0.1,Udinese,,Stadio San Paolo,Giampaolo Calvarese,Report partita,
36,Mer,12-05-2021,18:30,Cagliari,0.4,0–0,0.1,Fiorentina,,Sardegna Arena,Maurizio Mariani,Report partita,
36,Mer,12-05-2021,20:45,Sassuolo,2.4,1–3,1.4,Juventus,,Stadio Città del Tricolore,Piero Giacomelli,Report partita,
36,Mer,12-05-2021,20:45,Sampdoria,1.8,2–2,2.7,Spezia,,Stadio Comunale Luigi Ferraris,Fabio Maresca,Report partita,
36,Mer,12-05-2021,20:45,Bologna,2.2,0–2,1.8,Genoa,,Stadio Renato Dall'Ara,Francesco Fourneau,Report partita,
36,Mer,12-05-2021,20:45,Inter,2.9,3–1,1.5,Roma,,Stadio Giuseppe Meazza,Daniele Chiffi,Report partita,
36,Mer,12-05-2021,20:45,Lazio,1.7,1–0,0.6,Parma,,Stadio Olimpico,Federico Dionisi,Report partita,
36,Mer,12-05-2021,20:45,Torino,1.1,0–7,3.9,Milan,,Stadio Olimpico di Torino,Marco Guida,Report partita,
36,Mer,12-05-2021,20:45,Atalanta,1.8,2–0,0.3,Benevento,,Stadio Atleti Azzurri d'Italia,Davide Massa,Report partita,
36,Gio,13-05-2021,20:45,Crotone,0.6,2–1,0.7,Hellas Verona,,Stadio Ezio Scida,Luca Massimi,Report partita,
,,,,,,,,,,,,,
37,Sab,15-05-2021,15:00,Spezia,2.5,4–1,1.0,Torino,,Stadio Dino Manuzzi,Daniele Orsato,Report partita,
37,Sab,15-05-2021,15:00,Genoa,2.0,3–4,2.3,Atalanta,,Stadio Comunale Luigi Ferraris,Livio Marinelli,Report partita,
37,Sab,15-05-2021,18:00,Juventus,2.5,3–2,1.3,Inter,,Allianz Stadium,Giampaolo Calvarese,Report partita,
37,Sab,15-05-2021,20:45,Roma,0.9,2–0,0.9,Lazio,,Stadio Olimpico,Luca Pairetto,Report partita,
37,Dom,16-05-2021,12:30,Fiorentina,0.5,0–2,1.9,Napoli,,Stadio Artemio Franchi,Rosario Abisso,Report partita,
37,Dom,16-05-2021,15:00,Udinese,0.5,0–1,1.9,Sampdoria,,Dacia Arena,Matteo Gariglio,Report partita,
37,Dom,16-05-2021,15:00,Benevento,2.1,1–1,1.0,Crotone,,Stadio Ciro Vigorito,Piero Giacomelli,Report partita,
37,Dom,16-05-2021,18:00,Parma,1.2,1–3,2.1,Sassuolo,,Stadio Ennio Tardini,Marco Piccinini,Report partita,
37,Dom,16-05-2021,20:45,Milan,1.4,0–0,0.5,Cagliari,,Stadio Giuseppe Meazza,Davide Massa,Report partita,
37,Lun,17-05-2021,20:45,Hellas Verona,1.1,2–2,1.9,Bologna,,Stadio Marc'Antonio Bentegodi,Matteo Marchetti,Report partita,
,,,,,,,,,,,,,
25,Mar,18-05-2021,20:30,Lazio,2.5,0–0,0.4,Torino,,Stadio Olimpico,Michael Fabbri,Report partita,
,,,,,,,,,,,,,
38,Sab,22-05-2021,20:45,Cagliari,1.7,0–1,1.5,Genoa,,Sardegna Arena,Francesco Meraviglia,Report partita,
38,Sab,22-05-2021,20:45,Crotone,1.4,0–0,0.6,Fiorentina,,Stadio Ezio Scida,Eugenio Abbattista,Report partita,
38,Sab,22-05-2021,20:45,Sampdoria,1.3,3–0,0.8,Parma,,Stadio Comunale Luigi Ferraris,Daniele Paterna,Report partita,
38,Dom,23-05-2021,15:00,Inter,2.7,5–1,1.1,Udinese,1.000,Stadio Giuseppe Meazza,Manuel Volpi,Report partita,
38,Dom,23-05-2021,20:45,Spezia,2.3,2–2,1.7,Roma,,Stadio Dino Manuzzi,Ivan Pezzuto,Report partita,
38,Dom,23-05-2021,20:45,Sassuolo,1.7,2–0,1.2,Lazio,,Stadio Città del Tricolore,Alessandro Prontera,Report partita,
38,Dom,23-05-2021,20:45,Atalanta,0.5,0–2,1.9,Milan,,Stadio Atleti Azzurri d'Italia,Maurizio Mariani,Report partita,
38,Dom,23-05-2021,20:45,Torino,1.9,1–1,0.6,Benevento,,Stadio Olimpico di Torino,Marco Di Bello,Report partita,
38,Dom,23-05-2021,20:45,Bologna,1.4,1–4,3.7,Juventus,,Stadio Renato Dall'Ara,Paolo Valeri,Report partita,
38,Dom,23-05-2021,20:45,Napoli,1.2,1–1,1.1,Hellas Verona,,Stadio San Paolo,Daniele Chiffi,Report partita,