Player,Nation,Squad,Age,Born,90s,Performance CrdY,Performance CrdR,Performance 2CrdY,Performance Fls,Performance Fld,Performance Off,Performance Crs,Performance Int,Performance TklW,Performance PKwon,Performance PKcon,Performance OG,Performance Recov,Aerial Duels Won,Aerial Duels Lost,Aerial Duels Won%,Position
Tammy Abraham,ENG,Roma,26,1997,1.2,0,0,0,1,2,2,1,0,0,0,0,0,0,3,2,60.0,FW
Francesco Acerbi,ITA,Inter,36,1988,24.5,1,0,0,19,19,3,8,31,12,0,0,0,97,65,33,66.3,DF
Yacine Adli,FRA,Milan,23,2000,15.2,3,0,0,25,9,1,48,20,17,0,1,0,91,15,9,62.5,MF
Michel Aebischer,SUI,Bologna,27,1997,21.9,6,0,0,35,25,0,12,11,18,0,0,0,116,11,15,42.3,MF
Lucien Agoume,FRA,Inter,22,2002,0.1,0,0,0,0,0,0,0,0,0,0,0,0,0,1,0,100.0,MF
Marley Aké,FRA,Udinese,23,2001,0.1,0,0,0,0,0,0,0,0,0,0,0,0,0,0,2,0.0,FW
Ebenezer Akinsanmiro,NGA,Inter,19,2004,0.2,0,0,0,0,3,0,0,0,0,0,0,0,0,0,0,,MF
Jean-Daniel Akpa-Akpro,CIV,Monza,31,1992,7.3,5,0,0,14,4,0,0,12,9,0,1,0,28,4,7,36.4,MF
David Akpan Ankeye,NGA,Genoa,22,2002,0.6,0,0,0,2,0,0,1,0,0,,,0,,,,,FW
Luis Alberto,ESP,Lazio,31,1992,24.8,7,0,0,15,23,6,146,7,19,0,0,0,136,9,18,33.3,MF
Carlos Alcaraz,ARG,Juventus,21,2002,2.7,0,0,0,3,3,0,1,2,4,0,0,0,10,1,8,11.1,MF
Pontus Almqvist,SWE,Lecce,24,1999,21.8,5,0,0,26,35,1,20,13,27,2,0,0,63,12,20,37.5,FW
Lorenzo Amatucci,ITA,Fiorentina,20,2004,0.2,0,0,0,1,0,0,0,0,0,0,0,0,3,1,1,50.0,MF
Bruno Amione,ARG,Hellas Verona,22,2002,6.4,2,0,0,10,6,0,1,9,3,0,0,0,39,19,10,65.5,DF
Felipe Anderson,BRA,Lazio,31,1993,28.5,3,0,0,26,33,4,53,26,40,0,0,0,124,15,14,51.7,FW
Angeliño,ESP,Roma,27,1997,8.8,2,0,0,11,5,1,28,11,6,0,0,1,37,12,5,70.6,DF
Houssem Aouar,ALG,Roma,25,1998,7.6,3,0,0,9,10,3,10,4,11,0,0,0,36,10,11,47.6,MF
Marko Arnautović,AUT,Inter,35,1989,7.2,0,0,0,11,15,4,7,5,4,0,0,0,12,4,7,36.4,FW
Kristjan Asllani,ALB,Inter,22,2002,6.7,1,0,0,3,17,0,32,10,2,0,0,0,47,4,5,44.4,MF
Emil Audero,ITA,Inter,27,1997,2.0,0,0,0,0,0,0,0,0,0,0,0,0,0,0,0,,GK
Tommaso Augello,ITA,Cagliari,29,1994,23.1,3,0,0,12,14,1,128,14,19,0,0,0,122,29,19,60.4,DF
Carlos Augusto,BRA,Inter,25,1999,15.9,1,0,0,16,5,1,38,13,16,0,0,0,61,45,20,69.2,DF
Yann Aurel Bisseck,GER,Inter,23,2000,8.0,0,0,0,3,11,2,3,1,5,0,0,0,30,14,17,45.2,DF
Sardar Azmoun,IRN,Roma,29,1995,6.0,4,0,0,7,11,2,2,3,5,2,0,0,18,11,11,50.0,FW
Paulo Azzi,BRA,Cagliari,29,1994,10.0,1,0,0,4,3,4,46,16,11,0,0,0,56,13,11,54.2,DF
Player,,Squad,Ag,Born,90s,CrdY,CrdR,2CrdY,Fls,Fld,Off,Crs,Int,TklW,PKwon,PKcon,OG,Recov,Won,Lost,Won%,Po
Oussama El Azzouzi,MAR,Bologna,22,2001,4.7,3,0,0,11,5,1,2,5,6,0,0,0,35,3,9,25.0,MF
Milan Badelj,CRO,Genoa,35,1989,24.7,6,0,0,22,13,0,14,46,26,0,0,0,160,11,13,45.8,MF
Jaime Báez,URU,Frosinone,29,1995,5.5,1,0,0,6,14,5,24,4,1,1,0,0,29,4,5,44.4,FW
Nedim Bajrami,ALB,Sassuolo,25,1999,14.3,0,0,0,12,5,3,73,5,5,0,0,0,56,2,10,16.7,MF
Mitchel Bakker,NED,Atalanta,23,2000,4.1,1,0,0,4,3,1,13,3,2,0,0,0,25,4,1,80.0,DF
Tommaso Baldanzi,ITA,Empoli,21,2003,8.3,1,0,0,4,16,2,16,2,2,0,0,0,27,1,6,14.3,MF
Tommaso Baldanzi,ITA,Roma,21,2003,3.8,2,0,0,3,11,0,6,0,5,0,0,0,13,0,1,0.0,FW
Lameck Banda,ZAM,Lecce,23,2001,15.0,5,1,0,32,30,9,51,3,23,0,0,0,82,9,16,36.0,FW
Daniel Bandeira,POR,Hellas Verona,24,2000,4.3,2,0,0,5,2,0,7,3,5,0,0,0,31,3,9,25.0,MF
Mattia Bani,ITA,Genoa,30,1993,25.6,9,0,0,21,28,2,1,22,10,0,0,0,98,49,42,53.8,DF
Antonín Barák,CZE,Fiorentina,29,1994,5.9,2,0,0,6,6,0,1,2,1,0,0,0,29,8,19,29.6,MF
Nicolò Barella,ITA,Inter,27,1997,28.8,6,0,0,26,24,3,48,10,25,1,0,0,153,19,15,55.9,MF
Enzo Barrenechea,ARG,Frosinone,22,2001,28.3,9,0,0,30,48,0,1,25,40,0,0,0,216,45,42,51.7,MF
Davide Bartesaghi,ITA,Milan,18,2005,0.9,0,0,0,1,1,0,0,0,0,0,0,0,2,3,0,100.0,DF
Federico Baschirotto,ITA,Lecce,27,1996,32.6,2,1,0,28,4,0,3,22,10,0,2,0,137,84,63,57.1,DF
Toma Bašić,CRO,Salernitana,27,1996,9.9,3,0,0,7,13,0,20,10,9,0,0,0,44,8,10,44.4,MF
Alessandro Bastoni,ITA,Inter,25,1999,23.7,5,0,0,30,31,0,70,21,33,0,0,0,109,37,26,58.7,DF
Simone Bastoni,ITA,Empoli,27,1996,6.4,2,0,0,12,10,0,26,10,10,0,0,0,30,8,10,44.4,MF
Reda Belahyane,FRA,Hellas Verona,19,2004,0.2,0,0,0,0,0,0,0,0,1,0,0,0,2,0,0,,MF
Raoul Bellanova,ITA,Torino,23,2000,30.6,5,0,0,13,50,2,163,14,22,0,0,0,121,30,30,50.0,DF
Andrea Belotti,ITA,Fiorentina,30,1993,8.4,0,0,0,13,18,4,3,1,2,2,0,0,13,33,32,50.8,FW
Andrea Belotti,ITA,Roma,30,1993,7.5,1,0,0,14,25,8,4,2,4,0,0,0,15,14,22,38.9,FW
Lucas Beltrán,ARG,Fiorentina,23,2001,16.5,6,0,0,23,21,4,6,1,14,0,0,0,41,18,56,24.3,FW
Ismaël Bennacer,ALG,Milan,26,1997,9.1,1,0,0,12,14,1,25,9,14,0,0,0,59,10,16,38.5,MF
Domenico Berardi,ITA,Sassuolo,29,1994,15.9,6,0,0,28,28,4,72,13,8,1,0,0,57,9,18,33.3,FW
Player,,Squad,Ag,Born,90s,CrdY,CrdR,2CrdY,Fls,Fld,Off,Crs,Int,TklW,PKwon,PKcon,OG,Recov,Won,Lost,Won%,Po
Bartosz Bereszyński,POL,Empoli,31,1992,16.2,3,0,0,16,13,0,15,17,20,0,0,0,68,18,11,62.1,DF
Etrit Berisha,ALB,Empoli,35,1989,14.0,0,0,0,0,2,0,0,0,0,0,0,0,26,7,0,100.0,GK
Medon Berisha,ALB,Lecce,20,2003,0.5,0,0,0,3,0,0,1,0,1,0,0,0,3,1,0,100.0,MF
Victor Bernth Kristiansen,DEN,Bologna,21,2002,22.6,4,0,0,29,5,1,33,10,31,1,1,0,74,22,17,56.4,DF
Beto,GNB,Udinese,26,1998,0.8,0,0,0,0,0,3,0,0,0,0,0,0,0,0,2,0.0,FW
Davide Bettella,ITA,Monza,24,2000,0.0,0,0,0,0,0,0,0,0,0,0,0,0,0,0,0,,MF
Sam Beukema,NED,Bologna,25,1998,27.1,6,1,1,27,11,1,2,15,11,0,2,0,142,44,36,55.0,DF
Jaka Bijol,SVN,Udinese,25,1999,19.2,4,0,0,24,6,0,1,21,23,0,0,0,75,74,19,79.6,DF
El Bilal Touré,MLI,Atalanta,22,2001,3.0,1,0,0,11,4,1,1,0,1,1,0,0,7,11,11,50.0,FW
Cristiano Biraghi,ITA,Fiorentina,31,1992,23.2,7,0,0,40,13,1,205,14,25,0,0,0,89,7,10,41.2,DF
Davide Biraschi,ITA,Genoa,29,1994,1.0,0,0,0,0,2,0,0,2,3,0,0,0,4,1,0,100.0,DF
Samuele Birindelli,ITA,Monza,24,1999,19.3,7,0,0,25,30,1,39,17,16,0,0,0,66,7,6,53.8,DF
Alexis Blin,FRA,Lecce,27,1996,15.4,3,0,0,21,19,0,9,20,14,0,1,0,98,24,40,37.5,MF
Jérôme Boateng,GER,Salernitana,35,1988,2.6,0,0,0,2,0,1,1,4,0,0,0,0,10,8,7,53.3,DF
Emil Bohinen,NOR,Genoa,25,1999,0.4,0,0,0,0,0,0,0,0,0,0,0,0,5,1,1,50.0,MF
Emil Bohinen,NOR,Salernitana,25,1999,5.9,1,0,0,5,6,0,2,14,6,0,0,0,42,11,10,52.4,MF
Daniel Boloca,ROU,Sassuolo,25,1998,21.7,5,1,0,23,7,0,7,14,32,0,1,0,153,22,20,52.4,MF
Giacomo Bonaventura,ITA,Fiorentina,34,1989,23.2,5,0,0,18,33,0,52,14,13,0,0,0,114,11,16,40.7,MF
Federico Bonazzoli,ITA,Hellas Verona,26,1997,10.1,2,0,0,9,20,9,6,3,1,0,0,0,29,6,10,37.5,FW
Warren Bondo,FRA,Monza,20,2003,13.4,7,0,0,26,19,0,2,6,18,0,1,0,58,9,7,56.3,MF
Giovanni Bonfanti,ITA,Atalanta,21,2003,0.2,0,0,0,0,1,0,0,0,0,0,0,0,1,0,1,0.0,DF
Kevin Bonifazi,ITA,Bologna,27,1996,1.0,0,0,0,1,1,0,0,0,0,0,0,0,8,0,0,,DF
Kevin Bonifazi,ITA,Frosinone,27,1996,2.2,0,0,0,4,1,0,0,1,2,0,0,0,12,2,5,28.6,DF
Gennaro Borrelli,ITA,Frosinone,24,2000,0.3,0,0,0,0,0,2,1,0,0,0,0,0,0,0,1,0.0,FW
Erik Botheim,NOR,Salernitana,24,2000,3.5,1,0,0,2,11,0,1,0,0,0,0,0,7,2,17,10.5,FW
Player,,Squad,Ag,Born,90s,CrdY,CrdR,2CrdY,Fls,Fld,Off,Crs,Int,TklW,PKwon,PKcon,OG,Recov,Won,Lost,Won%,Po
Mehdi Bourabia,MAR,Frosinone,32,1991,2.2,1,0,0,5,1,1,2,0,4,0,2,0,19,2,3,40.0,MF
Edoardo Bove,ITA,Roma,21,2002,17.1,2,0,0,30,26,1,7,8,29,0,0,0,81,28,30,48.3,MF
Domagoj Bradarić,CRO,Salernitana,24,1999,29.7,5,0,0,14,34,0,79,30,20,0,0,0,145,21,27,43.8,DF
Josip Brekalo,CRO,Fiorentina,25,1998,7.2,0,0,0,13,6,1,24,1,6,0,0,0,26,1,4,20.0,FW
Gleison Bremer,BRA,Juventus,27,1997,32.9,8,0,0,57,17,2,1,39,39,0,1,0,174,92,51,64.3,DF
Brenner,BRA,Udinese,24,2000,0.5,0,0,0,0,1,0,0,0,3,0,0,0,5,0,0,,FW
Marco Brescianini,ITA,Frosinone,24,2000,21.9,1,0,0,33,20,4,17,9,12,0,0,0,96,18,25,41.9,MF
Dylan Bronn,TUN,Salernitana,28,1995,0.6,0,0,0,0,2,0,0,0,0,0,0,0,0,4,4,50.0,DF
Tajon Buchanan,CAN,Inter,25,1999,0.8,0,0,0,1,1,0,5,0,1,0,0,0,4,0,1,0.0,DF
Alessandro Buongiorno,ITA,Torino,24,1999,25.2,7,0,0,64,33,1,3,63,36,1,1,0,112,73,50,59.3,DF
Rareș-Cătălin Burnete,ROU,Lecce,20,2004,0.1,0,0,0,0,0,0,0,0,0,0,0,0,0,0,0,,FW
Jovane Cabral,CPV,Salernitana,25,1998,7.5,1,0,0,19,13,6,14,1,9,0,1,0,31,5,15,25.0,MF
Liberato Cacace,NZL,Empoli,23,2000,19.9,6,0,0,28,17,1,60,15,23,0,0,0,111,17,21,44.7,DF
Jens Cajuste,SWE,Napoli,24,1999,8.0,5,0,0,22,7,1,2,3,18,0,1,0,37,12,15,44.4,MF
Davide Calabria,ITA,Milan,27,1996,23.3,5,2,1,25,19,0,34,23,38,0,1,0,86,12,27,30.8,DF
Riccardo Calafiori,ITA,Bologna,21,2002,23.3,4,0,0,31,21,2,9,44,28,0,2,1,178,58,21,73.4,DF
Luca Caldirola,ITA,Monza,33,1991,23.1,7,1,1,23,17,0,4,29,13,0,1,0,56,30,23,56.6,DF
Hakan Çalhanoğlu,TUR,Inter,30,1994,26.6,5,0,0,41,22,0,147,21,31,0,0,0,158,24,17,58.5,MF
Francesco Camarda,ITA,Milan,16,2008,0.2,0,0,0,0,0,0,0,0,0,0,0,0,1,0,2,0.0,FW
Nicolò Cambiaghi,ITA,Empoli,23,2000,26.9,3,0,0,46,68,2,121,14,35,1,0,0,94,9,23,28.1,FW
Andrea Cambiaso,ITA,Juventus,24,2000,23.9,9,0,0,31,18,3,68,11,24,1,0,0,111,12,16,42.9,DF
Matteo Cancellieri,ITA,Empoli,22,2002,16.8,7,0,0,32,45,10,39,6,19,1,1,0,62,27,57,32.1,FW
Antonio Candreva,ITA,Salernitana,37,1987,29.4,5,0,0,11,42,20,216,7,13,0,0,0,87,0,1,0.0,MF
Luigi Canotto,ITA,Frosinone,29,1994,0.2,0,0,0,0,1,0,0,0,0,0,0,0,1,0,0,,FW
Gianluca Caprari,ITA,Monza,30,1993,2.8,0,0,0,2,3,2,6,2,1,0,0,0,11,0,4,0.0,MF
Player,,Squad,Ag,Born,90s,CrdY,CrdR,2CrdY,Fls,Fld,Off,Crs,Int,TklW,PKwon,PKcon,OG,Recov,Won,Lost,Won%,Po
Elia Caprile,ITA,Empoli,22,2001,19.0,0,0,0,1,7,0,0,0,0,0,0,0,14,9,2,81.8,GK
Francesco Caputo,ITA,Empoli,36,1987,12.7,0,0,0,8,13,17,1,1,0,0,0,0,18,11,21,34.4,FW
Andrea Carboni,ITA,Monza,23,2001,16.5,1,0,0,12,5,1,21,17,22,0,0,0,56,21,17,55.3,DF
Valentin Carboni,ARG,Monza,19,2005,10.7,1,0,0,18,17,2,13,5,10,0,0,0,50,3,10,23.1,MF
Marco Carnesecchi,ITA,Atalanta,23,2000,23.0,0,0,0,1,2,0,0,0,0,0,1,0,30,7,1,87.5,GK
Nicolò Casale,ITA,Lazio,26,1998,15.7,3,0,0,20,5,0,0,11,9,0,1,0,73,21,22,48.8,DF
Giuseppe Caso,ITA,Frosinone,25,1998,4.6,2,0,0,5,14,1,2,0,3,1,0,0,13,0,2,0.0,FW
Valentín Castellanos,ARG,Lazio,25,1998,16.3,2,0,0,31,27,18,14,2,10,0,0,0,45,63,59,51.6,FW
Samu Castillejo,ESP,Sassuolo,29,1995,6.0,2,0,0,11,18,1,34,1,10,0,0,0,33,2,9,18.2,FW
Santiago Castro,ARG,Bologna,19,2004,0.7,0,0,0,3,1,0,0,0,0,0,0,0,2,2,3,40.0,FW
Gaetano Castrovilli,ITA,Fiorentina,27,1997,0.9,0,0,0,2,0,1,3,1,0,0,0,0,5,3,1,75.0,MF
Danilo Cataldi,ITA,Lazio,29,1994,14.7,7,0,0,17,8,0,31,17,12,0,0,0,104,6,4,60.0,MF
Emil Ceide,NOR,Sassuolo,22,2001,2.0,0,0,0,2,1,0,5,0,2,0,0,0,7,0,3,0.0,FW
Zeki Çelik,TUR,Roma,27,1997,5.5,1,0,0,11,3,0,15,6,14,0,0,0,25,3,6,33.3,DF
Fabien Centonze,FRA,Hellas Verona,28,1996,5.5,2,0,0,11,5,1,22,10,4,0,0,0,18,8,3,72.7,DF
Michele Cerofolini,ITA,Frosinone,25,1999,3.5,1,0,0,1,0,0,0,0,0,0,1,1,1,0,0,,GK
Alberto Cerri,ITA,Empoli,28,1996,5.7,2,0,0,15,9,6,1,3,3,0,0,0,17,39,29,57.4,FW
Leonardo Cerri,ITA,Juventus,21,2003,0.1,0,0,0,0,0,0,0,0,0,0,0,0,0,0,0,,DF
Charlys,BRA,Hellas Verona,20,2004,0.0,0,0,0,0,0,0,0,0,0,0,0,0,0,0,0,,MF
Walid Cheddira,MAR,Frosinone,26,1998,19.9,0,0,0,22,35,16,3,4,6,2,0,0,36,32,58,35.6,FW
Federico Chiesa,ITA,Juventus,26,1997,21.1,1,0,0,12,36,6,108,6,7,1,0,0,58,0,8,0.0,FW
Oliver Christensen,DEN,Fiorentina,25,1999,3.0,0,0,0,1,0,0,0,0,0,0,1,0,5,0,0,,GK
Samuel Chukwueze,NGA,Milan,24,1999,9.9,1,0,0,7,10,6,14,6,7,0,0,0,54,9,16,36.0,FW
Giorgio Cittadini,ITA,Monza,22,2002,0.2,1,0,0,1,1,0,0,0,1,0,0,0,1,0,0,,DF
Giorgio Cittadini,ITA,Genoa,22,2002,0.1,0,0,0,1,1,0,0,0,1,0,0,0,1,1,0,100.0,DF
Player,,Squad,Ag,Born,90s,CrdY,CrdR,2CrdY,Fls,Fld,Off,Crs,Int,TklW,PKwon,PKcon,OG,Recov,Won,Lost,Won%,Po
Patrick Ciurria,ITA,Monza,29,1995,17.8,2,0,0,29,14,4,53,9,18,0,1,0,56,7,9,43.8,DF
Lorenzo Colombo,ITA,Monza,22,2002,15.1,3,0,0,25,24,6,2,0,12,0,0,0,35,19,64,22.9,FW
Andrea Colpani,ITA,Monza,24,1999,26.1,1,0,0,22,33,2,100,14,14,0,0,0,76,8,22,26.7,MF
Pietro Comuzzo,ITA,Fiorentina,19,2005,0.5,1,0,0,1,0,0,0,1,1,0,0,0,5,8,3,72.7,DF
Andrea Consigli,ITA,Sassuolo,37,1987,32.0,1,0,0,0,2,0,0,1,0,0,0,0,29,6,0,100.0,GK
Nikita Contini Baranovsky,ITA,Napoli,27,1996,0.2,0,0,0,0,0,0,0,0,0,0,0,0,1,0,0,,GK
Diego Coppola,ITA,Hellas Verona,20,2003,14.2,8,0,0,25,3,0,0,20,20,0,0,0,54,58,37,61.1,DF
Tommaso Corazza,ITA,Bologna,19,2004,2.1,1,0,0,1,3,0,8,5,4,0,0,0,8,0,1,0.0,DF
Jeppe Corfitzen,DEN,Lecce,19,2004,0.1,0,0,0,0,0,0,0,0,0,0,0,0,0,0,1,0.0,FW
Giacomo Corona,ITA,Empoli,20,2004,0.1,0,0,0,1,1,0,0,0,0,0,0,0,0,0,0,,FW
João Costa,BRA,Roma,19,2005,0.1,0,0,0,0,0,0,1,0,0,0,0,0,0,0,0,,MF
Benoît Costil,FRA,Salernitana,36,1987,13.0,0,0,0,0,1,0,1,0,1,0,0,0,14,0,0,,GK
Lassana Coulibaly,MLI,Salernitana,28,1996,19.6,5,0,0,31,29,1,5,14,28,0,0,0,105,25,28,47.2,MF
Mamadou Coulibaly,SEN,Salernitana,25,1999,0.0,0,0,0,0,0,0,0,0,0,0,0,0,0,0,0,,DF
Alessio Cragno,ITA,Sassuolo,29,1994,2.0,0,0,0,0,0,0,0,0,0,0,0,0,0,0,0,,GK
Bryan Cristante,ITA,Roma,29,1995,32.6,8,0,0,70,14,3,24,22,36,0,1,0,183,74,54,57.8,MF
Juan Cruz,ARG,Hellas Verona,24,1999,1.2,0,0,0,1,0,0,1,1,2,0,0,0,2,1,3,25.0,FW
Juan Cuadrado,COL,Inter,35,1988,1.7,1,0,0,2,6,1,11,0,3,0,0,0,9,0,0,,DF
Marvin Cuni,ALB,Frosinone,22,2001,5.6,0,0,0,10,12,3,4,1,3,2,0,0,17,15,32,31.9,FW
Danilo D'Ambrosio,ITA,Monza,35,1988,15.4,5,1,1,15,13,1,6,12,31,0,1,0,70,24,18,57.1,DF
Flavius Daniliuc,AUT,Salernitana,23,2001,8.3,2,0,0,14,4,0,1,8,11,0,0,0,52,20,15,57.1,DF
Danilo,BRA,Juventus,32,1991,24.2,6,0,0,23,9,1,18,32,32,0,0,0,125,34,27,55.7,DF
Matteo Darmian,ITA,Inter,34,1989,25.5,2,0,0,26,11,1,19,12,21,1,2,0,74,20,15,57.1,DF
Juan David Cabal,COL,Hellas Verona,23,2001,14.3,5,0,0,24,12,1,31,19,21,0,0,0,60,54,20,73.0,DF
Keinan Davis,ENG,Udinese,26,1998,0.5,1,0,0,3,0,1,0,0,0,0,0,0,1,4,1,80.0,FW
Player,,Squad,Ag,Born,90s,CrdY,CrdR,2CrdY,Fls,Fld,Off,Crs,Int,TklW,PKwon,PKcon,OG,Recov,Won,Lost,Won%,Po
Paweł Dawidowicz,POL,Hellas Verona,28,1995,21.7,5,0,0,30,7,0,2,20,28,0,0,1,130,56,24,70.0,DF
Charles De Ketelaere,BEL,Atalanta,23,2001,19.3,1,0,0,17,41,5,38,6,18,0,0,1,80,37,31,54.4,FW
Mattia De Sciglio,ITA,Juventus,31,1992,0.5,0,0,0,0,1,0,0,1,0,0,0,0,2,0,0,,DF
Lorenzo De Silvestri,ITA,Bologna,35,1988,6.5,0,0,0,3,5,0,5,6,5,0,0,0,17,8,4,66.7,DF
Koni De Winter,BEL,Genoa,21,2002,22.4,8,1,1,32,9,0,4,20,24,0,0,0,101,47,34,58.0,DF
Grégoire Defrel,MTQ,Sassuolo,32,1991,7.9,0,0,0,7,8,1,1,3,5,0,0,0,28,6,19,24.0,FW
Alessandro Deiola,ITA,Cagliari,28,1995,13.4,5,0,0,18,10,0,10,7,16,0,0,1,64,28,24,53.8,MF
Diego Demme,GER,Napoli,32,1991,0.8,1,0,0,1,2,0,3,0,1,0,0,0,8,1,0,100.0,MF
Leander Dendoncker,BEL,Napoli,29,1995,0.3,0,0,0,0,1,0,0,0,0,0,0,0,4,2,0,100.0,MF
Mattia Destro,ITA,Empoli,33,1991,3.3,1,0,0,5,4,3,0,2,0,0,0,0,7,12,16,42.9,FW
Federico Di Francesco,ITA,Lecce,29,1994,0.2,0,0,0,0,0,0,1,0,0,0,0,0,2,0,0,,FW
Michele Di Gregorio,ITA,Monza,26,1997,29.9,0,0,0,0,2,0,0,1,0,0,0,0,28,6,0,100.0,GK
Giovanni Di Lorenzo,ITA,Napoli,30,1993,33.0,6,0,0,25,30,4,116,21,31,0,0,0,132,26,36,41.9,DF
Alessandro Di Pardo,ITA,Cagliari,24,1999,3.5,0,0,0,2,1,0,15,5,1,0,1,0,24,3,2,60.0,DF
Boulaye Dia,SEN,Salernitana,27,1996,12.7,1,0,0,11,24,3,1,3,2,0,0,0,41,6,27,18.2,FW
Federico Dimarco,ITA,Inter,26,1997,20.8,0,0,0,10,18,5,187,8,23,0,0,0,90,5,9,35.7,DF
Koffi Djidji,CIV,Torino,31,1992,8.4,2,0,0,11,1,0,2,10,9,0,0,0,37,8,6,57.1,DF
Berat Djimsiti,ALB,Atalanta,31,1993,29.2,5,0,0,17,10,0,6,49,21,0,1,0,161,81,50,61.8,DF
Dodô,BRA,Fiorentina,25,1998,3.8,0,0,0,2,5,0,9,4,3,0,0,0,18,3,1,75.0,DF
Josh Doig,SCO,Hellas Verona,21,2002,9.2,2,0,0,7,4,1,30,4,9,0,1,0,36,5,7,41.7,DF
Josh Doig,SCO,Sassuolo,21,2002,11.1,4,0,0,10,9,0,33,11,14,0,1,0,33,14,9,60.9,DF
Nicolás Domínguez,ARG,Bologna,25,1998,1.1,0,0,0,3,0,0,0,0,0,0,0,0,7,1,0,100.0,MF
Giulio Donati,ITA,Monza,34,1990,0.2,1,0,0,1,0,0,2,0,0,0,0,0,1,0,2,0.0,DF
Patrick Dorgu,DEN,Lecce,19,2004,14.4,5,0,0,20,39,0,39,9,19,0,0,0,71,22,17,56.4,DF
Alberto Dossena,ITA,Cagliari,25,1998,30.2,4,0,0,37,40,0,1,40,34,0,0,2,176,101,63,61.6,DF
Player,,Squad,Ag,Born,90s,CrdY,CrdR,2CrdY,Fls,Fld,Off,Crs,Int,TklW,PKwon,PKcon,OG,Recov,Won,Lost,Won%,Po
Radu Drăgușin,ROU,Genoa,22,2002,19.0,1,0,0,14,14,0,1,21,11,0,0,0,62,58,25,69.9,DF
Ondrej Duda,SVK,Hellas Verona,29,1994,24.3,13,2,2,48,46,0,73,20,34,0,0,0,177,4,16,20.0,MF
Denzel Dumfries,NED,Inter,28,1996,16.6,2,1,0,23,17,4,44,11,12,0,0,0,51,31,17,64.6,DF
Alfred Duncan,GHA,Fiorentina,31,1993,19.3,2,0,0,26,14,3,63,10,20,0,0,0,110,26,27,49.1,MF
Paulo Dybala,ARG,Roma,30,1993,20.0,3,0,0,11,47,5,78,3,13,0,0,0,76,6,19,24.0,FW
Festy Ebosele,IRL,Udinese,21,2002,18.1,6,1,1,28,43,1,43,7,20,1,3,0,69,14,15,48.3,DF
Enzo Ebosse,CMR,Udinese,25,1999,0.1,0,0,0,0,0,0,0,1,1,0,0,0,3,0,0,,DF
Tyronne Ebuehi,NGA,Empoli,28,1995,12.2,0,0,0,7,9,3,23,6,9,0,0,0,70,8,18,30.8,DF
Éderson,BRA,Atalanta,24,1999,28.9,8,0,0,42,30,0,16,38,45,0,0,0,169,32,22,59.3,MF
Kingsley Ehizibue,NED,Udinese,28,1995,7.8,4,0,0,10,14,4,10,6,11,0,0,0,31,9,11,45.0,DF
Emmanuel Ekong,SWE,Empoli,21,2002,0.1,0,0,0,0,1,0,0,0,0,0,0,0,0,0,0,,FW
Caleb Ekuban,GHA,Genoa,30,1994,10.2,0,0,0,13,22,2,3,1,4,1,0,0,33,28,29,49.1,FW
Elif Elmas,MKD,Napoli,24,1999,3.8,2,0,0,7,6,1,6,2,3,0,0,0,19,1,6,14.3,FW
Martin Erlic,CRO,Sassuolo,26,1998,25.9,5,0,0,28,23,0,3,24,19,0,2,0,103,52,46,53.1,DF
Giovanni Fabbian,ITA,Bologna,21,2003,10.0,3,0,0,13,17,2,4,7,7,0,0,0,28,13,20,39.4,MF
Nicolò Fagioli,ITA,Juventus,23,2001,3.8,0,0,0,1,5,1,18,3,2,0,0,0,15,1,0,100.0,MF
Wladimiro Falcone,ITA,Lecce,29,1995,34.0,0,0,0,0,4,0,0,1,0,1,0,0,29,4,0,100.0,GK
Davide Faraoni,ITA,Hellas Verona,32,1991,6.7,5,0,0,11,9,0,19,6,10,0,0,0,38,9,7,56.3,DF
Davide Faraoni,ITA,Fiorentina,32,1991,3.3,0,0,0,2,5,0,13,5,4,0,1,0,8,3,7,30.0,DF
Federico Fazio,ARG,Salernitana,37,1987,12.3,3,1,0,7,6,0,0,11,9,0,1,0,46,40,15,72.7,DF
Jacopo Fazzini,ITA,Empoli,21,2003,12.0,5,0,0,18,22,0,51,10,24,1,0,0,69,14,28,33.3,MF
Lewis Ferguson,SCO,Bologna,24,1999,30.1,8,0,0,52,72,4,11,17,21,1,1,0,142,34,40,45.9,MF
João Ferreira,POR,Udinese,23,2001,18.8,9,0,0,35,10,2,20,29,38,1,1,0,100,18,13,58.1,DF
Seydou Fini,ITA,Genoa,17,2006,0.4,0,0,0,0,2,0,1,0,0,0,0,0,1,1,2,33.3,DF
Alessandro Florenzi,ITA,Milan,33,1991,16.3,5,0,0,11,9,2,88,17,20,0,0,0,79,7,17,29.2,DF
Player,,Squad,Ag,Born,90s,CrdY,CrdR,2CrdY,Fls,Fld,Off,Crs,Int,TklW,PKwon,PKcon,OG,Recov,Won,Lost,Won%,Po
Michael Folorunsho,ITA,Hellas Verona,26,1998,29.1,4,0,0,46,66,9,61,17,28,1,0,0,142,67,67,50.0,MF
Davide Frattesi,ITA,Inter,24,1999,7.9,1,0,0,10,11,0,11,4,2,1,0,0,34,9,11,45.0,MF
Morten Frendrup,DEN,Genoa,23,2001,30.0,6,0,0,44,31,1,10,42,66,0,1,0,174,30,24,55.6,MF
Remo Freuler,SUI,Bologna,32,1992,26.4,9,0,0,41,15,0,9,34,43,0,0,0,126,19,26,42.2,MF
Matteo Gabbia,ITA,Milan,24,1999,12.0,4,0,0,24,7,0,0,10,18,0,0,0,52,27,10,73.0,DF
Gianluca Gaetano,ITA,Cagliari,23,2000,6.1,1,0,0,7,10,2,9,3,3,0,0,0,34,3,16,15.8,FW
Gianluca Gaetano,ITA,Napoli,23,2000,1.8,1,0,0,3,1,0,3,1,1,1,0,0,15,1,3,25.0,MF
Roberto Gagliardini,ITA,Monza,30,1994,24.7,5,0,0,24,20,1,5,31,29,0,1,0,137,41,35,53.9,MF
Pablo Galdames Millán,CHI,Genoa,27,1996,0.1,0,0,0,1,0,0,0,0,0,0,0,0,2,1,1,50.0,MF
Antonino Gallo,ITA,Lecce,24,2000,24.0,2,0,0,8,17,3,116,24,24,0,0,0,131,20,28,41.7,DF
Luca Garritano,ITA,Frosinone,30,1994,5.4,1,0,0,6,7,0,16,4,5,0,0,0,34,3,7,30.0,MF
Federico Gatti,ITA,Juventus,25,1998,26.7,7,0,0,33,15,0,19,19,17,1,0,2,105,44,27,62.0,DF
Francesco Gelli,ITA,Frosinone,27,1996,16.4,2,0,0,13,36,1,52,11,12,0,0,0,78,14,14,50.0,MF
Luca Gemello,ITA,Torino,23,2000,1.0,0,0,0,0,0,0,0,0,0,0,0,0,0,0,0,,GK
Valentin Gendrey,FRA,Lecce,23,2000,30.5,5,0,0,25,36,3,52,34,32,0,1,0,90,48,36,57.1,DF
Farés Ghedjemis,FRA,Frosinone,21,2002,2.0,1,0,0,2,0,1,6,1,0,0,0,0,10,1,2,33.3,FW
Lautaro Gianetti,ARG,Udinese,30,1993,7.0,4,0,0,9,0,0,0,19,4,0,0,1,25,8,8,50.0,DF
Mario Gila,ESP,Lazio,23,2000,18.2,4,1,1,19,20,0,8,17,12,0,0,0,96,27,41,39.7,DF
Gvidas Gineitis,LTU,Torino,20,2004,6.0,2,0,0,9,3,0,22,4,7,0,0,0,37,7,5,58.3,MF
Olivier Giroud,FRA,Milan,37,1986,23.7,1,1,0,30,22,14,3,5,8,0,1,0,28,53,49,52.0,FW
Edoardo Goldaniga,ITA,Cagliari,30,1993,11.2,3,0,0,14,10,3,10,15,7,0,0,0,37,18,18,50.0,DF
Pierluigi Gollini,ITA,Napoli,29,1995,7.0,0,0,0,0,1,0,0,1,1,0,0,0,12,2,0,100.0,GK
Papu Gómez,ARG,Monza,36,1988,0.5,0,0,0,0,0,0,5,1,0,0,0,0,3,0,0,,MF
Iron Gomis,FRA,Salernitana,24,1999,1.5,0,0,0,2,2,1,1,2,1,0,0,0,10,3,0,100.0,MF
Joan Gonzàlez,ESP,Lecce,22,2002,13.1,6,0,0,14,30,1,9,4,16,0,0,0,72,21,35,37.5,MF
Player,,Squad,Ag,Born,90s,CrdY,CrdR,2CrdY,Fls,Fld,Off,Crs,Int,TklW,PKwon,PKcon,OG,Recov,Won,Lost,Won%,Po
Nicolás González,ARG,Fiorentina,26,1998,17.9,1,0,0,18,35,1,36,10,17,0,0,0,67,49,39,55.7,FW
Alberto Grassi,ITA,Empoli,29,1995,18.6,4,0,0,21,33,0,5,39,14,0,0,1,109,23,26,46.9,MF
Mattéo Guendouzi,FRA,Lazio,25,1999,23.9,2,1,0,25,31,0,40,19,13,0,1,0,108,11,23,32.4,MF
Axel Guessand,FRA,Udinese,19,2004,0.5,0,0,0,0,1,0,0,0,1,0,0,0,3,1,1,50.0,DF
Albert Guðmundsson,ISL,Genoa,26,1997,30.6,4,0,0,26,45,9,163,10,10,1,0,0,123,3,20,13.0,FW
Emmanuel Gyasi,GHA,Empoli,30,1994,17.4,5,0,0,33,20,5,20,5,15,0,0,0,74,12,30,28.6,DF
Norbert Gyömbér,SVK,Salernitana,31,1992,18.7,9,0,0,31,17,0,0,23,18,0,1,1,108,30,26,53.6,DF
Nicolas Haas,SUI,Empoli,28,1996,1.0,1,0,0,1,1,0,0,1,3,0,0,0,9,3,0,100.0,MF
Ridgeciano Haps,SUR,Genoa,30,1993,8.1,0,0,0,3,13,1,13,6,6,0,0,0,30,9,6,60.0,DF
Abdou Harroui,NED,Frosinone,26,1998,9.4,2,0,0,16,15,1,10,3,8,0,0,0,46,9,7,56.3,MF
Hans Hateboer,NED,Atalanta,30,1994,9.3,4,0,0,12,3,0,25,2,5,0,1,0,31,13,9,59.1,DF
Pantelis Hatzidiakos,GRE,Cagliari,27,1997,9.0,1,0,0,7,4,0,5,12,10,0,0,0,49,5,8,38.5,DF
Silvan Hefti,SUI,Genoa,26,1997,1.3,0,0,0,2,1,0,2,0,1,0,0,0,3,2,2,50.0,MF
Liam Henderson,SCO,Empoli,28,1996,0.1,0,0,0,0,0,0,1,0,0,0,0,0,0,0,0,,MF
Matheus Henrique,BRA,Sassuolo,26,1997,24.9,6,0,0,19,36,2,24,22,26,0,0,0,120,12,10,54.5,MF
Thomas Henry,FRA,Hellas Verona,29,1994,3.7,2,1,0,14,5,3,2,0,0,0,0,0,7,19,20,48.7,FW
Theo Hernández,FRA,Milan,26,1997,28.8,11,1,0,36,46,1,65,21,15,1,1,0,162,27,16,62.8,DF
Isak Hien,SWE,Hellas Verona,25,1999,9.6,1,1,0,11,2,0,0,7,10,0,0,0,66,34,24,58.6,DF
Isak Hien,SWE,Atalanta,25,1999,6.1,2,0,0,10,4,2,0,8,8,0,0,0,38,17,10,63.0,DF
Emil Holm,SWE,Atalanta,23,2000,9.2,5,0,0,12,17,1,33,7,16,2,0,0,50,24,24,50.0,DF
Martin Hongla,CMR,Hellas Verona,26,1998,12.0,0,0,0,6,6,1,4,7,13,0,0,0,79,9,10,47.4,MF
Sydney van Hooijdonk,NED,Bologna,24,2000,2.4,0,0,0,6,2,1,1,1,0,0,0,0,3,5,12,29.4,FW
Dean Huijsen,ESP,Roma,19,2005,5.7,4,0,0,10,2,0,1,4,5,1,0,1,24,9,7,56.3,DF
Dean Huijsen,ESP,Juventus,19,2005,0.1,0,0,0,0,0,0,0,0,0,0,0,0,1,0,0,,DF
Elseid Hysaj,ALB,Lazio,30,1994,10.0,2,0,0,9,6,2,14,11,11,0,0,0,60,12,10,54.5,DF
Player,,Squad,Ag,Born,90s,CrdY,CrdR,2CrdY,Fls,Fld,Off,Crs,Int,TklW,PKwon,PKcon,OG,Recov,Won,Lost,Won%,Po
Arijon Ibrahimović,GER,Frosinone,18,2005,5.2,1,0,0,3,4,2,7,1,6,0,0,0,19,5,8,38.5,FW
Jonathan Ikone,FRA,Fiorentina,25,1998,16.9,5,0,0,14,11,4,11,2,11,1,0,0,56,10,22,31.3,FW
Chukwubuikem Ikwuemesi,NGA,Salernitana,22,2001,10.3,2,0,0,29,17,8,2,1,0,0,0,0,17,23,51,31.1,FW
Ivan Ilić,SRB,Torino,23,2001,19.3,3,0,0,19,19,1,74,16,6,0,1,0,95,16,18,47.1,MF
Samuel Iling-Junior,ENG,Juventus,20,2003,6.5,1,0,0,12,4,1,36,4,11,0,0,0,34,8,3,72.7,DF
Ciro Immobile,ITA,Lazio,34,1990,16.7,8,0,0,20,27,12,7,5,7,2,0,0,32,13,23,36.1,FW
Gino Infantino,ARG,Fiorentina,20,2003,0.9,1,0,0,3,1,0,0,1,1,0,0,0,2,1,5,16.7,MF
Gustav Isaksen,DEN,Lazio,23,2001,11.9,3,0,0,17,24,3,29,4,3,0,0,0,41,4,7,36.4,FW
Ardian Ismajli,ALB,Empoli,27,1996,18.7,1,0,0,13,9,0,4,19,15,0,1,0,67,43,32,57.3,DF
Armando Izzo,ITA,Monza,32,1992,14.8,9,0,0,26,17,1,3,23,15,0,0,0,70,12,16,42.9,DF
Filip Jagiełło,POL,Genoa,26,1997,0.4,0,0,0,0,0,0,0,1,0,0,0,0,3,0,0,,MF
Jakub Jankto,CZE,Cagliari,28,1996,9.7,0,0,0,9,8,1,26,5,9,0,0,0,33,3,8,27.3,MF
Juan Jesus,BRA,Napoli,32,1991,21.5,7,0,0,28,8,0,0,21,17,0,1,0,104,45,44,50.6,DF
Alejandro Jiménez,ESP,Milan,18,2005,0.8,1,0,0,2,1,0,1,0,1,0,0,0,2,0,0,,DF
Kaio Jorge,BRA,Frosinone,22,2002,8.8,2,0,0,8,10,2,3,1,4,0,0,0,29,8,22,26.7,FW
Luka Jović,SRB,Milan,26,1997,8.7,2,1,0,7,10,2,1,1,4,0,0,0,18,14,12,53.8,FW
Hamed Junior Traorè,CIV,Napoli,24,2000,3.9,1,0,0,3,7,1,7,2,1,0,0,0,18,1,5,16.7,MF
Mohamed Kaba,FRA,Lecce,22,2001,15.3,4,1,1,26,21,0,7,12,23,0,0,0,84,21,18,53.8,MF
Christian Kabasele,BEL,Udinese,33,1991,9.6,5,0,0,15,9,0,2,12,7,0,2,0,22,26,10,72.2,DF
Yayah Kallon,SLE,Hellas Verona,22,2001,0.0,0,0,0,0,0,0,0,0,0,0,0,0,0,1,0,100.0,FW
Pierre Kalulu,FRA,Milan,23,2000,2.0,0,0,0,1,2,0,2,1,0,0,0,0,10,3,4,42.9,DF
Daichi Kamada,JPN,Lazio,27,1996,13.7,1,0,0,32,12,1,10,14,28,0,0,0,62,3,16,15.8,MF
Hassane Kamara,CIV,Udinese,30,1994,20.9,4,0,0,18,7,6,60,25,24,0,0,0,118,14,12,53.8,DF
Yann Karamoh,FRA,Torino,25,1998,1.8,0,0,0,2,3,2,5,0,0,0,0,0,10,2,2,50.0,MF
Jesper Karlsson,SWE,Bologna,25,1998,3.6,0,0,0,2,1,1,21,3,3,0,0,0,14,0,2,0.0,FW
Player,,Squad,Ag,Born,90s,CrdY,CrdR,2CrdY,Fls,Fld,Off,Crs,Int,TklW,PKwon,PKcon,OG,Recov,Won,Lost,Won%,Po
Rick Karsdorp,NED,Roma,29,1995,13.2,2,0,0,9,9,0,28,9,18,1,0,0,50,5,2,71.4,DF
Grigoris Kastanos,CYP,Salernitana,26,1998,14.7,5,0,0,18,38,1,37,8,12,0,0,0,78,21,31,40.4,MF
Michael Kayode,ITA,Fiorentina,19,2004,21.0,2,0,0,14,16,1,62,16,28,0,0,0,97,16,16,50.0,DF
Moise Kean,ITA,Juventus,24,2000,6.6,2,0,0,13,10,7,1,2,4,0,0,0,17,8,4,66.7,FW
Simon Kjær,DEN,Milan,35,1989,13.0,1,0,0,9,2,0,1,14,15,1,0,0,59,23,17,57.5,DF
Davy Klaassen,NED,Inter,31,1993,1.8,1,0,0,2,0,1,0,2,2,0,0,0,9,4,1,80.0,MF
Sead Kolašinac,BIH,Atalanta,30,1993,24.2,4,0,0,29,20,1,9,21,32,0,0,0,151,34,33,50.7,DF
Teun Koopmeiners,NED,Atalanta,26,1998,25.7,4,0,0,47,22,3,102,9,22,0,1,0,127,25,32,43.9,MF
Filip Kostić,SRB,Juventus,31,1992,19.3,2,0,0,19,18,6,157,9,23,0,0,0,72,10,16,38.5,DF
Christian Kouamé,CIV,Fiorentina,26,1997,10.4,0,0,0,14,20,0,19,0,2,0,0,0,61,50,38,56.8,FW
Viktor Kovalenko,UKR,Empoli,28,1996,6.8,1,0,0,7,10,2,13,1,2,0,0,0,23,8,13,38.1,MF
Rasmus Kristensen,DEN,Roma,26,1997,17.4,5,0,0,14,6,1,40,5,15,1,0,1,62,29,19,60.4,DF
Thomas Kristensen,DEN,Udinese,22,2002,19.3,4,1,1,19,5,1,0,25,22,0,0,0,60,49,33,59.8,DF
Nikola Krstović,MNE,Lecce,24,2000,22.8,4,1,0,42,49,13,3,4,4,1,0,0,61,54,72,42.9,FW
Rade Krunić,BIH,Milan,30,1993,7.6,3,0,0,10,11,0,4,11,8,0,0,0,41,11,6,64.7,MF
Marash Kumbulla,ALB,Sassuolo,24,2000,1.5,1,0,0,0,0,0,0,0,0,0,0,0,1,0,1,0.0,DF
Justin Kumi,ITA,Sassuolo,19,2004,0.0,0,0,0,0,0,0,0,0,0,0,0,0,0,0,0,,FW
Berkan Kutlu,TUR,Genoa,26,1998,2.2,0,0,0,4,4,0,12,4,4,0,0,0,6,2,2,50.0,MF
Khvicha Kvaratskhelia,GEO,Napoli,23,2001,27.6,6,0,0,21,74,4,89,12,19,2,0,0,89,9,18,33.3,FW
Giorgi Kvernadze,GEO,Frosinone,21,2003,0.7,0,0,0,3,1,0,1,1,0,0,0,0,4,0,0,,FW
Giorgos Kyriakopoulos,GRE,Monza,28,1996,17.1,3,0,0,15,13,2,75,12,9,0,1,0,65,11,16,40.7,DF
Gianluca Lapadula,PER,Cagliari,34,1990,10.2,3,0,0,15,12,10,6,2,1,0,0,0,21,13,26,33.3,FW
Armand Lauriente,FRA,Sassuolo,25,1998,29.1,5,0,0,31,47,4,123,13,15,0,0,0,126,4,18,18.2,FW
Valentino Lazaro,AUT,Torino,28,1996,21.3,3,0,0,12,9,1,120,8,10,0,0,0,101,14,19,42.4,DF
Darko Lazović,SRB,Hellas Verona,33,1990,18.2,0,1,0,5,4,10,71,3,13,0,0,0,53,8,9,47.1,FW
Player,,Squad,Ag,Born,90s,CrdY,CrdR,2CrdY,Fls,Fld,Off,Crs,Int,TklW,PKwon,PKcon,OG,Recov,Won,Lost,Won%,Po
Manuel Lazzari,ITA,Lazio,30,1993,17.3,3,1,0,14,19,1,52,12,18,0,0,0,68,5,14,26.3,DF
Nicola Leali,ITA,Genoa,31,1993,1.0,0,0,0,0,0,0,0,0,0,0,0,0,1,0,0,,GK
Rafael Leão,POR,Milan,24,1999,25.7,5,0,0,20,51,15,98,9,10,2,1,0,75,22,17,56.4,FW
Jesper Lindstrøm,DEN,Napoli,24,2000,3.8,2,0,0,5,3,2,6,2,2,0,0,0,13,1,2,33.3,FW
Karol Linetty,POL,Torino,29,1995,17.6,10,0,0,43,18,1,16,16,19,0,0,0,88,17,16,51.5,MF
Luca Lipani,ITA,Sassuolo,18,2005,2.5,0,0,0,3,0,0,1,4,3,0,0,0,15,4,6,40.0,MF
Pol Lirola,ESP,Frosinone,26,1997,13.4,1,0,0,5,10,2,22,17,13,0,0,0,66,11,18,37.9,DF
Marcin Listkowski,POL,Lecce,26,1998,0.1,0,0,0,0,0,0,0,0,0,0,0,0,0,0,0,,FW
Diego Llorente,ESP,Roma,30,1993,22.1,5,0,0,23,23,0,5,19,19,0,1,0,89,39,43,47.6,DF
Stanislav Lobotka,SVK,Napoli,29,1994,32.5,4,0,0,27,35,0,3,25,35,0,0,0,217,9,20,31.0,MF
Manuel Locatelli,ITA,Juventus,26,1998,30.4,6,0,0,34,22,2,9,25,39,0,0,0,155,23,15,60.5,MF
Ruben Loftus-Cheek,ENG,Milan,28,1996,23.0,5,0,0,39,45,1,13,9,18,1,0,0,91,43,31,58.1,MF
Ademola Lookman,NGA,Atalanta,26,1997,18.1,4,0,0,26,27,9,60,8,13,0,0,0,73,15,21,41.7,FW
Maxime Lopez,FRA,Fiorentina,26,1997,7.1,1,0,0,8,4,0,14,2,7,0,0,0,35,2,2,50.0,MF
Maxime Lopez,FRA,Sassuolo,26,1997,1.6,0,1,0,2,2,0,0,2,1,0,0,0,10,0,1,0.0,MF
Matteo Lovato,ITA,Torino,24,2000,4.7,2,0,0,13,0,0,0,12,7,0,1,0,18,11,8,57.9,DF
Matteo Lovato,ITA,Salernitana,24,2000,10.5,2,0,0,7,5,0,1,18,14,0,2,0,47,15,18,45.5,DF
Sandi Lovrić,SVN,Udinese,26,1998,22.1,1,1,0,25,23,1,82,21,12,0,0,0,118,8,18,30.8,MF
Lorenzo Lucca,ITA,Udinese,23,2000,25.5,6,0,0,43,47,17,6,3,9,0,0,0,60,87,75,53.7,FW
Jhon Lucumí,COL,Bologna,25,1998,20.6,0,0,0,8,12,0,1,11,27,0,0,0,130,22,22,50.0,DF
José Luis Palomino,ARG,Atalanta,34,1990,0.3,0,0,0,0,0,0,0,1,1,0,0,0,3,3,0,100.0,DF
Romelu Lukaku,BEL,Roma,30,1993,26.6,4,1,0,24,15,24,11,0,4,0,0,0,51,48,50,49.0,FW
Karlo Lulić,CRO,Frosinone,27,1996,0.2,0,0,0,0,0,0,0,1,0,0,0,0,2,0,1,0.0,MF
Sebastiano Luperto,ITA,Empoli,27,1996,34.0,4,0,0,26,15,1,10,27,23,0,0,0,127,65,54,54.6,DF
Mateus Lusuardi,BRA,Frosinone,20,2004,2.4,1,0,0,2,0,0,1,4,1,0,1,0,7,3,1,75.0,DF
Player,,Squad,Ag,Born,90s,CrdY,CrdR,2CrdY,Fls,Fld,Off,Crs,Int,TklW,PKwon,PKcon,OG,Recov,Won,Lost,Won%,Po
Zito Luvumbo,ANG,Cagliari,22,2002,18.5,5,0,0,29,55,11,72,1,4,1,0,0,57,4,24,14.3,FW
Charalambos Lykogiannis,GRE,Bologna,30,1993,9.0,2,0,0,10,0,2,50,5,5,0,0,0,29,12,11,52.2,DF
Giulio Maggiore,ITA,Salernitana,26,1998,18.6,9,1,1,38,37,1,3,23,28,0,1,0,129,22,41,34.9,MF
Giangiacomo Magnani,ITA,Hellas Verona,28,1995,25.0,5,0,0,23,23,0,12,41,18,1,0,0,134,40,29,58.0,DF
Mike Maignan,FRA,Milan,28,1995,29.0,1,1,0,1,5,0,0,1,0,0,0,0,38,7,1,87.5,GK
Antoine Makoumbou,CGO,Cagliari,25,1998,29.0,5,2,1,27,28,1,11,15,21,0,0,0,156,11,16,40.7,MF
Daniel Maldini,ITA,Monza,22,2001,3.7,0,0,0,3,5,2,9,2,2,0,0,0,11,1,5,16.7,MF
Daniel Maldini,ITA,Empoli,22,2001,2.9,1,0,0,8,5,0,5,2,2,0,0,0,6,7,5,58.3,FW
Youssef Maleh,MAR,Empoli,25,1998,25.8,10,0,0,50,33,0,45,20,46,0,2,0,158,14,33,29.8,MF
Ruslan Malinovskyi,UKR,Genoa,30,1993,16.4,7,0,0,30,17,0,18,4,17,0,0,0,84,22,19,53.7,MF
Gianluca Mancini,ITA,Roma,28,1996,29.8,9,0,0,48,31,0,24,29,16,0,0,0,99,41,33,55.4,DF
Marco Mancosu,ITA,Cagliari,35,1988,1.7,0,0,0,3,1,2,4,0,0,0,0,0,8,0,4,0.0,MF
Christos Mandas,GRE,Lazio,22,2001,6.0,0,0,0,0,1,0,0,0,0,0,0,0,7,1,0,100.0,GK
Rolando Mandragora,ITA,Fiorentina,26,1997,15.7,2,0,0,21,20,0,26,8,11,0,0,0,57,28,35,44.4,MF
Kostas Manolas,GRE,Salernitana,32,1991,5.2,0,0,0,5,3,0,1,2,5,0,0,0,16,20,8,71.4,DF
Riccardo Marchizza,ITA,Frosinone,26,1998,12.8,1,0,0,6,3,0,22,7,6,0,0,0,43,9,12,42.9,DF
Gian Marco Ferrari,ITA,Sassuolo,32,1992,21.2,4,0,0,22,19,0,11,20,8,0,3,0,88,32,33,49.2,DF
Pablo Marí,ESP,Monza,30,1993,25.3,7,0,0,32,8,0,3,32,22,0,1,0,85,34,18,65.4,DF
Mirko Marić,CRO,Monza,28,1995,3.2,0,1,0,4,5,3,1,2,0,0,0,0,11,11,17,39.3,FW
Răzvan Marin,ROU,Empoli,27,1996,17.1,1,0,0,22,13,1,77,5,17,0,0,0,75,11,10,52.4,MF
Agustín Martegani,ARG,Salernitana,23,2000,8.1,1,0,0,10,14,0,1,4,7,0,0,0,51,6,5,54.5,MF
Aarón Martín,ESP,Genoa,27,1997,10.8,4,1,1,16,15,2,80,7,6,0,0,0,38,4,7,36.4,DF
Josep Martinez,ESP,Genoa,25,1998,32.0,4,1,1,2,11,0,0,1,0,0,1,0,53,12,1,92.3,GK
Lautaro Martínez,ARG,Inter,26,1997,27.2,5,0,0,43,53,11,14,20,16,2,1,0,85,33,26,55.9,FW
Lucas Martínez Quarta,ARG,Fiorentina,27,1996,22.2,8,0,0,32,11,1,4,27,40,0,0,0,121,46,49,48.4,DF
Player,,Squad,Ag,Born,90s,CrdY,CrdR,2CrdY,Fls,Fld,Off,Crs,Int,TklW,PKwon,PKcon,OG,Recov,Won,Lost,Won%,Po
Adam Marušić,MNE,Lazio,31,1992,30.4,3,1,0,21,10,3,43,29,27,0,1,0,143,26,30,46.4,DF
Adam Masina,MAR,Udinese,30,1994,0.7,2,0,0,3,0,0,0,2,0,0,0,0,5,4,1,80.0,DF
Adam Masina,MAR,Torino,30,1994,7.5,0,0,0,14,2,0,3,6,9,0,0,0,40,18,10,64.3,DF
Alan Matturro,URU,Genoa,19,2004,1.0,0,0,0,0,0,0,0,2,1,0,0,1,6,2,1,66.7,DF
Luca Mazzitelli,ITA,Frosinone,28,1995,23.1,6,1,1,44,36,1,40,16,23,0,0,0,121,41,36,53.2,MF
Pasquale Mazzocchi,ITA,Salernitana,28,1995,14.1,4,0,0,23,9,3,42,5,19,0,0,0,72,6,26,18.8,DF
Pasquale Mazzocchi,ITA,Napoli,28,1995,3.6,0,1,0,6,6,0,10,1,2,0,0,0,15,9,5,64.3,DF
Jordi Mboula,ESP,Hellas Verona,25,1999,3.4,0,0,0,5,4,2,8,1,4,0,0,0,6,4,14,22.2,FW
Weston McKennie,USA,Juventus,25,1998,27.3,6,0,0,23,12,4,55,17,28,0,0,0,109,36,33,52.2,MF
Arthur Melo,BRA,Fiorentina,27,1996,19.8,2,0,0,18,45,0,19,16,27,1,0,0,131,7,6,53.8,MF
Leonardo Mendicino,ITA,Atalanta,17,2006,0.0,0,0,0,0,0,0,0,0,0,0,0,0,0,0,0,,MF
Alex Meret,ITA,Napoli,27,1997,26.8,0,0,0,0,2,0,0,0,0,0,0,0,49,4,1,80.0,GK
Junior Messias,BRA,Genoa,32,1991,11.7,0,0,0,7,22,5,24,5,20,0,0,0,54,15,24,38.5,MF
Nikola Milenković,SRB,Fiorentina,26,1997,24.2,4,0,0,26,21,0,0,24,18,0,1,0,98,94,22,81.0,DF
Arkadiusz Milik,POL,Juventus,30,1994,8.8,2,1,0,20,23,11,4,4,4,0,0,0,29,22,30,42.3,FW
Vanja Milinković-Savić,SRB,Torino,27,1997,33.0,2,0,0,0,2,0,0,1,0,0,0,0,45,9,2,81.8,GK
Yerry Mina,COL,Fiorentina,29,1994,0.5,1,0,0,3,2,0,0,0,1,0,0,0,6,1,0,100.0,DF
Yerry Mina,COL,Cagliari,29,1994,9.5,2,0,0,10,12,0,1,3,9,0,1,0,36,24,12,66.7,DF
Aleksei Miranchuk,RUS,Atalanta,28,1995,11.0,1,0,0,11,29,2,73,2,5,0,0,0,55,7,11,38.9,MF
Kevin Miranda,ITA,Sassuolo,21,2003,0.2,0,0,0,0,0,0,0,0,0,0,0,0,1,0,0,,DF
Antonio Mirante,ITA,Milan,40,1983,1.0,0,0,0,0,0,0,0,0,0,0,0,0,0,1,0,100.0,GK
Fabio Miretti,ITA,Juventus,20,2003,11.2,2,0,0,16,28,1,30,7,13,0,0,0,63,3,10,23.1,MF
Filippo Missori,ITA,Sassuolo,20,2004,1.4,0,0,0,0,1,0,3,2,2,0,0,0,5,2,0,100.0,DF
Stefan Mitrović,SRB,Hellas Verona,21,2002,3.5,0,0,0,7,4,1,13,0,3,0,0,0,16,4,9,30.8,FW
Henrikh Mkhitaryan,ARM,Inter,35,1989,29.6,4,0,0,34,28,3,31,29,33,1,0,0,180,15,15,50.0,MF
Player,,Squad,Ag,Born,90s,CrdY,CrdR,2CrdY,Fls,Fld,Off,Crs,Int,TklW,PKwon,PKcon,OG,Recov,Won,Lost,Won%,Po
Ilario Monterisi,ITA,Frosinone,22,2001,16.2,1,0,0,10,17,1,5,8,13,1,1,0,77,41,28,59.4,DF
Lorenzo Montipò,ITA,Hellas Verona,28,1996,34.0,0,0,0,0,3,0,0,0,1,0,0,0,45,5,1,83.3,GK
Nikola Moro,CRO,Bologna,26,1998,8.0,0,0,0,11,6,0,10,6,14,0,0,0,38,3,10,23.1,MF
Dany Mota,POR,Monza,25,1998,20.1,3,0,0,20,24,6,76,2,6,2,0,0,66,36,46,43.9,FW
Samuele Mulattieri,ITA,Sassuolo,23,2000,4.2,1,0,0,5,3,0,0,1,1,1,0,0,17,22,29,43.1,FW
Luis Muriel,COL,Atalanta,33,1991,4.5,0,0,0,6,14,1,31,1,2,0,0,0,18,6,7,46.2,FW
Yunus Musah,USA,Milan,21,2002,14.6,5,0,0,21,18,2,25,10,12,0,0,0,68,11,18,37.9,MF
Juan Musso,ARG,Atalanta,29,1994,10.0,0,0,0,1,0,0,0,0,0,0,1,0,21,2,0,100.0,GK
Kingstone Mutandwa,ZAM,Cagliari,21,2003,0.1,0,0,0,0,0,0,0,0,0,0,0,0,1,3,2,60.0,MF
Obite N'Dicka,CIV,Roma,24,1999,20.1,5,0,0,21,15,0,9,12,15,0,0,0,95,28,21,57.1,DF
Nahitan Nández,URU,Cagliari,28,1995,21.7,6,0,0,42,21,6,135,16,31,0,0,0,121,24,38,38.7,MF
Natan,BRA,Napoli,23,2001,10.6,3,1,1,13,6,0,5,8,10,0,0,0,39,25,23,52.1,DF
Michel Ndary Adopo,FRA,Atalanta,23,2000,1.0,0,0,0,1,1,1,1,0,2,0,0,0,10,2,1,66.7,MF
Dan Ndoye,SUI,Bologna,23,2000,17.3,4,0,0,26,52,6,43,8,14,0,0,0,97,6,15,28.6,FW
Cyril Ngonge,BEL,Hellas Verona,23,2000,15.9,4,0,0,31,22,3,51,4,9,0,0,0,55,24,42,36.4,FW
Cyril Ngonge,BEL,Napoli,23,2000,2.4,2,0,0,2,8,1,11,0,1,0,0,0,12,4,2,66.7,FW
M'Baye Niang,SEN,Empoli,29,1994,6.1,0,0,0,10,22,6,3,1,1,0,0,0,12,14,26,35.0,FW
Hans Nicolussi Caviglia,ITA,Juventus,23,2000,2.8,1,0,0,1,9,0,17,0,1,0,0,0,16,2,2,50.0,MF
Joseph Nonge,BEL,Juventus,18,2005,0.3,1,0,0,3,1,0,0,0,0,0,1,0,1,1,0,100.0,MF
Tijjani Noslin,NED,Hellas Verona,24,1999,10.9,1,0,0,11,8,2,13,2,4,1,0,0,48,37,52,41.6,FW
Simeon Nwankwo,NGA,Salernitana,31,1992,7.3,0,0,0,10,17,2,0,0,3,0,0,0,13,24,39,38.1,FW
M'Bala Nzola,ANG,Fiorentina,27,1996,14.7,1,0,0,32,7,19,6,0,6,1,0,0,44,47,58,44.8,FW
Adam Obert,SVK,Cagliari,21,2002,7.4,1,0,0,11,2,0,10,14,6,0,0,0,44,12,11,52.2,DF
Pedro Obiang,EQG,Sassuolo,32,1992,2.6,0,0,0,4,0,0,0,7,3,0,0,0,11,1,3,25.0,MF
Guillermo Ochoa,MEX,Salernitana,38,1985,21.0,0,0,0,0,0,0,0,0,0,0,0,0,18,2,0,100.0,GK
Player,,Squad,Ag,Born,90s,CrdY,CrdR,2CrdY,Fls,Fld,Off,Crs,Int,TklW,PKwon,PKcon,OG,Recov,Won,Lost,Won%,Po
Jens Odgaard,DEN,Bologna,25,1999,2.8,1,0,0,10,6,4,3,1,3,0,0,0,10,6,14,30.0,FW
Noah Okafor,SUI,Milan,23,2000,8.4,1,0,0,12,7,2,19,0,3,0,0,0,24,7,12,36.8,FW
David Okereke,NGA,Torino,26,1997,2.7,0,0,0,2,3,2,4,1,1,0,0,0,9,7,8,46.7,FW
Caleb Okoli,ITA,Frosinone,22,2001,28.5,8,0,0,22,21,0,2,26,28,0,2,0,150,70,51,57.9,DF
Maduka Okoye,NGA,Udinese,24,1999,17.0,2,0,0,1,4,0,0,1,0,0,1,0,14,6,1,85.7,GK
Mathías Olivera,URU,Napoli,26,1997,13.5,3,0,0,7,8,1,25,13,21,0,0,0,79,30,23,56.6,DF
Gaetano Oristanio,ITA,Cagliari,21,2002,11.6,1,0,0,35,26,1,28,9,10,0,0,0,65,16,21,43.2,FW
Riccardo Orsolini,ITA,Bologna,27,1997,18.4,2,0,0,14,39,12,93,8,12,0,0,0,67,16,14,53.3,FW
Victor Osimhen,NGA,Napoli,25,1998,19.8,6,1,1,28,26,32,13,2,5,2,0,0,39,34,43,44.2,FW
Remi Oudin,FRA,Lecce,27,1996,18.7,3,0,0,15,8,3,140,20,14,0,0,0,92,12,12,50.0,MF
Anthony Oyono,GAB,Frosinone,23,2001,13.3,4,0,0,13,11,0,11,9,26,0,0,0,73,13,9,59.1,DF
Simone Pafundi,ITA,Udinese,18,2006,0.1,0,0,0,1,0,0,1,0,0,0,0,0,0,1,0,100.0,MF
Riccardo Pagano,ITA,Roma,19,2004,0.6,0,0,0,3,0,0,1,0,2,0,0,0,3,0,1,0.0,MF
Leandro Paredes,ARG,Roma,29,1994,27.0,14,0,0,30,34,0,76,29,32,0,1,0,175,14,3,82.4,MF
Fabiano Parisi,ITA,Fiorentina,23,2000,14.1,3,0,0,11,35,0,40,16,13,0,3,0,111,19,18,51.4,DF
Mario Pašalić,CRO,Atalanta,29,1995,18.2,2,0,0,16,7,6,9,14,13,0,0,0,100,33,25,56.9,MF
Triantafyllos Pasaridīs,GRE,Salernitana,27,1996,3.5,1,0,0,5,1,0,0,1,3,,,0,,,,,DF
Patric,ESP,Lazio,31,1993,14.9,3,0,0,6,4,0,8,5,8,0,0,0,64,8,11,42.1,DF
Rui Patrício,POR,Roma,36,1988,23.0,1,0,0,1,1,0,0,0,0,0,1,0,12,2,0,100.0,GK
Benjamin Pavard,FRA,Inter,28,1996,16.6,5,0,0,16,11,1,22,27,19,0,0,0,61,27,22,55.1,DF
Leonardo Pavoletti,ITA,Cagliari,35,1988,7.0,4,0,0,19,7,1,1,0,1,1,0,0,12,57,41,58.2,FW
Martín Payero,ARG,Udinese,25,1998,17.0,5,1,0,35,25,1,18,14,26,0,0,0,98,18,18,50.0,MF
Marcus Pedersen,NOR,Sassuolo,23,2000,17.6,4,0,0,12,9,0,56,10,22,0,0,0,55,9,16,36.0,DF
Pedro,ESP,Lazio,36,1987,8.8,4,0,0,13,19,4,20,3,12,0,0,0,47,2,9,18.2,FW
Pietro Pellegri,ITA,Torino,23,2001,6.4,2,0,0,10,14,5,1,0,1,0,0,0,18,21,28,42.9,FW
Player,,Squad,Ag,Born,90s,CrdY,CrdR,2CrdY,Fls,Fld,Off,Crs,Int,TklW,PKwon,PKcon,OG,Recov,Won,Lost,Won%,Po
Lorenzo Pellegrini,ITA,Roma,27,1996,17.9,7,0,0,23,29,3,62,20,18,1,0,0,84,11,14,44.0,MF
Luca Pellegrini,ITA,Lazio,25,1999,7.2,7,1,1,17,10,0,22,6,11,0,0,0,45,12,7,63.2,DF
Marco Pellegrino,,Salernitana,,,5.4,1,0,0,3,1,0,1,7,4,0,1,0,10,9,16,36.0,DF
Marco Pellegrino,,Milan,,,0.8,0,0,0,0,0,0,0,1,1,0,0,0,5,1,1,50.0,DF
Pepín,EQG,Monza,27,1996,2.7,2,0,0,2,6,0,4,0,1,0,0,0,15,0,2,0.0,MF
Pedro Pereira,POR,Monza,26,1998,8.1,3,0,0,10,3,1,32,4,7,0,0,0,36,4,5,44.4,DF
Roberto Pereyra,ARG,Udinese,33,1991,20.4,6,0,0,24,31,5,23,7,8,1,0,0,100,4,8,33.3,FW
Nehuén Pérez,ARG,Udinese,23,2000,33.0,7,1,1,32,15,0,19,41,44,0,1,0,152,73,41,64.0,DF
Mattia Perin,ITA,Juventus,31,1992,2.0,0,0,0,0,0,0,0,0,0,0,0,0,0,0,0,,GK
Samuele Perisan,ITA,Empoli,26,1997,1.0,0,0,0,0,0,0,0,0,0,0,0,0,1,0,0,,GK
Matteo Pessina,ITA,Monza,27,1997,31.8,5,1,1,27,39,1,14,25,23,0,1,0,170,30,28,51.7,MF
Andrea Petagna,ITA,Cagliari,28,1995,11.1,2,0,0,18,22,2,2,1,2,0,1,0,25,26,30,46.4,FW
Giuseppe Pezzella,ITA,Empoli,26,1997,9.4,4,0,0,11,16,1,47,1,14,0,1,0,48,12,5,70.6,DF
Roberto Piccoli,ITA,Empoli,23,2001,0.4,0,0,0,1,1,0,0,0,1,0,0,0,1,1,2,33.3,FW
Roberto Piccoli,ITA,Lecce,23,2001,13.5,4,0,0,25,12,14,6,3,6,0,0,0,34,49,76,39.2,FW
Santiago Pierotti,ARG,Lecce,23,2001,0.7,0,0,0,5,1,0,2,0,4,0,0,0,5,1,4,20.0,MF
Niccolò Pierozzi,ITA,Salernitana,22,2001,6.7,5,0,0,19,9,0,6,11,9,1,0,0,24,10,4,71.4,DF
Andrea Pinamonti,ITA,Sassuolo,24,1999,31.1,3,0,0,20,45,8,10,1,8,1,0,0,62,69,141,32.9,FW
Lorenzo Pirola,ITA,Salernitana,22,2002,19.6,4,0,0,30,14,1,2,19,18,0,2,0,76,56,33,62.9,DF
Niccolò Pisilli,ITA,Roma,19,2004,0.1,0,0,0,0,0,0,0,0,0,0,0,0,1,0,0,,MF
Tommaso Pobega,ITA,Milan,24,1999,3.3,0,0,0,8,4,0,0,6,8,0,0,0,21,2,2,50.0,MF
Paul Pogba,FRA,Juventus,31,1993,0.6,0,0,0,3,1,0,1,1,1,0,0,0,4,1,0,100.0,MF
Matteo Politano,ITA,Napoli,30,1993,23.2,2,1,0,11,36,2,117,11,8,1,0,0,81,3,11,21.4,FW
Marin Pongračić,CRO,Lecce,26,1997,31.8,10,1,1,51,18,0,1,43,27,0,0,0,155,51,35,59.3,DF
Stefan Posch,AUT,Bologna,26,1997,23.8,7,0,0,29,10,1,36,14,41,0,0,0,98,32,26,55.2,DF
Player,,Squad,Ag,Born,90s,CrdY,CrdR,2CrdY,Fls,Fld,Off,Crs,Int,TklW,PKwon,PKcon,OG,Recov,Won,Lost,Won%,Po
Matteo Prati,ITA,Cagliari,20,2003,18.6,4,0,0,17,5,0,15,12,22,0,0,0,102,7,11,38.9,MF
Ivan Provedel,ITA,Lazio,30,1994,28.0,0,0,0,0,7,0,0,0,0,0,0,0,35,3,0,100.0,GK
Christian Pulisic,USA,Milan,25,1998,24.9,2,0,0,19,39,4,88,10,26,0,0,0,87,14,25,35.9,FW
George Pușcaș,ROU,Genoa,28,1996,2.1,0,0,0,1,0,0,0,0,0,0,0,0,9,12,8,60.0,FW
Domingos Quina,POR,Udinese,24,1999,0.1,0,0,0,0,0,0,0,0,1,0,0,0,1,0,1,0.0,MF
Adrien Rabiot,FRA,Juventus,29,1995,26.7,6,0,0,37,33,5,39,25,34,0,0,0,136,48,32,60.0,MF
Uroš Račić,SRB,Sassuolo,26,1998,8.2,1,0,0,4,10,0,2,7,3,0,0,0,48,9,9,50.0,MF
Nemanja Radonjić,SRB,Torino,28,1996,4.2,1,0,0,1,5,4,11,0,1,0,0,0,13,0,5,0.0,MF
Boris Radunović,SRB,Cagliari,27,1996,7.0,0,0,0,0,2,0,0,1,0,0,0,0,6,1,1,50.0,GK
Hamza Rafia,TUN,Lecce,25,1999,12.3,4,0,0,31,32,2,32,11,28,0,0,1,65,8,19,29.6,MF
Ylber Ramadani,ALB,Lecce,28,1996,29.3,12,0,0,36,30,0,9,42,35,0,1,0,205,24,24,50.0,MF
Luca Ranieri,ITA,Fiorentina,25,1999,19.9,13,0,0,28,10,0,11,27,6,0,0,0,91,35,33,51.5,DF
Filippo Ranocchia,ITA,Empoli,22,2001,5.3,3,0,0,11,8,0,10,3,11,0,0,0,16,6,4,60.0,MF
Giacomo Raspadori,ITA,Napoli,24,2000,16.7,0,0,0,13,17,5,58,3,10,0,0,0,52,7,18,28.0,FW
Federico Ravaglia,ITA,Bologna,24,1999,4.0,0,0,0,0,0,0,0,0,0,0,0,0,3,1,0,100.0,GK
Tijjani Reijnders,NED,Milan,25,1998,27.3,7,0,0,17,18,1,36,14,23,0,0,0,117,6,16,27.3,MF
Reinier,BRA,Frosinone,22,2002,10.9,3,0,0,16,9,1,10,10,10,0,0,0,51,7,17,29.2,MF
Mateo Retegui,ITA,Genoa,25,1999,20.7,5,0,0,31,17,4,17,0,9,0,0,0,52,53,51,51.0,FW
Samuele Ricci,ITA,Torino,22,2001,22.6,7,1,1,31,36,3,52,20,13,1,0,0,111,13,21,38.2,MF
Ricardo Rodríguez,SUI,Torino,31,1992,28.5,3,0,0,24,9,1,53,22,23,0,0,0,103,38,29,56.7,DF
Alessio Romagnoli,ITA,Lazio,29,1995,23.8,7,0,0,28,16,0,1,21,14,0,0,0,113,64,47,57.7,DF
Simone Romagnoli,ITA,Frosinone,34,1990,27.4,6,0,0,21,5,0,1,28,14,0,0,0,89,86,67,56.2,DF
Luka Romero,ARG,Milan,19,2004,1.0,1,0,0,3,2,0,2,0,0,0,0,0,5,1,1,50.0,FW
Marten de Roon,NED,Atalanta,33,1991,26.9,10,0,0,39,24,3,16,37,40,0,0,0,154,34,25,57.6,MF
Nicolò Rovella,ITA,Lazio,22,2001,13.1,5,0,0,31,16,0,19,21,24,0,0,0,89,11,8,57.9,MF
Player,,Squad,Ag,Born,90s,CrdY,CrdR,2CrdY,Fls,Fld,Off,Crs,Int,TklW,PKwon,PKcon,OG,Recov,Won,Lost,Won%,Po
Amir Rrahmani,KVX,Napoli,30,1994,25.9,5,0,0,17,7,2,4,19,23,0,1,0,129,74,40,64.9,DF
Ruan,BRA,Sassuolo,24,1999,16.2,7,1,1,22,11,0,2,23,14,1,1,0,79,30,27,52.6,DF
Daniele Rugani,ITA,Juventus,29,1994,11.3,2,0,0,11,3,0,1,7,7,0,0,0,41,22,16,57.9,DF
Matteo Ruggeri,ITA,Atalanta,21,2002,24.8,3,0,0,19,9,2,90,22,13,0,1,0,157,45,32,58.4,DF
Mário Rui,POR,Napoli,32,1991,13.4,7,1,1,16,28,1,62,15,15,0,1,0,57,10,27,27.0,DF
Stefano Sabelli,ITA,Genoa,31,1993,25.1,5,0,0,34,32,3,96,23,22,0,0,0,86,14,21,40.0,DF
Alexis Saelemaekers,BEL,Bologna,24,1999,18.7,7,1,1,14,54,1,79,10,20,1,0,0,99,7,6,53.8,FW
Lazar Samardzic,SRB,Udinese,22,2002,22.4,3,0,0,24,14,0,92,10,14,0,0,0,125,14,28,33.3,MF
Junior Sambia,FRA,Salernitana,27,1996,7.7,2,0,0,8,9,0,20,7,3,0,1,0,25,22,10,68.8,DF
Antonio Sanabria,PAR,Torino,28,1996,21.3,2,0,0,20,28,3,6,5,14,0,0,0,61,51,62,45.1,FW
Renato Sanches,POR,Roma,26,1997,1.6,2,0,0,6,3,0,4,0,1,0,1,0,5,1,2,33.3,MF
Alexis Sánchez,CHI,Inter,35,1988,6.9,0,0,0,12,17,5,22,1,5,0,0,0,27,8,13,38.1,FW
Alex Sandro,BRA,Juventus,33,1991,7.2,1,0,0,15,11,0,5,12,6,0,0,0,33,10,9,52.6,DF
Nicola Sansone,ITA,Lecce,32,1991,8.0,3,0,0,15,12,0,20,4,6,0,0,0,36,7,12,36.8,FW
Riccardo Saponara,ITA,Hellas Verona,32,1991,3.8,0,0,0,1,3,2,8,0,1,0,0,0,16,1,5,16.7,FW
Saba Sazonov,GEO,Torino,22,2002,4.0,2,0,0,10,1,0,0,3,7,0,1,0,22,10,10,50.0,DF
Giorgio Scalvini,ITA,Atalanta,20,2003,24.7,3,0,0,45,6,4,4,51,31,0,2,0,147,72,36,66.7,DF
Gianluca Scamacca,ITA,Atalanta,25,1999,12.8,1,0,0,20,22,7,5,2,9,0,0,0,27,19,28,40.4,FW
Perr Schuurs,NED,Torino,24,1999,8.6,2,0,0,8,1,0,2,9,12,0,1,0,49,15,9,62.5,DF
Simone Scuffet,ITA,Cagliari,27,1996,26.0,2,0,0,0,2,0,0,1,0,0,0,0,34,3,0,100.0,GK
Demba Seck,SEN,Torino,23,2001,4.7,1,0,0,9,8,0,2,1,3,0,0,0,22,3,10,23.1,MF
Demba Seck,SEN,Frosinone,23,2001,3.3,0,0,0,9,7,2,2,1,4,0,0,0,9,3,7,30.0,FW
Nikola Sekulov,ITA,Juventus,22,2002,0.1,0,0,0,0,0,0,0,0,0,0,0,0,0,0,1,0.0,FW
Vivaldo Semedo,POR,Udinese,19,2005,0.1,0,0,0,1,2,0,0,0,0,0,0,0,1,0,0,,FW
Stefano Sensi,ITA,Inter,28,1995,0.3,0,0,0,0,0,0,1,1,0,0,0,0,1,0,0,,MF
Player,,Squad,Ag,Born,90s,CrdY,CrdR,2CrdY,Fls,Fld,Off,Crs,Int,TklW,PKwon,PKcon,OG,Recov,Won,Lost,Won%,Po
Suat Serdar,GER,Hellas Verona,27,1997,14.5,6,0,0,33,14,0,7,17,32,0,0,0,92,18,18,50.0,MF
Stephan El Shaarawy,ITA,Roma,31,1992,17.9,2,0,0,13,25,7,16,12,9,0,0,0,78,7,15,31.8,FW
Eldor Shomurodov,UZB,Cagliari,28,1995,8.0,0,0,0,10,10,2,6,3,4,0,0,0,31,14,32,30.4,FW
Steven Shpendi,ALB,Empoli,20,2003,4.4,0,0,0,12,13,4,0,1,0,0,0,0,13,2,18,10.0,FW
Marco Silvestri,ITA,Udinese,33,1991,17.0,0,0,0,0,1,0,0,0,0,0,0,0,20,2,3,40.0,GK
Giovanni Simeone,ARG,Napoli,28,1995,7.4,3,0,0,10,12,6,5,1,3,1,0,0,17,20,20,50.0,FW
Jan-Carlo Simic,SRB,Milan,18,2005,1.6,0,0,0,2,0,0,0,0,1,0,0,0,4,2,2,50.0,DF
Leo Skiri Østigård,NOR,Napoli,24,1999,15.1,3,0,0,10,8,1,1,14,10,0,0,0,71,46,19,70.8,DF
Łukasz Skorupski,POL,Bologna,32,1991,30.0,2,0,0,0,4,0,0,0,2,0,0,0,31,1,2,33.3,GK
Chris Smalling,ENG,Roma,34,1989,4.3,0,0,0,1,3,0,0,5,1,0,0,0,22,22,7,75.9,DF
Andrea Sodero,ITA,Empoli,19,2004,0.1,0,0,0,0,0,0,1,0,0,0,0,0,0,0,0,,MF
Ola Solbakken,NOR,Roma,25,1998,0.3,0,0,0,0,0,0,1,0,0,0,0,0,1,0,2,0.0,FW
Yann Sommer,SUI,Inter,35,1988,32.0,1,0,0,1,1,0,0,0,1,0,1,0,40,2,0,100.0,GK
Brandon Soppy,FRA,Torino,22,2002,2.0,0,0,0,4,6,0,3,0,2,0,0,0,14,0,1,0.0,DF
Alessandro Sorrentino,ITA,Monza,22,2002,4.1,0,0,0,0,1,0,0,0,0,0,0,0,0,0,0,,GK
Riccardo Sottil,ITA,Fiorentina,24,1999,12.3,1,0,0,8,34,6,46,2,5,0,0,0,44,7,3,70.0,FW
Matìas Soulé,ARG,Frosinone,21,2003,30.8,3,0,0,17,39,1,85,15,24,0,1,1,161,10,36,21.7,FW
Djed Spence,ENG,Genoa,23,2000,6.4,1,0,0,6,5,1,9,6,6,0,0,0,34,7,11,38.9,DF
Leonardo Spinazzola,ITA,Roma,31,1993,14.6,0,0,0,8,6,1,84,3,7,0,0,0,74,6,6,50.0,DF
Marco Sportiello,ITA,Milan,31,1992,4.0,0,0,0,0,0,0,0,0,0,0,0,0,12,0,0,,GK
Trivante Stewart,JAM,Salernitana,24,2000,1.1,0,0,0,1,0,0,2,0,0,0,0,0,3,2,6,25.0,FW
Gabriel Strefezza,BRA,Lecce,27,1997,12.4,4,0,0,20,37,3,42,7,17,0,0,0,51,4,14,22.2,FW
Kevin Strootman,NED,Genoa,34,1990,12.0,4,0,0,15,6,0,20,4,18,0,0,0,64,6,10,37.5,MF
Isaac Success,NGA,Udinese,28,1996,8.6,4,0,0,25,31,1,2,1,4,0,0,0,22,26,26,50.0,FW
Ibrahim Sulemana,GHA,Cagliari,20,2003,12.2,3,0,0,17,10,1,13,7,13,0,0,0,75,8,9,47.1,MF
Player,,Squad,Ag,Born,90s,CrdY,CrdR,2CrdY,Fls,Fld,Off,Crs,Int,TklW,PKwon,PKcon,OG,Recov,Won,Lost,Won%,Po
Tomáš Suslov,SVK,Hellas Verona,21,2002,20.9,6,0,0,37,52,1,65,5,25,0,0,0,93,5,11,31.3,MF
Mile Svilar,SRB,Roma,24,1999,11.0,1,0,0,0,2,0,0,0,0,0,0,0,11,2,0,100.0,GK
Karol Świderski,POL,Hellas Verona,27,1997,4.7,0,0,0,5,12,0,2,1,3,0,0,0,17,7,18,28.0,FW
Wojciech Szczęsny,POL,Juventus,34,1990,32.0,1,0,0,1,2,0,0,1,0,0,1,0,37,2,0,100.0,GK
Przemysław Szymiński,POL,Frosinone,29,1994,0.1,0,0,0,0,0,0,0,0,0,0,0,0,1,0,0,,MF
Adrien Tameze,CMR,Torino,30,1994,21.1,6,1,0,17,13,0,13,44,15,0,0,0,127,26,35,42.6,DF
Elayis Tavsan,NED,Hellas Verona,22,2001,0.4,0,0,0,0,0,0,0,0,0,0,0,0,1,0,0,,MF
Loum Tchaouna,FRA,Salernitana,20,2003,19.3,3,0,0,11,24,5,64,4,7,0,0,0,61,18,44,29.0,FW
Jackson Tchatchoua,BEL,Hellas Verona,22,2001,16.9,2,0,0,14,7,1,58,22,23,0,1,0,73,10,11,47.6,DF
Filippo Terracciano,ITA,Hellas Verona,21,2003,14.4,1,0,0,15,32,0,59,20,19,0,0,0,74,19,18,51.4,DF
Filippo Terracciano,ITA,Milan,21,2003,0.1,1,0,0,1,0,0,0,0,0,0,1,0,2,0,0,,DF
Pietro Terracciano,ITA,Fiorentina,34,1990,30.0,3,0,0,2,2,0,0,0,1,0,2,0,40,1,0,100.0,GK
Florian Thauvin,FRA,Udinese,31,1993,19.0,4,0,0,14,26,6,79,3,4,0,0,0,64,10,26,27.8,FW
Malick Thiaw,GER,Milan,22,2001,15.9,5,1,0,25,7,0,0,12,17,0,1,0,70,31,20,60.8,DF
Morten Thorsby,NOR,Genoa,27,1996,8.6,1,0,0,21,6,3,7,4,9,0,0,0,30,46,39,54.1,MF
Kristian Thorstvedt,NOR,Sassuolo,25,1999,23.6,6,0,0,32,33,1,14,20,19,0,0,0,97,44,58,43.1,MF
Marcus Thuram,FRA,Inter,26,1997,26.9,3,0,0,32,41,19,18,4,15,5,0,0,57,62,40,60.8,FW
Antonio Tikvić,CRO,Udinese,20,2004,0.0,0,0,0,0,0,0,0,0,0,0,0,0,0,0,0,,DF
Jeremy Toljan,GER,Sassuolo,29,1994,21.0,1,0,0,10,6,0,46,15,10,1,1,0,95,8,13,38.1,DF
Rafael Tolói,ITA,Atalanta,33,1990,7.9,5,1,1,12,3,0,5,9,5,0,0,0,46,14,10,58.3,DF
Fikayo Tomori,ENG,Milan,26,1997,20.1,7,1,1,21,9,1,2,23,21,0,0,0,95,22,20,52.4,DF
Ahmed Touba,ALG,Lecce,26,1998,3.1,1,0,0,6,1,0,0,7,4,0,0,0,16,5,6,45.5,DF
Chaka Traorè,CIV,Milan,19,2004,0.2,0,0,0,1,0,0,0,0,1,0,0,0,1,0,1,0.0,FW
Stefano Turati,ITA,Frosinone,22,2001,30.5,0,0,0,0,3,0,0,0,0,0,0,0,34,2,1,66.7,GK
Kacper Urbanski,POL,Bologna,19,2004,8.4,2,0,0,10,10,3,17,3,9,0,0,0,27,17,9,65.4,FW
Player,,Squad,Ag,Born,90s,CrdY,CrdR,2CrdY,Fls,Fld,Off,Crs,Int,TklW,PKwon,PKcon,OG,Recov,Won,Lost,Won%,Po
Emanuele Valeri,ITA,Frosinone,25,1998,9.1,2,0,0,9,3,0,54,6,13,1,0,0,45,6,6,50.0,DF
Johan Vásquez,MEX,Genoa,25,1998,26.9,5,0,0,30,34,2,28,38,30,0,1,0,88,61,48,56.0,DF
Matías Vecino,URU,Lazio,32,1991,10.7,7,0,0,26,7,2,5,10,15,0,0,0,59,31,30,50.8,MF
Lorenzo Venuti,ITA,Lecce,29,1995,3.4,1,0,0,4,1,0,7,5,3,0,1,0,18,2,3,40.0,DF
Simone Verdi,ITA,Torino,31,1992,0.0,0,0,0,0,0,0,0,0,0,0,0,0,0,0,0,,FW
Emanuel Vignato,ITA,Salernitana,23,2000,1.6,1,0,0,2,0,1,1,0,1,0,0,0,3,0,2,0.0,MF
Samuele Vignato,ITA,Monza,20,2004,3.8,2,0,0,4,4,1,8,1,4,0,0,0,13,1,5,16.7,MF
Matías Viña,URU,Sassuolo,26,1997,11.3,1,0,0,12,9,0,29,9,21,0,0,2,45,11,15,42.3,DF
Rúben Vinagre,POR,Hellas Verona,25,1999,1.3,0,0,0,3,1,0,9,1,0,0,0,0,5,1,0,100.0,FW
Nicolas Viola,ITA,Cagliari,34,1989,12.1,3,0,0,16,21,2,121,2,9,0,1,0,46,16,29,35.6,MF
Mattia Viti,ITA,Sassuolo,22,2002,9.9,0,0,0,9,14,0,1,7,15,0,1,1,42,12,10,54.5,DF
Vitinha,POR,Genoa,24,2000,2.1,2,0,0,7,4,2,6,0,2,0,0,0,9,7,10,41.2,FW
Dušan Vlahović,SRB,Juventus,24,2000,23.1,7,1,1,27,32,13,6,1,5,0,0,0,56,36,50,41.9,FW
Nikola Vlašić,CRO,Torino,26,1997,28.7,3,0,0,26,35,9,37,11,16,0,0,0,151,25,37,40.3,MF
Alessandro Vogliacco,ITA,Genoa,25,1998,8.7,4,0,0,9,2,0,5,23,10,0,0,0,39,20,14,58.8,DF
Mërgim Vojvoda,KVX,Torino,29,1995,12.4,2,0,0,9,3,3,56,11,5,0,0,0,54,4,7,36.4,DF
Cristian Volpato,ITA,Sassuolo,20,2003,6.1,0,0,0,14,6,1,43,1,8,0,0,0,38,6,5,54.5,MF
Stefan de Vrij,NED,Inter,32,1992,15.6,0,0,0,8,1,0,0,23,12,0,0,0,74,42,23,64.6,DF
Walace,BRA,Udinese,29,1995,32.0,7,0,0,39,43,0,8,37,40,0,0,0,244,24,16,60.0,MF
Sebastian Walukiewicz,POL,Empoli,24,2000,22.0,6,0,0,21,7,2,0,15,27,0,2,0,81,38,45,45.8,DF
Timothy Weah,USA,Juventus,24,2000,11.8,4,0,0,12,8,2,31,5,20,0,0,0,53,10,12,45.5,DF
Shon Weissman,ISR,Salernitana,28,1996,4.3,0,0,0,2,8,0,0,3,3,0,0,0,11,3,9,25.0,FW
Mateusz Wieteska,POL,Cagliari,27,1997,9.2,5,1,1,11,6,0,4,14,10,0,0,0,42,22,14,61.1,DF
Kenan Yıldız,TUR,Juventus,18,2005,9.1,2,0,0,10,16,1,14,0,8,0,0,0,32,16,20,44.4,FW
Mattia Zaccagni,ITA,Lazio,28,1995,18.8,6,0,0,25,68,7,56,20,16,1,0,0,72,11,12,47.8,FW
Player,,Squad,Ag,Born,90s,CrdY,CrdR,2CrdY,Fls,Fld,Off,Crs,Int,TklW,PKwon,PKcon,OG,Recov,Won,Lost,Won%,Po
Nicola Zalewski,POL,Roma,22,2002,9.4,3,1,1,14,24,1,34,8,14,0,0,0,43,7,8,46.7,DF
Andre-Frank Zambo Anguissa,CMR,Napoli,28,1995,27.1,2,0,0,32,33,3,19,25,30,0,0,0,156,42,40,51.2,MF
Alessandro Zanoli,ITA,Salernitana,23,2000,7.1,2,0,0,4,2,1,27,1,9,0,0,1,17,6,8,42.9,DF
Alessandro Zanoli,ITA,Napoli,23,2000,0.6,1,0,0,3,0,0,2,1,1,0,0,0,2,0,2,0.0,DF
Duván Zapata,COL,Torino,33,1991,28.5,2,0,0,46,56,20,48,6,6,0,0,0,75,113,106,51.6,FW
Duván Zapata,COL,Atalanta,33,1991,1.2,0,0,0,1,4,1,6,0,0,0,0,0,6,5,5,50.0,FW
Gabriele Zappa,ITA,Cagliari,24,1999,24.5,2,0,0,20,13,0,63,19,27,0,0,0,89,15,26,36.6,DF
Davide Zappacosta,ITA,Atalanta,31,1992,17.9,5,0,0,19,15,2,69,5,17,0,0,0,87,8,11,42.1,DF
Oier Zarraga,ESP,Udinese,25,1999,3.4,0,0,0,2,2,0,3,5,2,0,0,0,11,2,3,40.0,MF
Jordan Zemura,ZIM,Udinese,24,1999,11.4,1,0,0,15,15,0,21,13,16,0,0,0,40,9,10,47.4,DF
Alessio Zerbin,ITA,Monza,25,1999,5.0,0,0,0,9,11,0,21,3,7,0,0,0,30,1,7,12.5,FW
Alessio Zerbin,ITA,Napoli,25,1999,1.7,0,0,0,7,4,0,7,0,2,0,0,0,6,1,1,50.0,FW
Kevin Zeroli,ITA,Milan,19,2005,0.3,0,0,0,0,0,0,1,0,1,0,0,0,1,1,1,50.0,MF
Piotr Zieliński,POL,Napoli,29,1994,21.4,1,0,0,15,18,0,89,9,15,0,0,0,87,6,11,35.3,MF
David Zima,CZE,Torino,23,2000,1.0,0,0,0,0,1,0,0,3,1,0,0,0,6,2,5,28.6,DF
Joshua Zirkzee,NED,Bologna,22,2001,29.0,8,0,0,26,26,5,8,3,20,0,0,0,98,28,37,43.1,FW
Nadir Zortea,ITA,Frosinone,24,1999,10.0,3,0,0,13,13,0,54,4,13,0,0,0,34,9,16,36.0,DF
Nadir Zortea,ITA,Atalanta,24,1999,1.7,1,0,0,4,2,0,12,1,4,0,0,0,4,0,2,0.0,DF
Szymon Żurkowski,POL,Empoli,26,1997,9.4,3,0,0,18,17,2,5,6,6,0,0,0,37,6,17,26.1,MF
Milan Đurić,BIH,Hellas Verona,33,1990,13.4,2,0,0,26,19,6,1,1,0,0,0,0,25,135,43,75.8,FW
Milan Đurić,BIH,Monza,33,1990,10.5,2,0,0,20,22,1,0,0,5,0,0,0,25,60,34,63.8,FW
Mateusz Łęgowski,POL,Salernitana,21,2003,12.1,3,0,0,22,10,2,6,7,11,0,0,0,60,13,16,44.8,MF
